Stt,Tên,Giới tính,Ngày sinh,Nơi sinh,CCCD,Sdt,email,Địa chỉ nhà,Thẻ tín dụng
1,Đặng Linh,Nữ,1998-03-01,Tỉnh Nghệ An,040198704411,0373747783,nguyenjohn@gmail.com,"Số 154, Đường Nguyễn Huệ, Phường Dịch Vọng, Tỉnh Nghệ An",4744770289659
2,Nguyễn Vân,Nữ,1985-12-23,Tỉnh Lạng Sơn,020185535733,0322323106,nguyenjohn@gmail.com,"Số 81, Đường Lê Lợi, Phường Dịch Vọng, Tỉnh Lạng Sơn",2331122843434075
3,Lê Lan,Nữ,1995-08-12,Tỉnh Lạng Sơn,020195069857,0917017372,lejane@gmail.com,"Số 242, Đường Hoàng Hoa Thám, Phường Bến Nghé, Tỉnh Lạng Sơn",3575346645187697
4,Bùi Quang,Nam,1979-07-21,Tỉnh Cao Bằng,004079271401,0332915331,janepham@gmail.com,"Số 142, Đường Nguyễn Trãi, Phường Dịch Vọng, Tỉnh Cao Bằng",30081363169099
5,Mai Nam,Nam,1969-06-23,Tỉnh Lai Châu,012069151482,0987023477,umai@gmail.com,"Số 250, Đường Lê Duẩn, Phường Lăng Cô, Tỉnh Lai Châu",4416466438454509
6,Vũ Vi,Nữ,1999-08-26,Tỉnh Quảng Trị,044199279373,0901366915,dangjohn@gmail.com,"Số 98, Đường Trần Hưng Đạo, Phường Bến Nghé, Tỉnh Quảng Trị",4250725034741125
7,Mai Hồng,Nữ,1975-10-16,Thành phố Hải Phòng,031175788939,0949507560,janehoang@gmail.com,"Số 191, Đường Đại Cồ Việt, Phường Bách Khoa, Thành phố Hải Phòng",578001624977
8,Vũ Hương,Nữ,1996-05-01,Tỉnh Khánh Hòa,056196241841,0945290078,hpham@gmail.com,"Số 275, Đường Quang Trung, Phường An Khánh, Tỉnh Khánh Hòa",676166695723
9,Trần Xuân,Nữ,1972-08-06,Thành phố Đà Nẵng,048172199616,0399366337,janenguyen@gmail.com,"Số 121, Đường Nguyễn Chí Thanh, Phường Bến Nghé, Thành phố Đà Nẵng",6596371954473338
10,Lê Linh,Nữ,1964-08-26,Tỉnh Cao Bằng,004164488597,0922523754,johnbui@gmail.com,"Số 139, Đường Nguyễn Huệ, Phường Tân Định, Tỉnh Cao Bằng",348280432075686
11,Lê Linh,Nữ,1992-11-03,Thành phố Cần Thơ,092192497726,0929190101,xpham@gmail.com,"Số 112, Đường Nguyễn Trãi, Phường Bách Khoa, Thành phố Cần Thơ",30474245028965
12,Phạm Linh,Nữ,1999-09-26,Tỉnh Lào Cai,015199993689,0962120468,dangjohn@gmail.com,"Số 203, Đường Lê Lợi, Phường Dịch Vọng, Tỉnh Lào Cai",30495536412733
13,Lê Châu,Nam,1976-12-07,Tỉnh Cà Mau,096076719913,0973800371,duongjane@gmail.com,"Số 106, Đường Nguyễn Chí Thanh, Phường Tân Định, Tỉnh Cà Mau",3559850836857166
14,Hoàng Ánh,Nữ,1968-04-28,Tỉnh Bắc Ninh,024168727657,0936796283,jane68@gmail.com,"Số 59, Đường Nguyễn Chí Thanh, Phường Bến Nghé, Tỉnh Bắc Ninh",060495803698
15,Nguyễn Mai,Nữ,2003-10-01,Tỉnh Phú Thọ,025303914663,0569987576,john48@gmail.com,"Số 213, Đường Quang Trung, Phường Dịch Vọng, Tỉnh Phú Thọ",213105055763155
16,Nguyễn Anh,Nam,1990-03-24,Tỉnh Vĩnh Long,086090944845,0704418264,johnle@gmail.com,"Số 98, Đường Cầu Giấy, Phường An Khánh, Tỉnh Vĩnh Long",2463056193661806
17,Lê Bảo,Nam,1978-10-18,Tỉnh Tây Ninh,080078539114,0581273565,gduong@gmail.com,"Số 65, Đường Nguyễn Chí Thanh, Phường Hàng Bài, Tỉnh Tây Ninh",4808925981047
18,Mai Thảo,Nữ,1968-09-21,Tỉnh Đồng Nai,075168954163,0765737900,knguyen@gmail.com,"Số 174, Đường Phạm Văn Đồng, Phường Bến Nghé, Tỉnh Đồng Nai",4736116359217565866
19,Hoàng Tú,Nam,1978-05-22,Thành phố Huế,046078431520,0972036313,john45@gmail.com,"Số 260, Đường Hoàng Hoa Thám, Phường Tân Định, Thành phố Huế",4731120911900
20,Mai Vân,Nữ,1966-08-11,Tỉnh Bắc Ninh,024166474275,0850866745,tranjohn@gmail.com,"Số 186, Đường Nguyễn Trãi, Phường Dịch Vọng, Tỉnh Bắc Ninh",565384333391
21,Trần Hương,Nữ,2005-05-13,Tỉnh Lạng Sơn,020305866900,0395659127,janebui@gmail.com,"Số 296, Đường Giải Phóng, Phường Thạch Thang, Tỉnh Lạng Sơn",2614336771657147
22,Bùi Hương,Nữ,1961-08-18,Tỉnh Tuyên Quang,008161212224,0776666615,johnvu@gmail.com,"Số 62, Đường Cầu Giấy, Phường Bách Khoa, Tỉnh Tuyên Quang",676147375775
23,Đặng Ngọc,Nữ,1963-05-08,Tỉnh Bắc Ninh,024163466111,0941894109,duongjohn@gmail.com,"Số 296, Đường Phạm Văn Đồng, Phường Thạch Thang, Tỉnh Bắc Ninh",30335613422066
24,Đặng Dương,Nữ,1971-07-25,Tỉnh Lạng Sơn,020171678347,0846129095,john43@gmail.com,"Số 72, Đường Quang Trung, Phường Hàng Bài, Tỉnh Lạng Sơn",4166718152696216
25,Mai Dương,Nữ,1999-06-10,Tỉnh Ninh Bình,037199708401,0903067349,johnmai@gmail.com,"Số 188, Đường Trần Hưng Đạo, Phường Dịch Vọng, Tỉnh Ninh Bình",6503069009644372
26,Dương Hưng,Nam,1991-05-27,Tỉnh Tuyên Quang,008091393032,0761897027,jane35@gmail.com,"Số 180, Đường Đại Cồ Việt, Phường Hàng Bài, Tỉnh Tuyên Quang",6502921071544362
27,Nguyễn Ánh,Nữ,1960-11-08,Tỉnh Khánh Hòa,056160203444,0358909538,nguyenjohn@gmail.com,"Số 88, Đường Lê Duẩn, Phường Hàng Bài, Tỉnh Khánh Hòa",4631169576004
28,Mai Hoàng,Nam,1963-04-17,Tỉnh Cà Mau,096063010453,0910364768,vvu@gmail.com,"Số 62, Đường Trường Chinh, Phường Bách Khoa, Tỉnh Cà Mau",374984363266175
29,Vũ Mai,Nữ,1976-12-12,Tỉnh Hà Tĩnh,042176208734,0324239308,vujane@gmail.com,"Số 121, Đường Nguyễn Chí Thanh, Phường Bách Khoa, Tỉnh Hà Tĩnh",4812680713733854
30,Đặng Vân,Nữ,1968-11-03,Tỉnh Bắc Ninh,024168309539,0920051571,ale@gmail.com,"Số 151, Đường Giải Phóng, Phường Bách Khoa, Tỉnh Bắc Ninh",213167551566052
31,Dương Thành,Nam,1968-01-09,Thành phố Huế,046068847660,0761378644,janebui@gmail.com,"Số 87, Đường Trường Chinh, Phường Tân Định, Thành phố Huế",6011356097830517
32,Bùi Ánh,Nữ,1978-12-12,Tỉnh Đồng Nai,075178173618,0941955847,wle@gmail.com,"Số 267, Đường Trường Chinh, Phường Thạch Thang, Tỉnh Đồng Nai",3578523363919678
33,Trần Dương,Nữ,1985-01-19,Tỉnh Hà Tĩnh,042185880827,0588624348,john55@gmail.com,"Số 233, Đường Quang Trung, Phường Thạch Thang, Tỉnh Hà Tĩnh",6011670804148538
34,Nguyễn Ngọc,Nữ,1998-01-25,Tỉnh Đồng Nai,075198384425,0386533401,janedang@gmail.com,"Số 149, Đường Nguyễn Chí Thanh, Phường Bách Khoa, Tỉnh Đồng Nai",2445449632245864
35,Bùi Dương,Nữ,1973-08-27,Tỉnh Điện Biên,011173256279,0842336577,tranjane@gmail.com,"Số 11, Đường Quang Trung, Phường Bách Khoa, Tỉnh Điện Biên",5539303451098443
36,Phạm Vi,Nữ,1994-08-06,Tỉnh An Giang,091194368078,0361368299,janevu@gmail.com,"Số 71, Đường Nguyễn Chí Thanh, Phường Tân Định, Tỉnh An Giang",2712157304088027
37,Lê Yến,Nữ,1990-11-07,Tỉnh Ninh Bình,037190423180,0339384972,johnmai@gmail.com,"Số 15, Đường Nguyễn Huệ, Phường Thạch Thang, Tỉnh Ninh Bình",4462794484905
38,Bùi Nhiên,Nam,1972-03-03,Tỉnh Lào Cai,015072205581,0377819843,john83@gmail.com,"Số 73, Đường Phạm Văn Đồng, Phường Thạch Thang, Tỉnh Lào Cai",30118343424358
39,Nguyễn Nam,Nam,2001-02-21,Tỉnh Hưng Yên,033201317019,0387502230,phamjohn@gmail.com,"Số 267, Đường Phạm Văn Đồng, Phường Tân Định, Tỉnh Hưng Yên",30212171521888
40,Nguyễn Lan,Nữ,1962-01-06,Tỉnh Phú Thọ,025162034567,0865773270,janele@gmail.com,"Số 281, Đường Trần Hưng Đạo, Phường Bách Khoa, Tỉnh Phú Thọ",060413511845
41,Bùi Linh,Nữ,1962-08-26,Tỉnh Bắc Ninh,024162052791,0585932500,hoangjane@gmail.com,"Số 165, Đường Trần Hưng Đạo, Phường Lăng Cô, Tỉnh Bắc Ninh",4131050504041
42,Dương Khoa,Nam,2004-10-13,Tỉnh Cao Bằng,004204879031,0394450673,janevu@gmail.com,"Số 118, Đường Trường Chinh, Phường Bến Nghé, Tỉnh Cao Bằng",3503079553177056
43,Phạm Khoa,Nam,1963-04-13,Tỉnh Đắc Lắc,066063177935,0369447703,duongjane@gmail.com,"Số 111, Đường Trần Hưng Đạo, Phường Bến Nghé, Tỉnh Đắc Lắc",30253722201976
44,Dương Duyên,Nữ,1966-12-02,Tỉnh Lâm Đồng,068166816015,0888697363,johnnguyen@gmail.com,"Số 8, Đường Giải Phóng, Phường Bến Nghé, Tỉnh Lâm Đồng",379625170544982
45,Lê Lan,Nữ,2008-04-11,Tỉnh Lào Cai,015308117251,0794618027,jane16@gmail.com,"Số 143, Đường Nguyễn Chí Thanh, Phường Lăng Cô, Tỉnh Lào Cai",180099144492588
46,Đặng Anh,Nam,1965-09-06,Tỉnh Nghệ An,040065932553,0358296793,gbui@gmail.com,"Số 84, Đường Trần Hưng Đạo, Phường Bến Nghé, Tỉnh Nghệ An",4396213971615
47,Hoàng Hồng,Nữ,1996-04-06,Tỉnh Sơn La,014196129809,0399186762,kduong@gmail.com,"Số 1, Đường Trần Hưng Đạo, Phường Tân Định, Tỉnh Sơn La",30170224033428
48,Bùi Huy,Nam,1982-09-26,Thành phố Huế,046082830473,0846685982,dangjane@gmail.com,"Số 222, Đường Lê Duẩn, Phường Tân Định, Thành phố Huế",2479486510170599
49,Hoàng Vân,Nữ,1972-05-21,Tỉnh Đồng Tháp,082172078144,0347411403,vujohn@gmail.com,"Số 263, Đường Cầu Giấy, Phường Bách Khoa, Tỉnh Đồng Tháp",4449150918851720
50,Vũ Trung,Nam,1993-01-23,Tỉnh Đồng Nai,075093864709,0337356748,johnhoang@gmail.com,"Số 256, Đường Lê Duẩn, Phường Tân Định, Tỉnh Đồng Nai",584969795551
51,Trần Dương,Nữ,2005-06-02,Tỉnh Hà Tĩnh,042305209702,0836538570,nguyenjohn@gmail.com,"Số 258, Đường Lê Lợi, Phường An Khánh, Tỉnh Hà Tĩnh",568706983844
52,Trần Bảo,Nam,1983-07-29,Tỉnh Điện Biên,011083473022,0881380853,maijane@gmail.com,"Số 59, Đường Nguyễn Chí Thanh, Phường Hàng Bài, Tỉnh Điện Biên",4480892429170062
53,Bùi Hồng,Nữ,1966-08-01,Tỉnh Tây Ninh,080166288460,0394465115,johnbui@gmail.com,"Số 167, Đường Hoàng Hoa Thám, Phường Thạch Thang, Tỉnh Tây Ninh",4951934062207360919
54,Dương Phúc,Nam,2007-03-03,Tỉnh Sơn La,014207821926,0981918579,johnbui@gmail.com,"Số 165, Đường Hoàng Hoa Thám, Phường Bến Nghé, Tỉnh Sơn La",6011690250425743
55,Mai Trọng,Nam,1962-01-05,Tỉnh Khánh Hòa,056062480094,0790806250,janemai@gmail.com,"Số 268, Đường Cầu Giấy, Phường Dịch Vọng, Tỉnh Khánh Hòa",4155490053449763
56,Trần Hoàng,Nam,1973-06-30,Tỉnh Bắc Ninh,024073745281,0867115186,john33@gmail.com,"Số 151, Đường Nguyễn Trãi, Phường An Khánh, Tỉnh Bắc Ninh",4704204500354917920
57,Đặng Yến,Nữ,2000-10-29,Tỉnh Thái Nguyên,019300478499,0369722402,johnle@gmail.com,"Số 187, Đường Hai Bà Trưng, Phường Bến Nghé, Tỉnh Thái Nguyên",345303566215234
58,Nguyễn Lan,Nữ,1971-11-12,Tỉnh Vĩnh Long,086171267384,0774693354,john07@gmail.com,"Số 14, Đường Giải Phóng, Phường Hàng Bài, Tỉnh Vĩnh Long",30032977208427
59,Mai Lan,Nữ,2007-10-09,Tỉnh An Giang,091307082473,0390781866,dpham@gmail.com,"Số 167, Đường Giải Phóng, Phường Thạch Thang, Tỉnh An Giang",180079493678300
60,Trần Trọng,Nam,1988-10-19,Tỉnh Gia Lai,052088264962,0852690275,rduong@gmail.com,"Số 108, Đường Trường Chinh, Phường Hàng Bài, Tỉnh Gia Lai",4134383032070857
61,Đặng Dương,Nữ,2001-01-29,Tỉnh Lâm Đồng,068301035993,0389946733,johnpham@gmail.com,"Số 190, Đường Cầu Giấy, Phường Hàng Bài, Tỉnh Lâm Đồng",180087690920722
62,Nguyễn Nam,Nam,1988-11-24,Tỉnh Điện Biên,011088928396,0936566336,janebui@gmail.com,"Số 38, Đường Nguyễn Chí Thanh, Phường Bến Nghé, Tỉnh Điện Biên",348993894885158
63,Bùi Quang,Nam,1967-02-24,Tỉnh Quảng Trị,044067524328,0334284667,johnpham@gmail.com,"Số 92, Đường Trần Hưng Đạo, Phường Bách Khoa, Tỉnh Quảng Trị",4558659667224084
64,Dương Vũ,Nam,1994-02-10,Tỉnh Hà Tĩnh,042094794474,0375638107,john25@gmail.com,"Số 278, Đường Nguyễn Trãi, Phường Hàng Bài, Tỉnh Hà Tĩnh",4538556702277
65,Dương Phúc,Nam,1996-11-07,Tỉnh Phú Thọ,025096285466,0981081235,nguyenjane@gmail.com,"Số 179, Đường Trần Hưng Đạo, Phường Hàng Bài, Tỉnh Phú Thọ",4059541074876553
66,Đặng Vân,Nữ,2004-03-02,Tỉnh Đồng Tháp,082304235863,0369344632,jane68@gmail.com,"Số 109, Đường Nguyễn Trãi, Phường Hàng Bài, Tỉnh Đồng Tháp",3553501043347451
67,Dương Linh,Nữ,1980-09-24,Tỉnh Vĩnh Long,086180563787,0989114331,johnmai@gmail.com,"Số 232, Đường Hai Bà Trưng, Phường Bách Khoa, Tỉnh Vĩnh Long",3577507044030873
68,Hoàng Ánh,Nữ,1993-10-31,Tỉnh Lào Cai,015193894305,0398792630,johnpham@gmail.com,"Số 201, Đường Trường Chinh, Phường Bách Khoa, Tỉnh Lào Cai",4256296324733424
69,Phạm Tú,Nam,2002-02-16,Thành phố Hà Nội,001202190106,0379100467,fbui@gmail.com,"Số 181, Đường Nguyễn Huệ, Phường Lăng Cô, Thành phố Hà Nội",060495370599
70,Đặng Trọng,Nam,1974-08-09,Tỉnh Quảng Trị,044074335293,0393654205,janehoang@gmail.com,"Số 205, Đường Lê Duẩn, Phường Dịch Vọng, Tỉnh Quảng Trị",5467060072678476
71,Mai Hoàng,Nam,1978-10-21,Tỉnh Thái Nguyên,019078948120,0792693032,john33@gmail.com,"Số 257, Đường Trần Hưng Đạo, Phường Lăng Cô, Tỉnh Thái Nguyên",3562773143979256
72,Hoàng Hồng,Nữ,1962-07-12,Thành phố Hồ Chí Minh,079162207323,0396946941,otran@gmail.com,"Số 232, Đường Lê Lợi, Phường Bến Nghé, Thành phố Hồ Chí Minh",675932965741
73,Bùi Châu,Nam,1979-02-22,Tỉnh Đắc Lắc,066079406253,0971435328,vujohn@gmail.com,"Số 124, Đường Lê Duẩn, Phường Lăng Cô, Tỉnh Đắc Lắc",180026597186904
74,Trần Bảo,Nam,1993-10-09,Thành phố Hà Nội,001093567815,0337080917,lvu@gmail.com,"Số 186, Đường Nguyễn Huệ, Phường Dịch Vọng, Thành phố Hà Nội",378428206340322
75,Mai Nam,Nam,2007-08-21,Tỉnh Quảng Ngãi,051207883977,0980154852,dmai@gmail.com,"Số 89, Đường Hoàng Hoa Thám, Phường Thạch Thang, Tỉnh Quảng Ngãi",30517403433334
76,Nguyễn Linh,Nữ,1970-12-25,Tỉnh Vĩnh Long,086170435620,0846137736,jtran@gmail.com,"Số 86, Đường Trường Chinh, Phường Dịch Vọng, Tỉnh Vĩnh Long",213119708774766
77,Trần Thành,Nam,1995-08-21,Tỉnh Lâm Đồng,068095393630,0831259082,cdang@gmail.com,"Số 287, Đường Hoàng Hoa Thám, Phường Hàng Bài, Tỉnh Lâm Đồng",30488836496936
78,Trần Tùng,Nam,1974-12-25,Tỉnh Quảng Ngãi,051074623493,0885364066,janehoang@gmail.com,"Số 4, Đường Hoàng Hoa Thám, Phường Dịch Vọng, Tỉnh Quảng Ngãi",676207403590
79,Đặng Minh,Nam,1971-02-18,Tỉnh Cà Mau,096071546353,0841051689,nguyenjane@gmail.com,"Số 108, Đường Đại Cồ Việt, Phường Tân Định, Tỉnh Cà Mau",4896199389053439
80,Đặng Dương,Nữ,1966-05-21,Tỉnh Lạng Sơn,020166996787,0387636993,dangjane@gmail.com,"Số 119, Đường Hoàng Hoa Thám, Phường Tân Định, Tỉnh Lạng Sơn",180055183897111
81,Nguyễn Dũng,Nam,1998-01-13,Tỉnh Thái Nguyên,019098527154,0841889721,john33@gmail.com,"Số 171, Đường Quang Trung, Phường Bến Nghé, Tỉnh Thái Nguyên",4980341980048473490
82,Bùi Hưng,Nam,1991-06-23,Tỉnh Lào Cai,015091445749,0939816462,jane32@gmail.com,"Số 300, Đường Hai Bà Trưng, Phường Thạch Thang, Tỉnh Lào Cai",3557179493565868
83,Trần Bảo,Nam,1983-07-24,Tỉnh Thanh Hóa,038083048120,0886076097,ibui@gmail.com,"Số 30, Đường Quang Trung, Phường Bách Khoa, Tỉnh Thanh Hóa",4103350420541
84,Hoàng Châu,Nam,1986-09-27,Tỉnh Hà Tĩnh,042086341128,0776684327,odang@gmail.com,"Số 77, Đường Lê Lợi, Phường Tân Định, Tỉnh Hà Tĩnh",6513344304017667
85,Bùi Phúc,Nam,2005-04-28,Tỉnh Tuyên Quang,008205183510,0561784957,vtran@gmail.com,"Số 226, Đường Trần Hưng Đạo, Phường Hàng Bài, Tỉnh Tuyên Quang",213148743601577
86,Vũ Minh,Nam,2005-08-26,Tỉnh Điện Biên,011205552075,0847404322,john77@gmail.com,"Số 186, Đường Phạm Văn Đồng, Phường Lăng Cô, Tỉnh Điện Biên",4310814220240643
87,Bùi Khoa,Nam,1991-05-19,Tỉnh Nghệ An,040091231373,0329023603,phamjane@gmail.com,"Số 216, Đường Quang Trung, Phường Lăng Cô, Tỉnh Nghệ An",4482047288895
88,Hoàng Mai,Nữ,1995-08-10,Tỉnh Gia Lai,052195534585,0376357709,tranjohn@gmail.com,"Số 296, Đường Quang Trung, Phường Bến Nghé, Tỉnh Gia Lai",3549739728605598
89,Nguyễn Quang,Nam,1985-04-14,Tỉnh Quảng Ninh,022085854785,0320577703,maijohn@gmail.com,"Số 74, Đường Nguyễn Trãi, Phường Lăng Cô, Tỉnh Quảng Ninh",060454735949
90,Phạm Ngọc,Nữ,2001-05-22,Tỉnh An Giang,091301850139,0969005985,buijohn@gmail.com,"Số 90, Đường Trần Hưng Đạo, Phường Bách Khoa, Tỉnh An Giang",2229249381435126
91,Mai Hoàng,Nam,1987-03-08,Tỉnh Quảng Trị,044087532878,0844334116,john13@gmail.com,"Số 273, Đường Nguyễn Trãi, Phường Thạch Thang, Tỉnh Quảng Trị",4983031193437827
92,Nguyễn Dương,Nữ,1972-05-01,Tỉnh Ninh Bình,037172133235,0966710227,johnnguyen@gmail.com,"Số 184, Đường Phạm Văn Đồng, Phường Hàng Bài, Tỉnh Ninh Bình",3526615533111955
93,Bùi Trung,Nam,1965-08-06,Tỉnh Đồng Nai,075065936829,0922277928,johnbui@gmail.com,"Số 237, Đường Hoàng Hoa Thám, Phường Tân Định, Tỉnh Đồng Nai",347465689728134
94,Dương Hồng,Nữ,1967-01-21,Tỉnh Gia Lai,052167771872,0580764687,phamjohn@gmail.com,"Số 296, Đường Hoàng Hoa Thám, Phường Bến Nghé, Tỉnh Gia Lai",4625199782970
95,Hoàng Quang,Nam,1996-06-29,Tỉnh Khánh Hòa,056096127652,0364246436,johnle@gmail.com,"Số 210, Đường Nguyễn Trãi, Phường Hàng Bài, Tỉnh Khánh Hòa",675912159323
96,Hoàng Trung,Nam,1971-05-20,Tỉnh Hà Tĩnh,042071076709,0799075981,stran@gmail.com,"Số 219, Đường Nguyễn Trãi, Phường Tân Định, Tỉnh Hà Tĩnh",4153996799873
97,Đặng Khoa,Nam,1984-06-21,Tỉnh Lạng Sơn,020084853473,0348579753,zduong@gmail.com,"Số 109, Đường Trường Chinh, Phường Dịch Vọng, Tỉnh Lạng Sơn",3595475151592739
98,Dương Hương,Nữ,1969-02-12,Tỉnh Sơn La,014169614980,0371576844,jane96@gmail.com,"Số 24, Đường Nguyễn Chí Thanh, Phường Thạch Thang, Tỉnh Sơn La",341484549858110
99,Đặng Huy,Nam,1996-11-01,Tỉnh Khánh Hòa,056096821300,0333639367,tranjohn@gmail.com,"Số 256, Đường Hai Bà Trưng, Phường Bách Khoa, Tỉnh Khánh Hòa",4640743251802637009
100,Dương Yến,Nữ,2004-11-14,Tỉnh Đồng Tháp,082304176790,0348824133,john17@gmail.com,"Số 35, Đường Nguyễn Trãi, Phường Dịch Vọng, Tỉnh Đồng Tháp",180019415987843
101,Bùi Chi,Nữ,1968-12-10,Tỉnh Lào Cai,015168553213,0969452266,john92@gmail.com,"Số 214, Đường Lê Lợi, Phường Thạch Thang, Tỉnh Lào Cai",347407431698546
102,Lê Quang,Nam,1976-09-15,Tỉnh Khánh Hòa,056076513595,0827266080,duongjohn@gmail.com,"Số 196, Đường Trường Chinh, Phường Lăng Cô, Tỉnh Khánh Hòa",2249217348451565
103,Đặng Mai,Nữ,1985-09-05,Thành phố Hồ Chí Minh,079185454928,0345039394,fpham@gmail.com,"Số 256, Đường Trần Hưng Đạo, Phường Hàng Bài, Thành phố Hồ Chí Minh",30363711998886
104,Dương Quang,Nam,2006-12-13,Tỉnh Tuyên Quang,008206755833,0366929652,vmai@gmail.com,"Số 159, Đường Hoàng Hoa Thám, Phường An Khánh, Tỉnh Tuyên Quang",4317439420915282
105,Vũ Phúc,Nam,1964-09-30,Tỉnh Quảng Ngãi,051064569427,0367664005,johntran@gmail.com,"Số 14, Đường Lê Lợi, Phường Tân Định, Tỉnh Quảng Ngãi",4343567182435644456
106,Vũ Hồng,Nữ,1996-07-12,Tỉnh Thanh Hóa,038196981862,0786822374,jane56@gmail.com,"Số 131, Đường Quang Trung, Phường An Khánh, Tỉnh Thanh Hóa",4924726805539438525
107,Vũ Châu,Nam,1985-08-07,Tỉnh Quảng Ngãi,051085680623,0963739366,johnpham@gmail.com,"Số 137, Đường Trần Hưng Đạo, Phường Dịch Vọng, Tỉnh Quảng Ngãi",4098659216313716
108,Nguyễn Lan,Nữ,1973-03-12,Tỉnh Quảng Ngãi,051173830531,0329347323,phamjane@gmail.com,"Số 296, Đường Nguyễn Trãi, Phường Hàng Bài, Tỉnh Quảng Ngãi",3585655937510160
109,Nguyễn Nhiên,Nam,1975-01-11,Thành phố Huế,046075281034,0333226442,utran@gmail.com,"Số 127, Đường Lê Duẩn, Phường Thạch Thang, Thành phố Huế",4186237593440
110,Mai Thành,Nam,1995-01-19,Tỉnh Lai Châu,012095486982,0923157072,jane30@gmail.com,"Số 166, Đường Lê Duẩn, Phường Tân Định, Tỉnh Lai Châu",347319935869608
111,Dương Anh,Nam,1987-05-21,Tỉnh Gia Lai,052087293201,0855959579,ovu@gmail.com,"Số 295, Đường Lê Duẩn, Phường An Khánh, Tỉnh Gia Lai",4401179748437372
112,Trần Ngọc,Nữ,1978-05-08,Tỉnh Sơn La,014178473377,0398759683,buijane@gmail.com,"Số 107, Đường Hoàng Hoa Thám, Phường Thạch Thang, Tỉnh Sơn La",4935272564179767
113,Trần Minh,Nam,1992-08-13,Thành phố Hồ Chí Minh,079092509652,0938907513,phamjohn@gmail.com,"Số 291, Đường Cầu Giấy, Phường Bách Khoa, Thành phố Hồ Chí Minh",4824740256884698244
114,Mai Tùng,Nam,1988-05-27,Tỉnh Lai Châu,012088321347,0903119244,ubui@gmail.com,"Số 106, Đường Trần Hưng Đạo, Phường An Khánh, Tỉnh Lai Châu",4415742390998142
115,Bùi Minh,Nam,2002-06-23,Tỉnh Đắc Lắc,066202368161,0329840074,john69@gmail.com,"Số 235, Đường Cầu Giấy, Phường Hàng Bài, Tỉnh Đắc Lắc",4888049729415
116,Hoàng Vân,Nữ,1990-08-31,Tỉnh Lào Cai,015190349856,0798134515,janehoang@gmail.com,"Số 258, Đường Cầu Giấy, Phường An Khánh, Tỉnh Lào Cai",180081494787056
117,Trần Hưng,Nam,2006-02-03,Tỉnh Khánh Hòa,056206573519,0562480786,adang@gmail.com,"Số 102, Đường Đại Cồ Việt, Phường Bến Nghé, Tỉnh Khánh Hòa",4802619232767
118,Bùi Vân,Nữ,1997-08-14,Tỉnh Thái Nguyên,019197869077,0561330038,janetran@gmail.com,"Số 127, Đường Nguyễn Trãi, Phường Bến Nghé, Tỉnh Thái Nguyên",2239669215767212
119,Bùi Vân,Nữ,1970-02-07,Tỉnh Lâm Đồng,068170011810,0325375225,john36@gmail.com,"Số 134, Đường Trần Hưng Đạo, Phường Lăng Cô, Tỉnh Lâm Đồng",3525453868922361
120,Hoàng Quang,Nam,1968-02-22,Tỉnh Hưng Yên,033068352374,0768559573,janehoang@gmail.com,"Số 293, Đường Phạm Văn Đồng, Phường Thạch Thang, Tỉnh Hưng Yên",4899437651502163433
121,Dương Nam,Nam,1995-12-10,Tỉnh Tuyên Quang,008095571175,0972869327,johndang@gmail.com,"Số 125, Đường Cầu Giấy, Phường Bến Nghé, Tỉnh Tuyên Quang",4058412442174
122,Nguyễn Hương,Nữ,1990-08-25,Tỉnh Phú Thọ,025190424412,0843789990,jane07@gmail.com,"Số 105, Đường Cầu Giấy, Phường Lăng Cô, Tỉnh Phú Thọ",213115580518859
123,Dương Thành,Nam,1976-06-28,Tỉnh Phú Thọ,025076121106,0347891143,cduong@gmail.com,"Số 196, Đường Giải Phóng, Phường Hàng Bài, Tỉnh Phú Thọ",2720561096811647
124,Bùi Tú,Nam,2003-04-26,Tỉnh Thanh Hóa,038203656844,0940406240,buijane@gmail.com,"Số 54, Đường Trần Hưng Đạo, Phường Bách Khoa, Tỉnh Thanh Hóa",6568055912050130
125,Nguyễn Ánh,Nữ,1963-05-19,Tỉnh Vĩnh Long,086163195108,0880378714,john48@gmail.com,"Số 129, Đường Cầu Giấy, Phường Bến Nghé, Tỉnh Vĩnh Long",4483359977885
126,Trần Châu,Nam,1974-01-01,Tỉnh Hưng Yên,033074657998,0834034342,wdang@gmail.com,"Số 253, Đường Quang Trung, Phường Bách Khoa, Tỉnh Hưng Yên",3585526539111600
127,Lê Nam,Nam,1972-10-18,Tỉnh Cao Bằng,004072954146,0852536458,janemai@gmail.com,"Số 275, Đường Đại Cồ Việt, Phường An Khánh, Tỉnh Cao Bằng",5197185918576027
128,Phạm Trung,Nam,1968-01-29,Tỉnh Tuyên Quang,008068597135,0923565424,janepham@gmail.com,"Số 15, Đường Nguyễn Chí Thanh, Phường Bách Khoa, Tỉnh Tuyên Quang",30082493772513
129,Nguyễn Hương,Nữ,1984-03-24,Tỉnh Cà Mau,096184311426,0858655849,duongjohn@gmail.com,"Số 251, Đường Trường Chinh, Phường Tân Định, Tỉnh Cà Mau",378560637088219
130,Mai Dương,Nữ,1984-06-09,Tỉnh Nghệ An,040184174264,0914655789,janeduong@gmail.com,"Số 38, Đường Trường Chinh, Phường Bến Nghé, Tỉnh Nghệ An",630453207007
131,Bùi Vân,Nữ,2005-02-25,Tỉnh Đắc Lắc,066305533968,0323440336,jane40@gmail.com,"Số 175, Đường Nguyễn Huệ, Phường Thạch Thang, Tỉnh Đắc Lắc",341527380662742
132,Trần Tú,Nam,1971-01-22,Tỉnh An Giang,091071980011,0761964104,smai@gmail.com,"Số 99, Đường Nguyễn Chí Thanh, Phường Bách Khoa, Tỉnh An Giang",4826973256016298
133,Dương Dương,Nữ,1995-04-20,Tỉnh Hà Tĩnh,042195764836,0393143625,jane16@gmail.com,"Số 84, Đường Trần Hưng Đạo, Phường Bến Nghé, Tỉnh Hà Tĩnh",4560505499552885
134,Dương Bảo,Nam,1988-02-24,Tỉnh Lâm Đồng,068088249100,0560237676,zdang@gmail.com,"Số 31, Đường Lê Duẩn, Phường Hàng Bài, Tỉnh Lâm Đồng",3546945739201557
135,Trần Vân,Nữ,1970-04-23,Tỉnh Hưng Yên,033170227726,0396786820,johnle@gmail.com,"Số 16, Đường Cầu Giấy, Phường Bến Nghé, Tỉnh Hưng Yên",4807491214833
136,Dương Thành,Nam,1960-11-27,Thành phố Đà Nẵng,048060262610,0820642198,tranjane@gmail.com,"Số 33, Đường Trường Chinh, Phường Bách Khoa, Thành phố Đà Nẵng",3540922950229852
137,Lê Tú,Nam,1964-11-30,Tỉnh Đồng Tháp,082064824847,0321840203,johnbui@gmail.com,"Số 275, Đường Trần Hưng Đạo, Phường Bến Nghé, Tỉnh Đồng Tháp",4290564974874642
138,Phạm Khoa,Nam,1965-05-20,Tỉnh Đắc Lắc,066065180793,0525056530,ghoang@gmail.com,"Số 173, Đường Đại Cồ Việt, Phường Thạch Thang, Tỉnh Đắc Lắc",6542604290926709
139,Nguyễn Nam,Nam,1972-06-23,Thành phố Huế,046072279969,0766248424,john51@gmail.com,"Số 115, Đường Đại Cồ Việt, Phường An Khánh, Thành phố Huế",3513513907156356
140,Lê Ánh,Nữ,1984-12-19,Tỉnh Thanh Hóa,038184332417,0841241320,jane19@gmail.com,"Số 208, Đường Trần Hưng Đạo, Phường Lăng Cô, Tỉnh Thanh Hóa",4128459812371
141,Vũ Trung,Nam,1976-04-14,Thành phố Đà Nẵng,048076737891,0320754139,janevu@gmail.com,"Số 252, Đường Quang Trung, Phường Hàng Bài, Thành phố Đà Nẵng",344253822471629
142,Trần Xuân,Nữ,1989-06-28,Tỉnh Lâm Đồng,068189231177,0931652561,duongjane@gmail.com,"Số 39, Đường Trường Chinh, Phường Lăng Cô, Tỉnh Lâm Đồng",3547264381826474
143,Lê Vân,Nữ,2003-05-19,Tỉnh Hà Tĩnh,042303809037,0765960154,johnduong@gmail.com,"Số 159, Đường Nguyễn Trãi, Phường Bến Nghé, Tỉnh Hà Tĩnh",4648539032427
144,Dương Hương,Nữ,1983-08-03,Tỉnh Lâm Đồng,068183631014,0900358829,jane12@gmail.com,"Số 206, Đường Giải Phóng, Phường Lăng Cô, Tỉnh Lâm Đồng",5365299158344495
145,Đặng Khoa,Nam,1965-04-07,Thành phố Hải Phòng,031065566701,0963490255,tranjohn@gmail.com,"Số 203, Đường Cầu Giấy, Phường Dịch Vọng, Thành phố Hải Phòng",568562634564
146,Nguyễn Thảo,Nữ,1990-04-28,Tỉnh Sơn La,014190342694,0850012072,johnmai@gmail.com,"Số 123, Đường Cầu Giấy, Phường Lăng Cô, Tỉnh Sơn La",6011704244832920
147,Bùi Lan,Nữ,1988-01-31,Tỉnh Vĩnh Long,086188010118,0788311908,lejane@gmail.com,"Số 112, Đường Lê Duẩn, Phường Hàng Bài, Tỉnh Vĩnh Long",4986319518802248214
148,Trần Châu,Nam,1977-05-07,Thành phố Cần Thơ,092077209770,0583939923,nguyenjane@gmail.com,"Số 174, Đường Phạm Văn Đồng, Phường Lăng Cô, Thành phố Cần Thơ",4889574548227865215
149,Đặng Linh,Nữ,1982-02-05,Tỉnh Cao Bằng,004182008297,0385305837,johnbui@gmail.com,"Số 194, Đường Lê Lợi, Phường Bách Khoa, Tỉnh Cao Bằng",4782558329750254
150,Dương Linh,Nữ,2007-06-17,Tỉnh Vĩnh Long,086307173256,0380076713,jane13@gmail.com,"Số 294, Đường Giải Phóng, Phường Tân Định, Tỉnh Vĩnh Long",4331823454079507
151,Hoàng Dương,Nữ,1973-10-13,Tỉnh Bắc Ninh,024173470382,0825866639,ctran@gmail.com,"Số 160, Đường Lê Duẩn, Phường Thạch Thang, Tỉnh Bắc Ninh",4888388384897978361
152,Lê Thảo,Nữ,1978-10-16,Tỉnh Thái Nguyên,019178341698,0324703388,janeduong@gmail.com,"Số 224, Đường Quang Trung, Phường Lăng Cô, Tỉnh Thái Nguyên",180064974153536
153,Nguyễn Quang,Nam,1984-03-22,Thành phố Huế,046084195449,0794832319,dangjane@gmail.com,"Số 28, Đường Nguyễn Trãi, Phường Hàng Bài, Thành phố Huế",344909811308623
154,Bùi Vân,Nữ,1966-06-06,Thành phố Hồ Chí Minh,079166791915,0929213435,janepham@gmail.com,"Số 86, Đường Lê Duẩn, Phường Lăng Cô, Thành phố Hồ Chí Minh",3562047629811485
155,Bùi Hồng,Nữ,1980-09-11,Tỉnh Phú Thọ,025180904762,0526179586,duongjane@gmail.com,"Số 193, Đường Quang Trung, Phường Bến Nghé, Tỉnh Phú Thọ",4283889486202704
156,Bùi Hương,Nữ,1997-01-12,Tỉnh Lào Cai,015197654970,0701862355,otran@gmail.com,"Số 265, Đường Phạm Văn Đồng, Phường Thạch Thang, Tỉnh Lào Cai",3509476027944224
157,Mai Châu,Nam,1964-10-23,Tỉnh Ninh Bình,037064269649,0944166823,wdang@gmail.com,"Số 242, Đường Trần Hưng Đạo, Phường An Khánh, Tỉnh Ninh Bình",4664835533484596
158,Hoàng Lan,Nữ,2001-11-07,Tỉnh Lâm Đồng,068301452157,0919868110,hdang@gmail.com,"Số 71, Đường Nguyễn Chí Thanh, Phường An Khánh, Tỉnh Lâm Đồng",4924084451258
159,Đặng Hưng,Nam,1992-06-14,Thành phố Đà Nẵng,048092041662,0362358360,john82@gmail.com,"Số 282, Đường Trường Chinh, Phường Lăng Cô, Thành phố Đà Nẵng",587518530494
160,Hoàng Vũ,Nam,1978-07-26,Tỉnh Cao Bằng,004078967627,0976972689,vujohn@gmail.com,"Số 248, Đường Quang Trung, Phường Hàng Bài, Tỉnh Cao Bằng",4712355018822816
161,Dương Châu,Nam,1999-12-19,Tỉnh Tuyên Quang,008099765752,0928538888,dbui@gmail.com,"Số 233, Đường Nguyễn Chí Thanh, Phường Thạch Thang, Tỉnh Tuyên Quang",4535769409461213436
162,Phạm Mai,Nữ,1985-01-19,Tỉnh Quảng Trị,044185673741,0784655063,hoangjohn@gmail.com,"Số 270, Đường Hai Bà Trưng, Phường An Khánh, Tỉnh Quảng Trị",378383957185212
163,Dương Tú,Nam,1986-11-15,Tỉnh Thanh Hóa,038086858765,0828387423,ohoang@gmail.com,"Số 55, Đường Giải Phóng, Phường Tân Định, Tỉnh Thanh Hóa",30008445592048
164,Bùi Quang,Nam,1978-08-16,Thành phố Đà Nẵng,048078163031,0895260263,lejane@gmail.com,"Số 242, Đường Quang Trung, Phường An Khánh, Thành phố Đà Nẵng",4951538867614521
165,Nguyễn Hương,Nữ,1976-10-15,Tỉnh Gia Lai,052176313106,0522368749,john34@gmail.com,"Số 28, Đường Nguyễn Trãi, Phường Lăng Cô, Tỉnh Gia Lai",3550562043734299
166,Phạm Vi,Nữ,1993-08-14,Tỉnh Khánh Hòa,056193691720,0892563854,jane76@gmail.com,"Số 74, Đường Nguyễn Huệ, Phường An Khánh, Tỉnh Khánh Hòa",4059998582922255
167,Hoàng Linh,Nữ,1993-07-19,Tỉnh Nghệ An,040193973008,0353629397,jane26@gmail.com,"Số 286, Đường Hai Bà Trưng, Phường Dịch Vọng, Tỉnh Nghệ An",213193120751504
168,Đặng Khoa,Nam,1963-05-05,Tỉnh Vĩnh Long,086063269737,0880530193,janetran@gmail.com,"Số 168, Đường Hai Bà Trưng, Phường Bến Nghé, Tỉnh Vĩnh Long",2495046463055328
169,Lê Thảo,Nữ,1974-11-28,Tỉnh Hưng Yên,033174371367,0924128824,nguyenjane@gmail.com,"Số 164, Đường Cầu Giấy, Phường Bến Nghé, Tỉnh Hưng Yên",180079438353829
170,Lê Dương,Nữ,2003-10-07,Thành phố Hải Phòng,031303518029,0767567269,janeduong@gmail.com,"Số 257, Đường Trần Hưng Đạo, Phường Tân Định, Thành phố Hải Phòng",4081331465892290
171,Phạm Tú,Nam,1989-06-30,Tỉnh Đồng Tháp,082089443871,0772640545,tduong@gmail.com,"Số 214, Đường Nguyễn Huệ, Phường Hàng Bài, Tỉnh Đồng Tháp",4592632791207091952
172,Nguyễn Ánh,Nữ,2000-01-07,Tỉnh Quảng Ngãi,051300195986,0935455901,rnguyen@gmail.com,"Số 38, Đường Lê Duẩn, Phường Tân Định, Tỉnh Quảng Ngãi",4872871501362306
173,Vũ Khoa,Nam,1977-10-01,Tỉnh Khánh Hòa,056077811271,0361063867,janenguyen@gmail.com,"Số 92, Đường Nguyễn Trãi, Phường Thạch Thang, Tỉnh Khánh Hòa",4870583360119097
174,Hoàng Khoa,Nam,1991-04-15,Thành phố Huế,046091149603,0833901044,john93@gmail.com,"Số 68, Đường Cầu Giấy, Phường Bến Nghé, Thành phố Huế",4865875429296560
175,Lê Mai,Nữ,1979-05-14,Tỉnh Sơn La,014179030068,0566232548,fmai@gmail.com,"Số 253, Đường Quang Trung, Phường Bách Khoa, Tỉnh Sơn La",4780420797075197
176,Hoàng Hương,Nữ,1967-07-05,Tỉnh Lạng Sơn,020167724923,0397812758,maijohn@gmail.com,"Số 293, Đường Nguyễn Huệ, Phường Bách Khoa, Tỉnh Lạng Sơn",2710261220762319
177,Mai Duyên,Nữ,2008-04-19,Tỉnh Đắc Lắc,066308915906,0929100131,johnbui@gmail.com,"Số 189, Đường Lê Duẩn, Phường Hàng Bài, Tỉnh Đắc Lắc",6571738037186294
178,Nguyễn Hồng,Nữ,1963-04-01,Thành phố Đà Nẵng,048163200219,0931263400,nguyenjohn@gmail.com,"Số 95, Đường Nguyễn Trãi, Phường Lăng Cô, Thành phố Đà Nẵng",374986918253764
179,Lê Quang,Nam,1974-09-22,Tỉnh Lạng Sơn,020074701382,0341717492,janevu@gmail.com,"Số 45, Đường Hai Bà Trưng, Phường Lăng Cô, Tỉnh Lạng Sơn",3553095537785110
180,Trần Dũng,Nam,1996-07-23,Tỉnh Điện Biên,011096775762,0971733108,buijane@gmail.com,"Số 300, Đường Lê Lợi, Phường Tân Định, Tỉnh Điện Biên",4829190384691
181,Nguyễn Hưng,Nam,1965-08-15,Tỉnh Thái Nguyên,019065234495,0936627958,knguyen@gmail.com,"Số 181, Đường Nguyễn Huệ, Phường Thạch Thang, Tỉnh Thái Nguyên",342168506355223
182,Mai Hương,Nữ,1983-07-01,Tỉnh Gia Lai,052183980311,0781005481,rvu@gmail.com,"Số 36, Đường Giải Phóng, Phường Tân Định, Tỉnh Gia Lai",6526213904874295
183,Trần Xuân,Nữ,2000-02-27,Tỉnh Tuyên Quang,008300022624,0830754750,stran@gmail.com,"Số 150, Đường Lê Duẩn, Phường Bến Nghé, Tỉnh Tuyên Quang",213105149178071
184,Vũ Thành,Nam,1965-12-28,Thành phố Hải Phòng,031065301553,0398264286,maijane@gmail.com,"Số 189, Đường Đại Cồ Việt, Phường Dịch Vọng, Thành phố Hải Phòng",4618547797784994
185,Mai Hưng,Nam,1996-06-01,Tỉnh Lào Cai,015096993903,0847026890,ptran@gmail.com,"Số 149, Đường Hai Bà Trưng, Phường Bách Khoa, Tỉnh Lào Cai",346995279830610
186,Đặng Duyên,Nữ,2006-09-25,Tỉnh Thái Nguyên,019306102948,0706677193,johnvu@gmail.com,"Số 26, Đường Phạm Văn Đồng, Phường Lăng Cô, Tỉnh Thái Nguyên",4630653075102117
187,Trần Thành,Nam,1965-11-05,Tỉnh Sơn La,014065285129,0770348359,johnnguyen@gmail.com,"Số 34, Đường Quang Trung, Phường Bến Nghé, Tỉnh Sơn La",4428229681399
188,Đặng Trọng,Nam,1995-03-14,Tỉnh Lạng Sơn,020095410168,0917734654,dangjohn@gmail.com,"Số 8, Đường Phạm Văn Đồng, Phường An Khánh, Tỉnh Lạng Sơn",4129496597829336170
189,Bùi Mai,Nữ,1975-03-19,Tỉnh Cà Mau,096175275137,0982228198,tranjohn@gmail.com,"Số 57, Đường Hoàng Hoa Thám, Phường Thạch Thang, Tỉnh Cà Mau",6504812418619652
190,Nguyễn Duyên,Nữ,1965-06-20,Tỉnh Cà Mau,096165046110,0850716590,jane18@gmail.com,"Số 89, Đường Giải Phóng, Phường Hàng Bài, Tỉnh Cà Mau",675984268408
191,Phạm Ngọc,Nữ,1987-06-10,Tỉnh Khánh Hòa,056187970980,0784033949,jane19@gmail.com,"Số 43, Đường Cầu Giấy, Phường An Khánh, Tỉnh Khánh Hòa",5257052795123181
192,Trần Lan,Nữ,1961-02-10,Tỉnh Phú Thọ,025161112282,0812765223,iduong@gmail.com,"Số 124, Đường Đại Cồ Việt, Phường Hàng Bài, Tỉnh Phú Thọ",3537272493079959
193,Mai Minh,Nam,1974-07-05,Tỉnh Quảng Trị,044074247167,0844976823,jane42@gmail.com,"Số 255, Đường Nguyễn Trãi, Phường Hàng Bài, Tỉnh Quảng Trị",347458985336819
194,Bùi Quang,Nam,1981-08-20,Tỉnh Đồng Tháp,082081046276,0826643323,jane88@gmail.com,"Số 170, Đường Phạm Văn Đồng, Phường Tân Định, Tỉnh Đồng Tháp",6516131253353111
195,Trần Ánh,Nữ,1974-01-01,Tỉnh Thái Nguyên,019174720372,0978963713,knguyen@gmail.com,"Số 2, Đường Cầu Giấy, Phường Hàng Bài, Tỉnh Thái Nguyên",4756029854349
196,Hoàng Yến,Nữ,1970-08-01,Thành phố Hải Phòng,031170536378,0852711101,john20@gmail.com,"Số 243, Đường Cầu Giấy, Phường Bến Nghé, Thành phố Hải Phòng",343799860435786
197,Phạm Hồng,Nữ,1991-01-30,Tỉnh Cà Mau,096191355950,0947003816,john19@gmail.com,"Số 112, Đường Nguyễn Trãi, Phường Bến Nghé, Tỉnh Cà Mau",2261614171869140
198,Lê Nhiên,Nam,1984-01-24,Tỉnh Hà Tĩnh,042084416614,0939732935,jane79@gmail.com,"Số 90, Đường Lê Lợi, Phường Tân Định, Tỉnh Hà Tĩnh",2292742535410906
199,Mai Trọng,Nam,1985-10-26,Tỉnh Cà Mau,096085322730,0895509399,johnbui@gmail.com,"Số 106, Đường Giải Phóng, Phường Lăng Cô, Tỉnh Cà Mau",345756244698859
200,Đặng Hương,Nữ,2001-10-11,Tỉnh Đồng Nai,075301771422,0985600983,john32@gmail.com,"Số 201, Đường Nguyễn Huệ, Phường Thạch Thang, Tỉnh Đồng Nai",4459104251149462
201,Phạm Tùng,Nam,1993-03-31,Tỉnh Vĩnh Long,086093405737,0899672289,dangjohn@gmail.com,"Số 120, Đường Nguyễn Huệ, Phường Dịch Vọng, Tỉnh Vĩnh Long",3534807652502748
202,Đặng Khoa,Nam,1960-11-26,Tỉnh Thái Nguyên,019060992680,0560029161,johnmai@gmail.com,"Số 249, Đường Cầu Giấy, Phường Bách Khoa, Tỉnh Thái Nguyên",3557312734243348
203,Lê Yến,Nữ,1996-07-22,Thành phố Hải Phòng,031196727238,0778898042,dangjohn@gmail.com,"Số 10, Đường Hoàng Hoa Thám, Phường Lăng Cô, Thành phố Hải Phòng",4730090478016975
204,Trần Vân,Nữ,1982-06-17,Tỉnh Cao Bằng,004182057031,0765849793,buijohn@gmail.com,"Số 155, Đường Quang Trung, Phường An Khánh, Tỉnh Cao Bằng",4969372972057115
205,Mai Dương,Nữ,2004-09-03,Tỉnh Phú Thọ,025304750410,0828506450,dangjane@gmail.com,"Số 41, Đường Phạm Văn Đồng, Phường Dịch Vọng, Tỉnh Phú Thọ",6533190499293076
206,Lê Quang,Nam,1991-11-11,Tỉnh Hưng Yên,033091653622,0341944358,dangjane@gmail.com,"Số 67, Đường Cầu Giấy, Phường Tân Định, Tỉnh Hưng Yên",38761309284688
207,Bùi Vân,Nữ,1983-08-20,Tỉnh Hà Tĩnh,042183743507,0836620392,nguyenjane@gmail.com,"Số 184, Đường Trần Hưng Đạo, Phường Hàng Bài, Tỉnh Hà Tĩnh",4609764096388
208,Trần Vũ,Nam,2003-06-24,Tỉnh Lào Cai,015203710013,0708749453,gbui@gmail.com,"Số 187, Đường Nguyễn Huệ, Phường Bến Nghé, Tỉnh Lào Cai",4550844027761649
209,Đặng Tú,Nam,1970-04-14,Tỉnh Đắc Lắc,066070254007,0983659298,john00@gmail.com,"Số 182, Đường Lê Duẩn, Phường An Khánh, Tỉnh Đắc Lắc",3523687182544300
210,Hoàng Quang,Nam,1965-10-14,Tỉnh Lạng Sơn,020065415966,0818832412,jane03@gmail.com,"Số 66, Đường Quang Trung, Phường Thạch Thang, Tỉnh Lạng Sơn",2284969741373723
211,Đặng Thảo,Nữ,1961-12-01,Tỉnh Quảng Ngãi,051161357152,0765491672,jduong@gmail.com,"Số 175, Đường Nguyễn Trãi, Phường Lăng Cô, Tỉnh Quảng Ngãi",575823912283
212,Phạm Hồng,Nữ,1976-07-07,Tỉnh Vĩnh Long,086176202990,0906450344,johnle@gmail.com,"Số 91, Đường Hai Bà Trưng, Phường Dịch Vọng, Tỉnh Vĩnh Long",377787059250982
213,Dương Hồng,Nữ,2004-04-16,Tỉnh Sơn La,014304380217,0906557580,john01@gmail.com,"Số 105, Đường Trần Hưng Đạo, Phường Hàng Bài, Tỉnh Sơn La",6011883123808571
214,Mai Vân,Nữ,1969-03-27,Tỉnh Quảng Ngãi,051169201377,0946366364,tranjohn@gmail.com,"Số 156, Đường Đại Cồ Việt, Phường Dịch Vọng, Tỉnh Quảng Ngãi",3567647232191392
215,Lê Trọng,Nam,2003-01-11,Tỉnh Cà Mau,096203131560,0359330137,janevu@gmail.com,"Số 12, Đường Lê Lợi, Phường Lăng Cô, Tỉnh Cà Mau",3536317351000133
216,Hoàng Quang,Nam,2003-12-23,Tỉnh Quảng Ngãi,051203470537,0587673194,fle@gmail.com,"Số 64, Đường Cầu Giấy, Phường Bách Khoa, Tỉnh Quảng Ngãi",583692625374
217,Hoàng Ánh,Nữ,1968-05-11,Tỉnh Hà Tĩnh,042168935488,0943310476,phamjane@gmail.com,"Số 50, Đường Hai Bà Trưng, Phường Dịch Vọng, Tỉnh Hà Tĩnh",3514761019307768
218,Mai Anh,Nam,1980-11-23,Tỉnh Điện Biên,011080304509,0362010718,buijohn@gmail.com,"Số 239, Đường Nguyễn Trãi, Phường Bách Khoa, Tỉnh Điện Biên",4546998931357061041
219,Dương Duyên,Nữ,1993-02-06,Tỉnh Lạng Sơn,020193997167,0894336300,jane93@gmail.com,"Số 205, Đường Hai Bà Trưng, Phường Lăng Cô, Tỉnh Lạng Sơn",341880621794281
220,Phạm Nam,Nam,1963-12-28,Tỉnh Cao Bằng,004063301841,0982221093,johnvu@gmail.com,"Số 107, Đường Lê Duẩn, Phường Hàng Bài, Tỉnh Cao Bằng",4535507354440983716
221,Vũ Châu,Nam,2003-10-16,Tỉnh Phú Thọ,025203677545,0859531567,janenguyen@gmail.com,"Số 252, Đường Lê Duẩn, Phường Bến Nghé, Tỉnh Phú Thọ",213102255274190
222,Vũ Lan,Nữ,2005-11-16,Thành phố Cần Thơ,092305402537,0564757058,john22@gmail.com,"Số 294, Đường Phạm Văn Đồng, Phường Bến Nghé, Thành phố Cần Thơ",4003777453038541
223,Dương Minh,Nam,1964-12-11,Tỉnh Cà Mau,096064171252,0844177769,xtran@gmail.com,"Số 230, Đường Hoàng Hoa Thám, Phường Dịch Vọng, Tỉnh Cà Mau",3520418145261565
224,Phạm Trung,Nam,1977-03-21,Tỉnh Lâm Đồng,068077857739,0382573249,nmai@gmail.com,"Số 116, Đường Nguyễn Chí Thanh, Phường Bách Khoa, Tỉnh Lâm Đồng",4078084715012
225,Bùi Quang,Nam,1987-02-19,Tỉnh Đắc Lắc,066087734314,0395809204,iduong@gmail.com,"Số 273, Đường Lê Lợi, Phường Lăng Cô, Tỉnh Đắc Lắc",2552139023904158
226,Vũ Hồng,Nữ,1985-09-02,Tỉnh Nghệ An,040185712753,0386019962,jane73@gmail.com,"Số 66, Đường Trường Chinh, Phường Dịch Vọng, Tỉnh Nghệ An",4092327806876
227,Lê Ngọc,Nữ,1971-05-23,Tỉnh Lai Châu,012171346566,0703912026,umai@gmail.com,"Số 261, Đường Phạm Văn Đồng, Phường Hàng Bài, Tỉnh Lai Châu",349383120719349
228,Nguyễn Thành,Nam,1978-03-24,Tỉnh Phú Thọ,025078087124,0826990444,jane62@gmail.com,"Số 214, Đường Trường Chinh, Phường Thạch Thang, Tỉnh Phú Thọ",501823414401
229,Bùi Vi,Nữ,1990-07-04,Tỉnh Tây Ninh,080190061606,0983641056,johndang@gmail.com,"Số 127, Đường Lê Duẩn, Phường Bách Khoa, Tỉnh Tây Ninh",5226280452314110
230,Nguyễn Thành,Nam,1987-05-24,Thành phố Huế,046087567394,0788545323,johnhoang@gmail.com,"Số 74, Đường Nguyễn Chí Thanh, Phường An Khánh, Thành phố Huế",213179055356476
231,Lê Hồng,Nữ,1968-05-16,Tỉnh An Giang,091168631382,0384984666,ole@gmail.com,"Số 70, Đường Cầu Giấy, Phường Tân Định, Tỉnh An Giang",3530657862477718
232,Bùi Yến,Nữ,1965-03-08,Tỉnh Quảng Ngãi,051165715194,0845327581,wbui@gmail.com,"Số 12, Đường Nguyễn Trãi, Phường Thạch Thang, Tỉnh Quảng Ngãi",4088049441633154315
233,Vũ Chi,Nữ,1993-06-02,Thành phố Huế,046193969111,0566939102,john43@gmail.com,"Số 86, Đường Quang Trung, Phường An Khánh, Thành phố Huế",6513017955412946
234,Hoàng Nam,Nam,1966-08-16,Tỉnh Đồng Nai,075066657412,0918917223,duongjane@gmail.com,"Số 194, Đường Đại Cồ Việt, Phường Bến Nghé, Tỉnh Đồng Nai",4582317790509266745
235,Nguyễn Tú,Nam,1998-05-07,Tỉnh Cà Mau,096098486249,0907070966,john89@gmail.com,"Số 134, Đường Lê Lợi, Phường Lăng Cô, Tỉnh Cà Mau",30266269930674
236,Vũ Huy,Nam,1969-05-26,Tỉnh Cà Mau,096069780593,0791569225,rbui@gmail.com,"Số 195, Đường Hai Bà Trưng, Phường Thạch Thang, Tỉnh Cà Mau",4510203900562
237,Trần Trung,Nam,1974-03-20,Tỉnh Đồng Nai,075074746517,0974505260,tranjane@gmail.com,"Số 269, Đường Lê Duẩn, Phường An Khánh, Tỉnh Đồng Nai",4538624879689846622
238,Bùi Ngọc,Nữ,1993-04-06,Thành phố Cần Thơ,092193780063,0881870756,tpham@gmail.com,"Số 175, Đường Trần Hưng Đạo, Phường Hàng Bài, Thành phố Cần Thơ",2441312413902562
239,Đặng Châu,Nam,1996-08-06,Thành phố Đà Nẵng,048096871585,0816985042,jane83@gmail.com,"Số 85, Đường Hoàng Hoa Thám, Phường Lăng Cô, Thành phố Đà Nẵng",639020440793
240,Phạm Vi,Nữ,1965-03-10,Tỉnh Lạng Sơn,020165879275,0780078720,tduong@gmail.com,"Số 197, Đường Lê Duẩn, Phường Lăng Cô, Tỉnh Lạng Sơn",4561066512688100900
241,Đặng Duyên,Nữ,1997-12-11,Tỉnh Bắc Ninh,024197552483,0931933150,john09@gmail.com,"Số 126, Đường Trần Hưng Đạo, Phường Dịch Vọng, Tỉnh Bắc Ninh",6550284174623232
242,Hoàng Huy,Nam,1973-04-16,Tỉnh Lạng Sơn,020073001141,0818264130,phamjohn@gmail.com,"Số 233, Đường Nguyễn Chí Thanh, Phường Lăng Cô, Tỉnh Lạng Sơn",4368491566071436
243,Mai Lan,Nữ,1980-03-16,Thành phố Hồ Chí Minh,079180243380,0986212975,johnvu@gmail.com,"Số 288, Đường Giải Phóng, Phường Thạch Thang, Thành phố Hồ Chí Minh",4679924839318691
244,Trần Tú,Nam,1971-06-15,Tỉnh Lâm Đồng,068071575154,0842860581,hoangjohn@gmail.com,"Số 248, Đường Nguyễn Huệ, Phường Hàng Bài, Tỉnh Lâm Đồng",676376741341
245,Trần Duyên,Nữ,1961-06-28,Tỉnh Bắc Ninh,024161076802,0925725387,phamjohn@gmail.com,"Số 119, Đường Nguyễn Chí Thanh, Phường Hàng Bài, Tỉnh Bắc Ninh",213113462310529
246,Đặng Hồng,Nữ,1990-05-02,Tỉnh Lâm Đồng,068190607736,0779026119,johnduong@gmail.com,"Số 252, Đường Trần Hưng Đạo, Phường Dịch Vọng, Tỉnh Lâm Đồng",345414319089386
247,Trần Linh,Nữ,1997-08-17,Thành phố Hồ Chí Minh,079197344869,0564073988,john02@gmail.com,"Số 225, Đường Nguyễn Chí Thanh, Phường Hàng Bài, Thành phố Hồ Chí Minh",30435506257759
248,Dương Minh,Nam,2002-10-26,Tỉnh Thái Nguyên,019202413598,0929467246,johnvu@gmail.com,"Số 41, Đường Quang Trung, Phường Hàng Bài, Tỉnh Thái Nguyên",2443895007579687
249,Phạm Vũ,Nam,1994-06-25,Tỉnh Lạng Sơn,020094972950,0963701383,jane75@gmail.com,"Số 207, Đường Hoàng Hoa Thám, Phường Dịch Vọng, Tỉnh Lạng Sơn",6011007120462550
250,Lê Vân,Nữ,1984-03-15,Tỉnh Nghệ An,040184858408,0980220228,john96@gmail.com,"Số 155, Đường Trường Chinh, Phường An Khánh, Tỉnh Nghệ An",4203858490742481
251,Hoàng Trọng,Nam,2007-12-24,Tỉnh Nghệ An,040207448909,0390882119,john17@gmail.com,"Số 281, Đường Lê Lợi, Phường Thạch Thang, Tỉnh Nghệ An",4402870827325962
252,Hoàng Dũng,Nam,2008-09-06,Tỉnh Hưng Yên,033208623228,0846627503,vujohn@gmail.com,"Số 26, Đường Trần Hưng Đạo, Phường Lăng Cô, Tỉnh Hưng Yên",3595976190303244
253,Phạm Quang,Nam,1994-07-31,Tỉnh Khánh Hòa,056094540300,0912598430,john46@gmail.com,"Số 288, Đường Trần Hưng Đạo, Phường Bách Khoa, Tỉnh Khánh Hòa",3597966471559620
254,Vũ Duyên,Nữ,1977-11-13,Tỉnh Đồng Tháp,082177718820,0386683038,johnhoang@gmail.com,"Số 118, Đường Giải Phóng, Phường Lăng Cô, Tỉnh Đồng Tháp",502084432439
255,Mai Khoa,Nam,2004-06-22,Tỉnh Quảng Ninh,022204468821,0821673190,john56@gmail.com,"Số 109, Đường Trần Hưng Đạo, Phường An Khánh, Tỉnh Quảng Ninh",4863838896930188
256,Dương Anh,Nam,1984-03-28,Tỉnh Thái Nguyên,019084769718,0701973660,johndang@gmail.com,"Số 153, Đường Nguyễn Chí Thanh, Phường Bách Khoa, Tỉnh Thái Nguyên",4873644450063962
257,Lê Mai,Nữ,1985-12-12,Tỉnh Quảng Ngãi,051185061774,0378834185,maijane@gmail.com,"Số 157, Đường Hoàng Hoa Thám, Phường Tân Định, Tỉnh Quảng Ngãi",6566836133508945
258,Hoàng Ngọc,Nữ,1972-04-19,Tỉnh Đồng Tháp,082172462177,0771132306,maijane@gmail.com,"Số 75, Đường Lê Duẩn, Phường Bách Khoa, Tỉnh Đồng Tháp",6560055286309417
259,Lê Dũng,Nam,1965-03-16,Tỉnh Thái Nguyên,019065867924,0388118751,buijane@gmail.com,"Số 93, Đường Trường Chinh, Phường Bến Nghé, Tỉnh Thái Nguyên",4428945849008539
260,Phạm Vân,Nữ,1992-04-25,Tỉnh Điện Biên,011192960600,0918848552,idang@gmail.com,"Số 71, Đường Đại Cồ Việt, Phường Thạch Thang, Tỉnh Điện Biên",213124653054883
261,Vũ Chi,Nữ,1999-08-21,Tỉnh Thái Nguyên,019199302419,0832067256,johnhoang@gmail.com,"Số 296, Đường Giải Phóng, Phường Bến Nghé, Tỉnh Thái Nguyên",3578376152320974
262,Mai Bảo,Nam,1974-08-09,Tỉnh Phú Thọ,025074993471,0365386032,gnguyen@gmail.com,"Số 40, Đường Lê Duẩn, Phường Bách Khoa, Tỉnh Phú Thọ",6564407864504677
263,Lê Nam,Nam,1963-08-23,Tỉnh Tuyên Quang,008063125273,0933579732,johnbui@gmail.com,"Số 16, Đường Nguyễn Trãi, Phường Bến Nghé, Tỉnh Tuyên Quang",6011521560055120
264,Phạm Linh,Nữ,1968-05-29,Tỉnh Vĩnh Long,086168725080,0944447537,jane59@gmail.com,"Số 44, Đường Cầu Giấy, Phường An Khánh, Tỉnh Vĩnh Long",345027594005941
265,Trần Khoa,Nam,1963-05-14,Tỉnh Lâm Đồng,068063469998,0814000778,inguyen@gmail.com,"Số 79, Đường Nguyễn Huệ, Phường An Khánh, Tỉnh Lâm Đồng",6011990851591749
266,Mai Tùng,Nam,1963-09-08,Thành phố Cần Thơ,092063364376,0767300817,john60@gmail.com,"Số 293, Đường Trường Chinh, Phường An Khánh, Thành phố Cần Thơ",374013437251771
267,Vũ Huy,Nam,1993-06-28,Thành phố Đà Nẵng,048093092473,0771285483,jane20@gmail.com,"Số 195, Đường Giải Phóng, Phường An Khánh, Thành phố Đà Nẵng",6011516945141058
268,Vũ Linh,Nữ,2001-04-04,Tỉnh Ninh Bình,037301466375,0849143531,johnbui@gmail.com,"Số 203, Đường Cầu Giấy, Phường Bách Khoa, Tỉnh Ninh Bình",30523227962433
269,Đặng Hồng,Nữ,1971-11-21,Tỉnh Quảng Ninh,022171014551,0961040157,john89@gmail.com,"Số 35, Đường Nguyễn Trãi, Phường Dịch Vọng, Tỉnh Quảng Ninh",3569018973107286
270,Phạm Vân,Nữ,1993-11-14,Thành phố Hồ Chí Minh,079193047725,0940674814,jane88@gmail.com,"Số 40, Đường Hoàng Hoa Thám, Phường An Khánh, Thành phố Hồ Chí Minh",3535194324129039
271,Mai Bảo,Nam,1961-02-24,Tỉnh Đắc Lắc,066061873796,0829876462,johnmai@gmail.com,"Số 113, Đường Hoàng Hoa Thám, Phường Thạch Thang, Tỉnh Đắc Lắc",6011429490744294
272,Phạm Linh,Nữ,1999-08-16,Tỉnh Nghệ An,040199429945,0922513342,jane03@gmail.com,"Số 156, Đường Trường Chinh, Phường An Khánh, Tỉnh Nghệ An",3593675177564842
273,Mai Hồng,Nữ,1968-04-13,Tỉnh Thanh Hóa,038168791695,0774133209,tranjane@gmail.com,"Số 5, Đường Lê Duẩn, Phường Lăng Cô, Tỉnh Thanh Hóa",676391579213
274,Nguyễn Nhiên,Nam,1971-09-15,Tỉnh Hưng Yên,033071962987,0398231736,lejohn@gmail.com,"Số 280, Đường Nguyễn Trãi, Phường Thạch Thang, Tỉnh Hưng Yên",676365715991
275,Đặng Dương,Nữ,1993-05-05,Tỉnh Bắc Ninh,024193035834,0822597832,jane24@gmail.com,"Số 200, Đường Hoàng Hoa Thám, Phường Bến Nghé, Tỉnh Bắc Ninh",4358502333557432
276,Vũ Tú,Nam,2003-08-25,Tỉnh Cao Bằng,004203982650,0837421223,buijohn@gmail.com,"Số 79, Đường Lê Lợi, Phường Tân Định, Tỉnh Cao Bằng",4741716600627
277,Dương Hoàng,Nam,1962-06-24,Tỉnh Lào Cai,015062679040,0361246642,john76@gmail.com,"Số 62, Đường Nguyễn Chí Thanh, Phường Thạch Thang, Tỉnh Lào Cai",2245727327857131
278,Lê Quang,Nam,1992-06-03,Thành phố Đà Nẵng,048092618645,0584981450,johnhoang@gmail.com,"Số 104, Đường Hai Bà Trưng, Phường Bách Khoa, Thành phố Đà Nẵng",376991682255167
279,Vũ Trung,Nam,2008-04-15,Tỉnh Phú Thọ,025208846359,0345992321,hoangjane@gmail.com,"Số 151, Đường Trường Chinh, Phường Bến Nghé, Tỉnh Phú Thọ",3555709592466709
280,Mai Duyên,Nữ,1991-04-27,Tỉnh Cao Bằng,004191322016,0927521630,maijane@gmail.com,"Số 32, Đường Lê Lợi, Phường An Khánh, Tỉnh Cao Bằng",676380353216
281,Dương Yến,Nữ,1963-03-24,Tỉnh Thanh Hóa,038163006507,0976998206,gvu@gmail.com,"Số 181, Đường Hoàng Hoa Thám, Phường Hàng Bài, Tỉnh Thanh Hóa",2289282434603843
282,Nguyễn Nam,Nam,1990-03-20,Tỉnh Thanh Hóa,038090853690,0707293707,sle@gmail.com,"Số 197, Đường Phạm Văn Đồng, Phường Hàng Bài, Tỉnh Thanh Hóa",4567925337911
283,Hoàng Duyên,Nữ,1991-11-19,Thành phố Hồ Chí Minh,079191405065,0762712766,johnhoang@gmail.com,"Số 258, Đường Quang Trung, Phường Lăng Cô, Thành phố Hồ Chí Minh",3587729455300169
284,Mai Ánh,Nữ,2004-08-10,Tỉnh Đồng Nai,075304840487,0385403336,jane88@gmail.com,"Số 121, Đường Giải Phóng, Phường Lăng Cô, Tỉnh Đồng Nai",2711653982954994
285,Dương Mai,Nữ,1976-08-20,Tỉnh Đắc Lắc,066176327424,0843538406,jane83@gmail.com,"Số 64, Đường Nguyễn Huệ, Phường Lăng Cô, Tỉnh Đắc Lắc",38427897356888
286,Phạm Trọng,Nam,1984-03-30,Thành phố Cần Thơ,092084116629,0390468097,janedang@gmail.com,"Số 43, Đường Phạm Văn Đồng, Phường An Khánh, Thành phố Cần Thơ",30246961533984
287,Nguyễn Minh,Nam,1978-03-14,Tỉnh Gia Lai,052078913168,0911392998,jane36@gmail.com,"Số 188, Đường Nguyễn Chí Thanh, Phường Bách Khoa, Tỉnh Gia Lai",4604702383876819646
288,Hoàng Yến,Nữ,2001-02-04,Tỉnh Khánh Hòa,056301806640,0330079524,janebui@gmail.com,"Số 174, Đường Nguyễn Huệ, Phường Thạch Thang, Tỉnh Khánh Hòa",3577163677832225
289,Dương Ánh,Nữ,2005-04-06,Tỉnh Quảng Trị,044305650152,0769782011,onguyen@gmail.com,"Số 127, Đường Giải Phóng, Phường Thạch Thang, Tỉnh Quảng Trị",6582115738463800
290,Nguyễn Minh,Nam,1965-11-12,Tỉnh Cao Bằng,004065139725,0795012044,janevu@gmail.com,"Số 113, Đường Nguyễn Trãi, Phường Dịch Vọng, Tỉnh Cao Bằng",4875232046259811
291,Vũ Trung,Nam,1971-04-03,Tỉnh Đồng Tháp,082071078416,0820543043,lejane@gmail.com,"Số 227, Đường Lê Duẩn, Phường Dịch Vọng, Tỉnh Đồng Tháp",6502455445203645
292,Phạm Lan,Nữ,1979-04-22,Tỉnh Bắc Ninh,024179791970,0840993955,jane61@gmail.com,"Số 75, Đường Nguyễn Chí Thanh, Phường Hàng Bài, Tỉnh Bắc Ninh",30301041066750
293,Đặng Quang,Nam,1974-09-19,Tỉnh Cà Mau,096074817191,0370723038,qtran@gmail.com,"Số 5, Đường Quang Trung, Phường Dịch Vọng, Tỉnh Cà Mau",30371895615259
294,Mai Anh,Nam,1985-04-27,Tỉnh An Giang,091085139545,0906796576,janemai@gmail.com,"Số 50, Đường Lê Lợi, Phường Tân Định, Tỉnh An Giang",4999845019396
295,Bùi Chi,Nữ,1979-02-11,Tỉnh An Giang,091179340355,0388416296,hoangjohn@gmail.com,"Số 142, Đường Phạm Văn Đồng, Phường An Khánh, Tỉnh An Giang",3594557486471704
296,Vũ Bảo,Nam,1988-04-17,Tỉnh Lạng Sơn,020088873161,0586217310,dangjane@gmail.com,"Số 293, Đường Lê Lợi, Phường Hàng Bài, Tỉnh Lạng Sơn",378127754141633
297,Vũ Lan,Nữ,1970-01-17,Tỉnh Gia Lai,052170895830,0914149987,janepham@gmail.com,"Số 184, Đường Cầu Giấy, Phường Tân Định, Tỉnh Gia Lai",4112089125762799
298,Vũ Tùng,Nam,2006-04-15,Tỉnh Cà Mau,096206879965,0329203631,janele@gmail.com,"Số 34, Đường Phạm Văn Đồng, Phường Tân Định, Tỉnh Cà Mau",213100832894183
299,Hoàng Khoa,Nam,1993-02-05,Tỉnh Đắc Lắc,066093455401,0829681826,xpham@gmail.com,"Số 179, Đường Đại Cồ Việt, Phường An Khánh, Tỉnh Đắc Lắc",576197036311
300,Phạm Huy,Nam,2004-12-07,Tỉnh Lào Cai,015204049201,0775331244,ydang@gmail.com,"Số 287, Đường Hai Bà Trưng, Phường An Khánh, Tỉnh Lào Cai",348008127310120
301,Lê Vi,Nữ,1972-12-25,Tỉnh Lai Châu,012172116674,0393298280,johnduong@gmail.com,"Số 285, Đường Đại Cồ Việt, Phường Bách Khoa, Tỉnh Lai Châu",676313459601
302,Mai Hưng,Nam,1964-10-27,Tỉnh Tây Ninh,080064608560,0566412207,johnduong@gmail.com,"Số 34, Đường Cầu Giấy, Phường Dịch Vọng, Tỉnh Tây Ninh",4578896026583087807
303,Dương Quang,Nam,1999-04-23,Tỉnh Ninh Bình,037099292182,0585730290,vujohn@gmail.com,"Số 4, Đường Nguyễn Chí Thanh, Phường Tân Định, Tỉnh Ninh Bình",4323858399566099165
304,Phạm Huy,Nam,1977-06-11,Tỉnh Đồng Tháp,082077107969,0895234274,johnbui@gmail.com,"Số 207, Đường Lê Lợi, Phường Hàng Bài, Tỉnh Đồng Tháp",676113201773
305,Dương Châu,Nam,1973-05-02,Tỉnh Khánh Hòa,056073969588,0771800952,maijane@gmail.com,"Số 14, Đường Nguyễn Trãi, Phường Bách Khoa, Tỉnh Khánh Hòa",3525849071606420
306,Phạm Mai,Nữ,1984-03-10,Tỉnh Thanh Hóa,038184710788,0569819911,janele@gmail.com,"Số 14, Đường Nguyễn Trãi, Phường Bách Khoa, Tỉnh Thanh Hóa",4456267355030792564
307,Nguyễn Thành,Nam,1974-10-30,Tỉnh Tuyên Quang,008074833151,0895914988,jane89@gmail.com,"Số 34, Đường Nguyễn Huệ, Phường Bến Nghé, Tỉnh Tuyên Quang",4335463432130605
308,Nguyễn Hoàng,Nam,1991-05-07,Tỉnh Cà Mau,096091738178,0583383311,lvu@gmail.com,"Số 289, Đường Nguyễn Chí Thanh, Phường Thạch Thang, Tỉnh Cà Mau",4914755047287
309,Hoàng Thảo,Nữ,1987-04-10,Tỉnh Phú Thọ,025187189062,0567015154,john00@gmail.com,"Số 1, Đường Lê Lợi, Phường Dịch Vọng, Tỉnh Phú Thọ",3538756887819482
310,Nguyễn Thành,Nam,1994-11-05,Tỉnh Lạng Sơn,020094573527,0781617557,duongjohn@gmail.com,"Số 244, Đường Trần Hưng Đạo, Phường Bách Khoa, Tỉnh Lạng Sơn",3583436064213627
311,Đặng Trọng,Nam,2003-02-19,Tỉnh Cao Bằng,004203419229,0398992567,jane85@gmail.com,"Số 94, Đường Quang Trung, Phường Dịch Vọng, Tỉnh Cao Bằng",3506552174287154
312,Trần Quang,Nam,1989-06-20,Tỉnh Đắc Lắc,066089072314,0924199888,duongjane@gmail.com,"Số 237, Đường Lê Lợi, Phường Hàng Bài, Tỉnh Đắc Lắc",3546301792971886
313,Trần Lan,Nữ,1997-04-30,Tỉnh Lào Cai,015197803435,0320270169,phamjane@gmail.com,"Số 143, Đường Trần Hưng Đạo, Phường Hàng Bài, Tỉnh Lào Cai",676194071962
314,Bùi Hồng,Nữ,1986-12-18,Tỉnh Lạng Sơn,020186017912,0522449781,hoangjohn@gmail.com,"Số 191, Đường Hoàng Hoa Thám, Phường Dịch Vọng, Tỉnh Lạng Sơn",30179190503082
315,Dương Ánh,Nữ,1978-09-26,Thành phố Cần Thơ,092178467503,0782107097,jane30@gmail.com,"Số 290, Đường Trường Chinh, Phường Tân Định, Thành phố Cần Thơ",4139504749039
316,Lê Tú,Nam,1970-03-18,Tỉnh Hà Tĩnh,042070082992,0970659297,maijohn@gmail.com,"Số 292, Đường Quang Trung, Phường Bách Khoa, Tỉnh Hà Tĩnh",6536126252346831
317,Nguyễn Quang,Nam,1995-05-21,Tỉnh Tuyên Quang,008095546070,0357929547,john28@gmail.com,"Số 206, Đường Giải Phóng, Phường Dịch Vọng, Tỉnh Tuyên Quang",4991772935397
318,Lê Bảo,Nam,1973-10-07,Thành phố Huế,046073348009,0796262270,hduong@gmail.com,"Số 261, Đường Lê Duẩn, Phường Thạch Thang, Thành phố Huế",341949118871314
319,Phạm Vi,Nữ,1980-12-20,Tỉnh Lai Châu,012180579278,0375237418,rbui@gmail.com,"Số 169, Đường Cầu Giấy, Phường An Khánh, Tỉnh Lai Châu",4604625049371384
320,Đặng Vi,Nữ,1966-07-16,Tỉnh Lâm Đồng,068166576188,0931031783,janehoang@gmail.com,"Số 254, Đường Nguyễn Chí Thanh, Phường Lăng Cô, Tỉnh Lâm Đồng",180020565896438
321,Hoàng Hương,Nữ,2006-02-25,Tỉnh Điện Biên,011306093444,0561295908,janevu@gmail.com,"Số 35, Đường Đại Cồ Việt, Phường Bến Nghé, Tỉnh Điện Biên",342375975855308
322,Dương Ánh,Nữ,1998-02-28,Tỉnh Đồng Nai,075198850694,0330695153,evu@gmail.com,"Số 43, Đường Lê Lợi, Phường Bến Nghé, Tỉnh Đồng Nai",213179094703365
323,Phạm Thành,Nam,1983-04-08,Tỉnh Quảng Trị,044083323194,0783173610,john11@gmail.com,"Số 94, Đường Hoàng Hoa Thám, Phường Dịch Vọng, Tỉnh Quảng Trị",213103944490197
324,Dương Vũ,Nam,2000-01-11,Thành phố Hải Phòng,031200534344,0965663568,vbui@gmail.com,"Số 260, Đường Giải Phóng, Phường Thạch Thang, Thành phố Hải Phòng",4129344819932765
325,Phạm Linh,Nữ,2004-09-18,Tỉnh Tây Ninh,080304944995,0783507589,johnhoang@gmail.com,"Số 286, Đường Lê Duẩn, Phường An Khánh, Tỉnh Tây Ninh",3583257337619766
326,Dương Khoa,Nam,1979-08-11,Tỉnh Lâm Đồng,068079290176,0846605611,janevu@gmail.com,"Số 157, Đường Trần Hưng Đạo, Phường Tân Định, Tỉnh Lâm Đồng",4653795253535
327,Trần Trọng,Nam,1972-04-06,Tỉnh Đắc Lắc,066072110770,0707538224,zvu@gmail.com,"Số 160, Đường Lê Lợi, Phường Thạch Thang, Tỉnh Đắc Lắc",6529625760557978
328,Mai Nam,Nam,2002-06-03,Thành phố Hà Nội,001202634583,0833095937,maijohn@gmail.com,"Số 84, Đường Trường Chinh, Phường Hàng Bài, Thành phố Hà Nội",4009808860396554
329,Mai Tùng,Nam,1994-09-01,Thành phố Cần Thơ,092094628218,0581875774,johnle@gmail.com,"Số 96, Đường Quang Trung, Phường Tân Định, Thành phố Cần Thơ",4712773999326955
330,Đặng Mai,Nữ,1984-09-29,Tỉnh Vĩnh Long,086184614007,0349280885,phamjohn@gmail.com,"Số 270, Đường Hoàng Hoa Thám, Phường Hàng Bài, Tỉnh Vĩnh Long",2304970196531365
331,Mai Chi,Nữ,1974-01-20,Tỉnh Điện Biên,011174491172,0787023751,john42@gmail.com,"Số 18, Đường Quang Trung, Phường An Khánh, Tỉnh Điện Biên",4855361938325259
332,Nguyễn Minh,Nam,1980-02-14,Tỉnh Cao Bằng,004080178478,0355763869,john69@gmail.com,"Số 76, Đường Cầu Giấy, Phường Lăng Cô, Tỉnh Cao Bằng",379146554888523
333,Trần Minh,Nam,1981-02-18,Tỉnh Quảng Trị,044081450001,0798523883,wle@gmail.com,"Số 192, Đường Phạm Văn Đồng, Phường Hàng Bài, Tỉnh Quảng Trị",3503641590098791
334,Vũ Duyên,Nữ,1968-05-23,Tỉnh Bắc Ninh,024168851204,0973210517,john67@gmail.com,"Số 183, Đường Nguyễn Chí Thanh, Phường An Khánh, Tỉnh Bắc Ninh",348332241094984
335,Dương Quang,Nam,1963-05-19,Tỉnh Khánh Hòa,056063973754,0863914431,idang@gmail.com,"Số 145, Đường Trường Chinh, Phường Thạch Thang, Tỉnh Khánh Hòa",4518523560796690608
336,Bùi Quang,Nam,1961-02-04,Tỉnh Tuyên Quang,008061424299,0940278171,jane74@gmail.com,"Số 194, Đường Quang Trung, Phường Thạch Thang, Tỉnh Tuyên Quang",501871087034
337,Hoàng Khoa,Nam,1999-04-09,Tỉnh Sơn La,014099972124,0381156623,nnguyen@gmail.com,"Số 172, Đường Giải Phóng, Phường Lăng Cô, Tỉnh Sơn La",2274608637691549
338,Lê Chi,Nữ,2008-02-02,Tỉnh Cà Mau,096308092326,0393591685,janebui@gmail.com,"Số 284, Đường Hai Bà Trưng, Phường Tân Định, Tỉnh Cà Mau",3554653232763060
339,Mai Thảo,Nữ,2000-04-04,Tỉnh Lạng Sơn,020300493234,0349589866,bnguyen@gmail.com,"Số 231, Đường Nguyễn Trãi, Phường Hàng Bài, Tỉnh Lạng Sơn",4793611145529711673
340,Bùi Trung,Nam,1998-05-27,Tỉnh Sơn La,014098332824,0925652017,phamjohn@gmail.com,"Số 154, Đường Trần Hưng Đạo, Phường Dịch Vọng, Tỉnh Sơn La",4206553508028
341,Vũ Yến,Nữ,1969-06-10,Thành phố Huế,046169820404,0967421497,johnle@gmail.com,"Số 151, Đường Lê Duẩn, Phường Bách Khoa, Thành phố Huế",4095283773279
342,Nguyễn Mai,Nữ,1971-01-07,Tỉnh Quảng Ninh,022171800252,0524053601,johndang@gmail.com,"Số 209, Đường Lê Lợi, Phường Dịch Vọng, Tỉnh Quảng Ninh",375831088692830
343,Vũ Vi,Nữ,1996-11-15,Tỉnh Đồng Nai,075196442296,0345774483,phamjane@gmail.com,"Số 230, Đường Trần Hưng Đạo, Phường Bến Nghé, Tỉnh Đồng Nai",6011958471262041
344,Đặng Thành,Nam,1998-06-15,Thành phố Hà Nội,001098075574,0907403204,jane44@gmail.com,"Số 3, Đường Lê Lợi, Phường Bách Khoa, Thành phố Hà Nội",180099316939895
345,Bùi Huy,Nam,1990-07-07,Tỉnh Lạng Sơn,020090773529,0527468105,john85@gmail.com,"Số 78, Đường Quang Trung, Phường Thạch Thang, Tỉnh Lạng Sơn",3593408716884590
346,Hoàng Vân,Nữ,1970-03-26,Tỉnh Tây Ninh,080170666401,0380178854,tranjohn@gmail.com,"Số 190, Đường Cầu Giấy, Phường Dịch Vọng, Tỉnh Tây Ninh",561261551502
347,Dương Hương,Nữ,1984-12-09,Tỉnh Đồng Tháp,082184035725,0773434707,nguyenjohn@gmail.com,"Số 155, Đường Lê Lợi, Phường Dịch Vọng, Tỉnh Đồng Tháp",501834543685
348,Đặng Anh,Nam,1961-08-14,Tỉnh Lạng Sơn,020061177110,0845713402,john88@gmail.com,"Số 163, Đường Lê Lợi, Phường An Khánh, Tỉnh Lạng Sơn",3538841193641521
349,Vũ Hồng,Nữ,1998-07-05,Tỉnh Quảng Ngãi,051198765302,0384690805,duongjohn@gmail.com,"Số 238, Đường Phạm Văn Đồng, Phường Lăng Cô, Tỉnh Quảng Ngãi",3546870249760472
350,Mai Lan,Nữ,1991-08-24,Tỉnh Ninh Bình,037191418876,0868886528,hoangjane@gmail.com,"Số 187, Đường Nguyễn Huệ, Phường An Khánh, Tỉnh Ninh Bình",3575084758064219
351,Mai Nhiên,Nam,2006-08-08,Tỉnh Lào Cai,015206987065,0941205325,john71@gmail.com,"Số 51, Đường Quang Trung, Phường Hàng Bài, Tỉnh Lào Cai",38682527000062
352,Lê Vi,Nữ,1963-01-24,Tỉnh Đắc Lắc,066163524699,0889812311,jane63@gmail.com,"Số 299, Đường Nguyễn Huệ, Phường An Khánh, Tỉnh Đắc Lắc",4367309286201485077
353,Bùi Yến,Nữ,1987-09-10,Tỉnh Tây Ninh,080187409770,0887994152,jane24@gmail.com,"Số 68, Đường Lê Duẩn, Phường Tân Định, Tỉnh Tây Ninh",4423290226891412
354,Lê Tùng,Nam,1976-12-06,Tỉnh Bắc Ninh,024076257026,0768536646,nguyenjane@gmail.com,"Số 67, Đường Hoàng Hoa Thám, Phường Hàng Bài, Tỉnh Bắc Ninh",4286063552149184
355,Vũ Hồng,Nữ,1989-02-10,Tỉnh Ninh Bình,037189922261,0343246879,otran@gmail.com,"Số 54, Đường Quang Trung, Phường Thạch Thang, Tỉnh Ninh Bình",3557897730705480
356,Nguyễn Hương,Nữ,1963-01-15,Tỉnh Quảng Trị,044163121738,0961211923,rtran@gmail.com,"Số 23, Đường Đại Cồ Việt, Phường Thạch Thang, Tỉnh Quảng Trị",213193575106683
357,Vũ Linh,Nữ,1988-09-03,Tỉnh Gia Lai,052188071403,0815856768,qbui@gmail.com,"Số 210, Đường Lê Duẩn, Phường Tân Định, Tỉnh Gia Lai",4386381854756673
358,Nguyễn Ngọc,Nữ,1973-03-14,Tỉnh Khánh Hòa,056173456070,0521630955,johnle@gmail.com,"Số 138, Đường Phạm Văn Đồng, Phường Lăng Cô, Tỉnh Khánh Hòa",180062999346507
359,Hoàng Quang,Nam,1999-11-21,Tỉnh Quảng Trị,044099479849,0926468143,snguyen@gmail.com,"Số 92, Đường Trần Hưng Đạo, Phường An Khánh, Tỉnh Quảng Trị",4821231118773506
360,Nguyễn Vi,Nữ,1961-08-06,Tỉnh Đồng Nai,075161943610,0868019139,vujane@gmail.com,"Số 188, Đường Hoàng Hoa Thám, Phường Bến Nghé, Tỉnh Đồng Nai",563920173918
361,Vũ Yến,Nữ,1975-06-05,Tỉnh Hưng Yên,033175294776,0848799209,janehoang@gmail.com,"Số 225, Đường Phạm Văn Đồng, Phường An Khánh, Tỉnh Hưng Yên",4180983422962929
362,Dương Lan,Nữ,1999-04-15,Tỉnh Đồng Nai,075199142388,0702730352,jane45@gmail.com,"Số 62, Đường Trần Hưng Đạo, Phường Bách Khoa, Tỉnh Đồng Nai",4410380485952305
363,Lê Huy,Nam,1983-06-21,Tỉnh Thái Nguyên,019083672883,0847403309,john60@gmail.com,"Số 236, Đường Cầu Giấy, Phường Bách Khoa, Tỉnh Thái Nguyên",4905505483373052
364,Mai Thành,Nam,1992-08-27,Tỉnh Gia Lai,052092575916,0342415738,rpham@gmail.com,"Số 191, Đường Lê Duẩn, Phường Tân Định, Tỉnh Gia Lai",4565697217968157
365,Đặng Hương,Nữ,1984-08-12,Tỉnh Quảng Ninh,022184850370,0817678164,johnhoang@gmail.com,"Số 107, Đường Hai Bà Trưng, Phường Bến Nghé, Tỉnh Quảng Ninh",3533974772927717
366,Hoàng Tú,Nam,1997-01-02,Tỉnh Quảng Trị,044097493214,0347560559,eduong@gmail.com,"Số 158, Đường Đại Cồ Việt, Phường Tân Định, Tỉnh Quảng Trị",4518453533610278565
367,Phạm Vân,Nữ,1973-05-12,Tỉnh Quảng Ngãi,051173317133,0827686500,john32@gmail.com,"Số 271, Đường Lê Lợi, Phường Tân Định, Tỉnh Quảng Ngãi",4272289693683809
368,Phạm Xuân,Nữ,1995-07-13,Thành phố Đà Nẵng,048195424789,0934497920,john32@gmail.com,"Số 208, Đường Nguyễn Huệ, Phường Hàng Bài, Thành phố Đà Nẵng",30415164765434
369,Phạm Trung,Nam,1980-06-03,Thành phố Hà Nội,001080504978,0580643005,wpham@gmail.com,"Số 136, Đường Nguyễn Huệ, Phường Thạch Thang, Thành phố Hà Nội",4351711752688852
370,Hoàng Anh,Nam,1985-08-14,Tỉnh Quảng Trị,044085530946,0341929939,tbui@gmail.com,"Số 281, Đường Lê Duẩn, Phường Tân Định, Tỉnh Quảng Trị",4134580622115212
371,Trần Phúc,Nam,2003-08-11,Tỉnh Tuyên Quang,008203009200,0385086277,nguyenjohn@gmail.com,"Số 297, Đường Phạm Văn Đồng, Phường Tân Định, Tỉnh Tuyên Quang",3564320539488357
372,Trần Huy,Nam,1981-07-31,Thành phố Hồ Chí Minh,079081478852,0820159216,maijohn@gmail.com,"Số 229, Đường Trường Chinh, Phường Lăng Cô, Thành phố Hồ Chí Minh",4845578303957464
373,Nguyễn Dương,Nữ,1972-11-19,Tỉnh Hưng Yên,033172952148,0849922608,gbui@gmail.com,"Số 209, Đường Hai Bà Trưng, Phường Thạch Thang, Tỉnh Hưng Yên",30320291092969
374,Hoàng Ánh,Nữ,1994-06-05,Tỉnh Thanh Hóa,038194975565,0528603109,jane73@gmail.com,"Số 30, Đường Lê Duẩn, Phường Bách Khoa, Tỉnh Thanh Hóa",502016731791
375,Phạm Minh,Nam,1990-03-21,Thành phố Hải Phòng,031090449485,0813183673,lejohn@gmail.com,"Số 219, Đường Hai Bà Trưng, Phường Thạch Thang, Thành phố Hải Phòng",2705466167114419
376,Trần Yến,Nữ,2000-04-20,Tỉnh Lào Cai,015300329562,0843858663,ovu@gmail.com,"Số 82, Đường Nguyễn Trãi, Phường Bến Nghé, Tỉnh Lào Cai",6510759175344424
377,Mai Minh,Nam,2000-07-25,Tỉnh Khánh Hòa,056200262012,0933447971,lejohn@gmail.com,"Số 125, Đường Cầu Giấy, Phường Thạch Thang, Tỉnh Khánh Hòa",30202332169891
378,Lê Dương,Nữ,1963-08-12,Tỉnh Lâm Đồng,068163250871,0520388709,janenguyen@gmail.com,"Số 238, Đường Quang Trung, Phường Dịch Vọng, Tỉnh Lâm Đồng",3523141365593635
379,Hoàng Hồng,Nữ,2003-04-23,Tỉnh Cà Mau,096303064641,0350679684,vujohn@gmail.com,"Số 263, Đường Lê Duẩn, Phường Bách Khoa, Tỉnh Cà Mau",6515601843021858
380,Nguyễn Khoa,Nam,1975-01-03,Thành phố Hồ Chí Minh,079075551664,0524972651,john25@gmail.com,"Số 250, Đường Đại Cồ Việt, Phường Bách Khoa, Thành phố Hồ Chí Minh",4967596122081
381,Lê Duyên,Nữ,1985-01-17,Tỉnh Khánh Hòa,056185776224,0353250682,johnduong@gmail.com,"Số 207, Đường Trường Chinh, Phường An Khánh, Tỉnh Khánh Hòa",4150757444232529
382,Bùi Hương,Nữ,1978-12-13,Thành phố Huế,046178771194,0894865124,hoangjane@gmail.com,"Số 231, Đường Lê Lợi, Phường Bách Khoa, Thành phố Huế",3507377707262725
383,Phạm Quang,Nam,2007-01-24,Thành phố Hải Phòng,031207894692,0906786171,obui@gmail.com,"Số 109, Đường Nguyễn Trãi, Phường Lăng Cô, Thành phố Hải Phòng",4766457093376547
384,Vũ Bảo,Nam,2008-02-29,Tỉnh Thanh Hóa,038208278430,0942434696,tranjane@gmail.com,"Số 230, Đường Nguyễn Trãi, Phường Hàng Bài, Tỉnh Thanh Hóa",3573246535630271
385,Lê Vi,Nữ,1979-06-23,Tỉnh Gia Lai,052179462651,0920086014,tduong@gmail.com,"Số 109, Đường Hoàng Hoa Thám, Phường Dịch Vọng, Tỉnh Gia Lai",36094560948045
386,Lê Hương,Nữ,1967-03-16,Tỉnh Bắc Ninh,024167984153,0840038432,zle@gmail.com,"Số 37, Đường Cầu Giấy, Phường Dịch Vọng, Tỉnh Bắc Ninh",30520748332971
387,Lê Hương,Nữ,1973-04-21,Tỉnh Khánh Hòa,056173065232,0960962774,john79@gmail.com,"Số 109, Đường Hoàng Hoa Thám, Phường An Khánh, Tỉnh Khánh Hòa",3569129221854122
388,Trần Lan,Nữ,1991-01-13,Tỉnh Sơn La,014191921738,0338515281,johnduong@gmail.com,"Số 199, Đường Nguyễn Chí Thanh, Phường Hàng Bài, Tỉnh Sơn La",639000685888
389,Bùi Lan,Nữ,2003-12-14,Thành phố Hồ Chí Minh,079303662996,0782511086,maijane@gmail.com,"Số 4, Đường Nguyễn Huệ, Phường An Khánh, Thành phố Hồ Chí Minh",213198349468541
390,Dương Hồng,Nữ,1996-06-07,Tỉnh Hưng Yên,033196167812,0973901589,janenguyen@gmail.com,"Số 171, Đường Cầu Giấy, Phường Bách Khoa, Tỉnh Hưng Yên",180057131189252
391,Lê Ánh,Nữ,1966-09-14,Tỉnh Đồng Tháp,082166479613,0840074532,vpham@gmail.com,"Số 271, Đường Nguyễn Trãi, Phường An Khánh, Tỉnh Đồng Tháp",3579625546310748
392,Trần Hương,Nữ,1965-03-02,Tỉnh Quảng Ngãi,051165219977,0569527779,tranjohn@gmail.com,"Số 213, Đường Hai Bà Trưng, Phường Bách Khoa, Tỉnh Quảng Ngãi",676319265978
393,Phạm Phúc,Nam,1980-08-23,Thành phố Đà Nẵng,048080089366,0344885016,wle@gmail.com,"Số 75, Đường Cầu Giấy, Phường Hàng Bài, Thành phố Đà Nẵng",6583407689227584
394,Dương Tùng,Nam,1979-12-31,Tỉnh Thanh Hóa,038079068555,0853624857,john08@gmail.com,"Số 27, Đường Giải Phóng, Phường An Khánh, Tỉnh Thanh Hóa",2715643364029222
395,Trần Anh,Nam,1971-07-01,Tỉnh Vĩnh Long,086071499385,0368260417,buijohn@gmail.com,"Số 117, Đường Trần Hưng Đạo, Phường An Khánh, Tỉnh Vĩnh Long",4889032109471798
396,Bùi Khoa,Nam,1986-01-03,Tỉnh Bắc Ninh,024086167878,0810117875,john65@gmail.com,"Số 62, Đường Lê Lợi, Phường Hàng Bài, Tỉnh Bắc Ninh",3570120474252871
397,Trần Duyên,Nữ,1983-06-21,Tỉnh Điện Biên,011183894218,0850098939,nbui@gmail.com,"Số 153, Đường Nguyễn Trãi, Phường An Khánh, Tỉnh Điện Biên",2253063583379050
398,Trần Hoàng,Nam,1961-11-27,Tỉnh Quảng Ninh,022061446980,0847379664,john27@gmail.com,"Số 135, Đường Lê Lợi, Phường Tân Định, Tỉnh Quảng Ninh",3558878110350930
399,Mai Mai,Nữ,1961-06-03,Tỉnh Quảng Trị,044161480082,0887119402,john32@gmail.com,"Số 294, Đường Cầu Giấy, Phường Hàng Bài, Tỉnh Quảng Trị",4994921754357272
400,Trần Châu,Nam,1996-07-01,Thành phố Huế,046096148397,0335540026,john02@gmail.com,"Số 294, Đường Hai Bà Trưng, Phường Hàng Bài, Thành phố Huế",180065409840175
401,Bùi Huy,Nam,1979-05-20,Tỉnh Bắc Ninh,024079317611,0894265772,johnduong@gmail.com,"Số 272, Đường Trần Hưng Đạo, Phường Bến Nghé, Tỉnh Bắc Ninh",3594934798163776
402,Vũ Ánh,Nữ,1983-03-15,Tỉnh Đồng Nai,075183750477,0916157098,jane62@gmail.com,"Số 245, Đường Lê Lợi, Phường An Khánh, Tỉnh Đồng Nai",180029998525977
403,Vũ Minh,Nam,1986-01-06,Tỉnh Đắc Lắc,066086367225,0846199354,jane62@gmail.com,"Số 116, Đường Nguyễn Trãi, Phường Hàng Bài, Tỉnh Đắc Lắc",376598641389415
404,Phạm Ngọc,Nữ,1987-10-18,Tỉnh Phú Thọ,025187868952,0325291364,duongjohn@gmail.com,"Số 165, Đường Phạm Văn Đồng, Phường Bách Khoa, Tỉnh Phú Thọ",4800308537317274
405,Hoàng Vi,Nữ,2005-08-05,Tỉnh Quảng Ngãi,051305101335,0965887225,hoangjohn@gmail.com,"Số 245, Đường Quang Trung, Phường Bến Nghé, Tỉnh Quảng Ngãi",3589540493086936
406,Bùi Hoàng,Nam,1989-06-04,Tỉnh Lai Châu,012089210886,0843024594,rmai@gmail.com,"Số 52, Đường Trường Chinh, Phường Bến Nghé, Tỉnh Lai Châu",2415981342703101
407,Nguyễn Duyên,Nữ,1971-10-13,Tỉnh Đồng Tháp,082171412085,0373688073,jane53@gmail.com,"Số 271, Đường Hoàng Hoa Thám, Phường Lăng Cô, Tỉnh Đồng Tháp",213130461949925
408,Nguyễn Dũng,Nam,1988-10-10,Tỉnh Khánh Hòa,056088638454,0889865118,john67@gmail.com,"Số 198, Đường Quang Trung, Phường Lăng Cô, Tỉnh Khánh Hòa",180091595982274
409,Bùi Ánh,Nữ,1969-01-26,Tỉnh Lai Châu,012169147233,0884033527,vujane@gmail.com,"Số 226, Đường Giải Phóng, Phường Hàng Bài, Tỉnh Lai Châu",3504370470226285
410,Nguyễn Ánh,Nữ,1975-03-22,Tỉnh Lâm Đồng,068175297235,0842205665,janeduong@gmail.com,"Số 147, Đường Nguyễn Trãi, Phường Thạch Thang, Tỉnh Lâm Đồng",4653728765096837
411,Nguyễn Thảo,Nữ,1970-08-16,Tỉnh Bắc Ninh,024170553275,0329454122,john45@gmail.com,"Số 111, Đường Đại Cồ Việt, Phường Tân Định, Tỉnh Bắc Ninh",2704550999255622
412,Phạm Minh,Nam,2006-02-12,Tỉnh Đồng Nai,075206056458,0903027404,buijane@gmail.com,"Số 271, Đường Phạm Văn Đồng, Phường Hàng Bài, Tỉnh Đồng Nai",2720005315557573
413,Hoàng Ngọc,Nữ,1980-09-10,Tỉnh Hà Tĩnh,042180635192,0775585444,janenguyen@gmail.com,"Số 153, Đường Nguyễn Huệ, Phường Lăng Cô, Tỉnh Hà Tĩnh",38709180771968
414,Phạm Ngọc,Nữ,1980-08-12,Tỉnh Lạng Sơn,020180651184,0985800165,johnmai@gmail.com,"Số 181, Đường Đại Cồ Việt, Phường Bách Khoa, Tỉnh Lạng Sơn",4786230380182639
415,Trần Duyên,Nữ,1993-09-25,Tỉnh Cao Bằng,004193274609,0798221341,johnle@gmail.com,"Số 280, Đường Nguyễn Trãi, Phường Lăng Cô, Tỉnh Cao Bằng",501802622024
416,Hoàng Trọng,Nam,1998-03-16,Thành phố Hà Nội,001098790314,0814343993,janemai@gmail.com,"Số 199, Đường Nguyễn Chí Thanh, Phường Hàng Bài, Thành phố Hà Nội",3534100345699463
417,Mai Yến,Nữ,1998-03-31,Thành phố Hà Nội,001198585843,0562376497,janele@gmail.com,"Số 273, Đường Quang Trung, Phường Tân Định, Thành phố Hà Nội",2313383823310790
418,Đặng Anh,Nam,1998-10-29,Tỉnh Bắc Ninh,024098240024,0848665047,gpham@gmail.com,"Số 146, Đường Phạm Văn Đồng, Phường Lăng Cô, Tỉnh Bắc Ninh",676313787514
419,Lê Hoàng,Nam,1965-12-13,Tỉnh Tây Ninh,080065103630,0326710323,jane80@gmail.com,"Số 263, Đường Hoàng Hoa Thám, Phường Lăng Cô, Tỉnh Tây Ninh",4468353804731469055
420,Hoàng Dũng,Nam,2007-06-14,Tỉnh Khánh Hòa,056207127703,0915808229,phamjohn@gmail.com,"Số 259, Đường Giải Phóng, Phường Dịch Vọng, Tỉnh Khánh Hòa",4048427438390982
421,Vũ Ngọc,Nữ,1968-06-09,Tỉnh Hưng Yên,033168812793,0707999408,janedang@gmail.com,"Số 157, Đường Giải Phóng, Phường Bến Nghé, Tỉnh Hưng Yên",676128743827
422,Bùi Nhiên,Nam,1984-02-13,Tỉnh Cao Bằng,004084261760,0779572180,tranjohn@gmail.com,"Số 37, Đường Hai Bà Trưng, Phường An Khánh, Tỉnh Cao Bằng",3560233489504202
423,Mai Vân,Nữ,2007-08-27,Tỉnh Quảng Ninh,022307899343,0845819665,johnnguyen@gmail.com,"Số 28, Đường Nguyễn Chí Thanh, Phường An Khánh, Tỉnh Quảng Ninh",4079066478747669
424,Dương Ngọc,Nữ,1993-03-04,Tỉnh Quảng Trị,044193648310,0904496351,tranjane@gmail.com,"Số 84, Đường Cầu Giấy, Phường Bến Nghé, Tỉnh Quảng Trị",4461454155102
425,Phạm Duyên,Nữ,1968-10-16,Tỉnh Tuyên Quang,008168936868,0945949269,johnhoang@gmail.com,"Số 174, Đường Cầu Giấy, Phường An Khánh, Tỉnh Tuyên Quang",4482432029847
426,Hoàng Thành,Nam,1967-10-14,Tỉnh Điện Biên,011067873338,0349131867,zpham@gmail.com,"Số 283, Đường Phạm Văn Đồng, Phường An Khánh, Tỉnh Điện Biên",3594234591667580
427,Nguyễn Ánh,Nữ,1998-10-02,Thành phố Huế,046198259125,0960478114,janehoang@gmail.com,"Số 283, Đường Cầu Giấy, Phường Tân Định, Thành phố Huế",4994762521942958
428,Mai Linh,Nữ,1985-08-24,Tỉnh Tuyên Quang,008185290266,0789057505,dangjohn@gmail.com,"Số 164, Đường Quang Trung, Phường Dịch Vọng, Tỉnh Tuyên Quang",213114303710836
429,Vũ Yến,Nữ,1986-11-23,Thành phố Huế,046186179402,0363655989,jane83@gmail.com,"Số 79, Đường Lê Lợi, Phường Lăng Cô, Thành phố Huế",3567435109710837
430,Lê Ngọc,Nữ,1989-12-27,Tỉnh Vĩnh Long,086189125827,0367606332,johnduong@gmail.com,"Số 138, Đường Quang Trung, Phường An Khánh, Tỉnh Vĩnh Long",4218995549858
431,Đặng Tùng,Nam,2006-01-05,Tỉnh Ninh Bình,037206379281,0889387056,maijohn@gmail.com,"Số 79, Đường Trường Chinh, Phường Bến Nghé, Tỉnh Ninh Bình",180058586989287
432,Mai Nam,Nam,1992-07-28,Tỉnh Sơn La,014092707415,0374860962,john00@gmail.com,"Số 56, Đường Lê Lợi, Phường Thạch Thang, Tỉnh Sơn La",4039461738862003
433,Phạm Yến,Nữ,1989-10-13,Tỉnh Lạng Sơn,020189635796,0569473602,fbui@gmail.com,"Số 113, Đường Giải Phóng, Phường An Khánh, Tỉnh Lạng Sơn",30383727646030
434,Nguyễn Bảo,Nam,2001-03-20,Tỉnh Vĩnh Long,086201829047,0389353337,hoangjohn@gmail.com,"Số 136, Đường Trần Hưng Đạo, Phường Bách Khoa, Tỉnh Vĩnh Long",4432632792378125628
435,Phạm Thành,Nam,1979-03-01,Tỉnh Đắc Lắc,066079093908,0970393319,nguyenjane@gmail.com,"Số 196, Đường Trần Hưng Đạo, Phường Thạch Thang, Tỉnh Đắc Lắc",2720497954685858
436,Trần Huy,Nam,1964-01-26,Tỉnh Phú Thọ,025064745363,0931553806,tranjane@gmail.com,"Số 170, Đường Nguyễn Chí Thanh, Phường Hàng Bài, Tỉnh Phú Thọ",4575725777824108405
437,Nguyễn Anh,Nam,1983-05-30,Tỉnh Hưng Yên,033083718987,0356705373,johnmai@gmail.com,"Số 226, Đường Lê Lợi, Phường An Khánh, Tỉnh Hưng Yên",340380769447454
438,Nguyễn Minh,Nam,1972-10-17,Tỉnh Bắc Ninh,024072610057,0777335045,vujane@gmail.com,"Số 99, Đường Hai Bà Trưng, Phường Thạch Thang, Tỉnh Bắc Ninh",2707438429841350
439,Phạm Trọng,Nam,1970-01-05,Tỉnh Hà Tĩnh,042070762892,0377883199,jane61@gmail.com,"Số 22, Đường Trường Chinh, Phường Hàng Bài, Tỉnh Hà Tĩnh",4106731850799193
440,Đặng Lan,Nữ,1988-12-18,Tỉnh Ninh Bình,037188925125,0860771061,ymai@gmail.com,"Số 174, Đường Trần Hưng Đạo, Phường Tân Định, Tỉnh Ninh Bình",4071545384324279154
441,Lê Tú,Nam,2003-04-14,Tỉnh Đồng Tháp,082203407682,0782281377,hoangjohn@gmail.com,"Số 36, Đường Hai Bà Trưng, Phường Tân Định, Tỉnh Đồng Tháp",4426824260740700
442,Trần Dương,Nữ,2004-07-25,Tỉnh Vĩnh Long,086304557038,0776866559,lejohn@gmail.com,"Số 203, Đường Nguyễn Chí Thanh, Phường Bến Nghé, Tỉnh Vĩnh Long",6011029720804833
443,Vũ Hồng,Nữ,1991-02-16,Tỉnh Lâm Đồng,068191404347,0798885641,jane51@gmail.com,"Số 115, Đường Phạm Văn Đồng, Phường Tân Định, Tỉnh Lâm Đồng",376426463787971
444,Trần Quang,Nam,2006-03-19,Tỉnh Khánh Hòa,056206346327,0788916139,jane50@gmail.com,"Số 277, Đường Giải Phóng, Phường Bách Khoa, Tỉnh Khánh Hòa",180079774887497
445,Trần Hương,Nữ,1996-08-18,Tỉnh Lâm Đồng,068196441070,0341218801,jane06@gmail.com,"Số 295, Đường Nguyễn Huệ, Phường Hàng Bài, Tỉnh Lâm Đồng",3587355684695441
446,Lê Nam,Nam,1991-07-13,Tỉnh Tuyên Quang,008091132369,0767439176,phamjohn@gmail.com,"Số 58, Đường Nguyễn Trãi, Phường Bến Nghé, Tỉnh Tuyên Quang",588907262269
447,Mai Lan,Nữ,1980-03-08,Tỉnh An Giang,091180513714,0529589359,john84@gmail.com,"Số 272, Đường Lê Duẩn, Phường Bách Khoa, Tỉnh An Giang",30031008179839
448,Phạm Mai,Nữ,2002-09-24,Tỉnh Tây Ninh,080302503970,0560055302,tranjane@gmail.com,"Số 3, Đường Cầu Giấy, Phường Hàng Bài, Tỉnh Tây Ninh",3533122374798512
449,Mai Vân,Nữ,2008-02-08,Thành phố Hà Nội,001308436216,0707461146,john99@gmail.com,"Số 154, Đường Nguyễn Trãi, Phường Hàng Bài, Thành phố Hà Nội",4958777924783
450,Bùi Chi,Nữ,1974-06-21,Thành phố Cần Thơ,092174504763,0389587088,janevu@gmail.com,"Số 26, Đường Trường Chinh, Phường Bách Khoa, Thành phố Cần Thơ",6592079456266811
451,Dương Vi,Nữ,1978-09-12,Thành phố Hồ Chí Minh,079178927731,0977649855,ibui@gmail.com,"Số 137, Đường Hoàng Hoa Thám, Phường Bến Nghé, Thành phố Hồ Chí Minh",213124715062064
452,Bùi Chi,Nữ,1961-12-26,Tỉnh Lào Cai,015161830947,0880704358,johnnguyen@gmail.com,"Số 96, Đường Lê Lợi, Phường Lăng Cô, Tỉnh Lào Cai",4562365500452399101
453,Phạm Trung,Nam,2007-02-15,Tỉnh Khánh Hòa,056207938242,0702746513,johnpham@gmail.com,"Số 213, Đường Nguyễn Trãi, Phường Bến Nghé, Tỉnh Khánh Hòa",213107030402164
454,Nguyễn Quang,Nam,1972-09-20,Tỉnh Thanh Hóa,038072524033,0330343443,buijane@gmail.com,"Số 150, Đường Cầu Giấy, Phường Bến Nghé, Tỉnh Thanh Hóa",30136481103139
455,Bùi Dũng,Nam,2008-07-27,Tỉnh Quảng Trị,044208781610,0974647146,tranjane@gmail.com,"Số 109, Đường Hai Bà Trưng, Phường Tân Định, Tỉnh Quảng Trị",213119065938566
456,Đặng Trọng,Nam,1967-10-28,Tỉnh Vĩnh Long,086067480989,0528498353,johnvu@gmail.com,"Số 9, Đường Đại Cồ Việt, Phường Thạch Thang, Tỉnh Vĩnh Long",3575722958959619
457,Nguyễn Ngọc,Nữ,1984-08-14,Tỉnh Lào Cai,015184803623,0524247952,buijohn@gmail.com,"Số 56, Đường Trường Chinh, Phường Tân Định, Tỉnh Lào Cai",4062491067460830
458,Nguyễn Yến,Nữ,1997-06-15,Tỉnh Thái Nguyên,019197715402,0766406169,duongjane@gmail.com,"Số 179, Đường Nguyễn Trãi, Phường An Khánh, Tỉnh Thái Nguyên",180070751393534
459,Lê Dương,Nữ,1987-11-04,Thành phố Hồ Chí Minh,079187820784,0978934431,johnvu@gmail.com,"Số 187, Đường Trường Chinh, Phường Lăng Cô, Thành phố Hồ Chí Minh",4363648748588
460,Phạm Ngọc,Nữ,1964-09-05,Tỉnh Lâm Đồng,068164605713,0818646080,hoangjane@gmail.com,"Số 138, Đường Hai Bà Trưng, Phường Tân Định, Tỉnh Lâm Đồng",4353376894720
461,Mai Vi,Nữ,1991-10-26,Tỉnh Đồng Tháp,082191131547,0336088677,john33@gmail.com,"Số 174, Đường Quang Trung, Phường Bến Nghé, Tỉnh Đồng Tháp",180024774335469
462,Hoàng Chi,Nữ,1997-07-27,Tỉnh Quảng Ninh,022197470480,0829726275,odang@gmail.com,"Số 251, Đường Đại Cồ Việt, Phường Dịch Vọng, Tỉnh Quảng Ninh",3567414964561338
463,Bùi Hương,Nữ,1986-07-05,Thành phố Hải Phòng,031186137671,0347122319,tpham@gmail.com,"Số 257, Đường Hoàng Hoa Thám, Phường Bách Khoa, Thành phố Hải Phòng",4721402346619065
464,Hoàng Lan,Nữ,1983-11-20,Tỉnh Lai Châu,012183459250,0977820951,janetran@gmail.com,"Số 59, Đường Nguyễn Huệ, Phường Tân Định, Tỉnh Lai Châu",377665708932152
465,Đặng Hoàng,Nam,1996-01-21,Thành phố Đà Nẵng,048096078152,0586682408,janemai@gmail.com,"Số 290, Đường Đại Cồ Việt, Phường Tân Định, Thành phố Đà Nẵng",4533098407686189
466,Vũ Nhiên,Nam,1964-06-27,Tỉnh Quảng Trị,044064935371,0823401542,gtran@gmail.com,"Số 222, Đường Hoàng Hoa Thám, Phường Dịch Vọng, Tỉnh Quảng Trị",3549158924163668
467,Bùi Quang,Nam,1963-11-05,Thành phố Hà Nội,001063223977,0792623798,hoangjane@gmail.com,"Số 249, Đường Quang Trung, Phường Tân Định, Thành phố Hà Nội",3528391355948621
468,Nguyễn Nhiên,Nam,2007-02-11,Tỉnh Gia Lai,052207427326,0767830636,phamjohn@gmail.com,"Số 169, Đường Đại Cồ Việt, Phường Bách Khoa, Tỉnh Gia Lai",378241738127335
469,Dương Phúc,Nam,1962-05-26,Thành phố Hồ Chí Minh,079062717241,0989181446,buijohn@gmail.com,"Số 92, Đường Cầu Giấy, Phường Thạch Thang, Thành phố Hồ Chí Minh",4080021022340971
470,Vũ Vi,Nữ,1997-05-28,Tỉnh Cà Mau,096197581514,0846739940,hvu@gmail.com,"Số 299, Đường Hoàng Hoa Thám, Phường Dịch Vọng, Tỉnh Cà Mau",4633910948921544717
471,Lê Thảo,Nữ,2003-01-02,Tỉnh Hà Tĩnh,042303149067,0397856462,johnvu@gmail.com,"Số 121, Đường Nguyễn Trãi, Phường An Khánh, Tỉnh Hà Tĩnh",4786669292369
472,Đặng Ánh,Nữ,1995-09-11,Tỉnh Hà Tĩnh,042195029572,0823799091,etran@gmail.com,"Số 298, Đường Cầu Giấy, Phường Thạch Thang, Tỉnh Hà Tĩnh",30030686045387
473,Lê Vi,Nữ,1995-02-01,Tỉnh Cao Bằng,004195123171,0796134495,johnnguyen@gmail.com,"Số 173, Đường Hai Bà Trưng, Phường Lăng Cô, Tỉnh Cao Bằng",6011499383187521
474,Phạm Tùng,Nam,1998-03-09,Tỉnh Nghệ An,040098325744,0583443224,janevu@gmail.com,"Số 157, Đường Cầu Giấy, Phường Lăng Cô, Tỉnh Nghệ An",213169247483650
475,Mai Châu,Nam,2006-07-25,Thành phố Cần Thơ,092206754657,0585224601,jane81@gmail.com,"Số 274, Đường Đại Cồ Việt, Phường Lăng Cô, Thành phố Cần Thơ",5504175076175439
476,Phạm Yến,Nữ,1966-04-03,Tỉnh Đồng Nai,075166874655,0364838446,hoangjohn@gmail.com,"Số 130, Đường Cầu Giấy, Phường An Khánh, Tỉnh Đồng Nai",347748738471305
477,Mai Linh,Nữ,2008-08-08,Tỉnh Phú Thọ,025308772168,0779086565,nduong@gmail.com,"Số 171, Đường Lê Duẩn, Phường An Khánh, Tỉnh Phú Thọ",4334181549345
478,Vũ Trọng,Nam,1964-09-02,Tỉnh Phú Thọ,025064768906,0797035463,mhoang@gmail.com,"Số 262, Đường Trường Chinh, Phường Thạch Thang, Tỉnh Phú Thọ",4063996846076502869
479,Nguyễn Quang,Nam,1992-11-26,Thành phố Cần Thơ,092092370926,0393772956,vvu@gmail.com,"Số 286, Đường Hai Bà Trưng, Phường Tân Định, Thành phố Cần Thơ",30495035800107
480,Bùi Xuân,Nữ,1963-02-24,Tỉnh Hà Tĩnh,042163723477,0865289588,dangjane@gmail.com,"Số 201, Đường Trần Hưng Đạo, Phường Bến Nghé, Tỉnh Hà Tĩnh",2284184576447929
481,Vũ Chi,Nữ,1984-12-19,Tỉnh Gia Lai,052184071532,0780412985,johnbui@gmail.com,"Số 186, Đường Nguyễn Chí Thanh, Phường Bến Nghé, Tỉnh Gia Lai",4415414399861
482,Đặng Thành,Nam,1976-11-16,Thành phố Hải Phòng,031076008794,0939099403,john92@gmail.com,"Số 152, Đường Phạm Văn Đồng, Phường An Khánh, Thành phố Hải Phòng",3570443591111121
483,Vũ Hưng,Nam,1989-05-21,Tỉnh Thanh Hóa,038089674724,0526289796,janevu@gmail.com,"Số 111, Đường Lê Lợi, Phường An Khánh, Tỉnh Thanh Hóa",3570044529623789
484,Nguyễn Hương,Nữ,2004-05-05,Tỉnh Điện Biên,011304019124,0912224694,lejohn@gmail.com,"Số 242, Đường Trần Hưng Đạo, Phường An Khánh, Tỉnh Điện Biên",3588944988139682
485,Hoàng Yến,Nữ,1960-12-22,Tỉnh Đắc Lắc,066160654765,0525639311,johntran@gmail.com,"Số 186, Đường Hoàng Hoa Thám, Phường Tân Định, Tỉnh Đắc Lắc",4589635180951073247
486,Trần Dương,Nữ,1978-04-22,Tỉnh Cao Bằng,004178520041,0828093655,jane80@gmail.com,"Số 296, Đường Trường Chinh, Phường Hàng Bài, Tỉnh Cao Bằng",4362099803562103
487,Nguyễn Anh,Nam,1962-04-08,Tỉnh Lào Cai,015062485595,0816035670,janeduong@gmail.com,"Số 129, Đường Hai Bà Trưng, Phường Dịch Vọng, Tỉnh Lào Cai",3587595060298027
488,Vũ Nhiên,Nam,1999-06-11,Tỉnh An Giang,091099322327,0824866287,lejane@gmail.com,"Số 72, Đường Cầu Giấy, Phường Tân Định, Tỉnh An Giang",213154832597569
489,Nguyễn Hưng,Nam,2006-04-20,Tỉnh Lào Cai,015206861757,0782978423,jane52@gmail.com,"Số 291, Đường Nguyễn Trãi, Phường Lăng Cô, Tỉnh Lào Cai",30514723074195
490,Bùi Xuân,Nữ,1973-03-24,Tỉnh Bắc Ninh,024173626600,0945680555,janehoang@gmail.com,"Số 37, Đường Phạm Văn Đồng, Phường Bách Khoa, Tỉnh Bắc Ninh",6562237087156944
491,Vũ Hoàng,Nam,2001-06-13,Tỉnh Lâm Đồng,068201884849,0709527638,zmai@gmail.com,"Số 211, Đường Quang Trung, Phường An Khánh, Tỉnh Lâm Đồng",501809373936
492,Hoàng Duyên,Nữ,1991-10-22,Tỉnh Quảng Ngãi,051191900877,0820670117,john44@gmail.com,"Số 151, Đường Phạm Văn Đồng, Phường Bách Khoa, Tỉnh Quảng Ngãi",3519111736687511
493,Đặng Khoa,Nam,2007-01-21,Tỉnh Tuyên Quang,008207747060,0325048331,phamjane@gmail.com,"Số 142, Đường Trần Hưng Đạo, Phường Tân Định, Tỉnh Tuyên Quang",342020419942912
494,Dương Duyên,Nữ,1977-08-15,Tỉnh Cà Mau,096177733172,0322661978,dbui@gmail.com,"Số 61, Đường Lê Duẩn, Phường Lăng Cô, Tỉnh Cà Mau",639029530479
495,Nguyễn Phúc,Nam,1982-02-12,Tỉnh Sơn La,014082550972,0981304881,johnnguyen@gmail.com,"Số 183, Đường Hai Bà Trưng, Phường Lăng Cô, Tỉnh Sơn La",4219318617248351
496,Lê Anh,Nam,1974-11-27,Tỉnh Gia Lai,052074448338,0856215938,nmai@gmail.com,"Số 253, Đường Nguyễn Trãi, Phường Tân Định, Tỉnh Gia Lai",4492533421801
497,Phạm Vân,Nữ,2004-08-08,Tỉnh Gia Lai,052304767817,0528852279,tranjane@gmail.com,"Số 68, Đường Cầu Giấy, Phường Hàng Bài, Tỉnh Gia Lai",4282824639656242
498,Phạm Nhiên,Nam,1987-07-11,Tỉnh Ninh Bình,037087073071,0561271728,vujane@gmail.com,"Số 265, Đường Đại Cồ Việt, Phường Bến Nghé, Tỉnh Ninh Bình",3555471021437666
499,Hoàng Khoa,Nam,1994-01-13,Tỉnh Phú Thọ,025094135437,0830267637,nhoang@gmail.com,"Số 202, Đường Đại Cồ Việt, Phường Bến Nghé, Tỉnh Phú Thọ",30292556491519
500,Hoàng Châu,Nam,2005-09-08,Tỉnh Thanh Hóa,038205838365,0326006359,pvu@gmail.com,"Số 102, Đường Đại Cồ Việt, Phường Dịch Vọng, Tỉnh Thanh Hóa",4253301264425090163
501,Vũ Xuân,Nữ,1994-04-13,Tỉnh Quảng Ngãi,051194782545,0895153361,john97@gmail.com,"Số 107, Đường Cầu Giấy, Phường Bách Khoa, Tỉnh Quảng Ngãi",3509361153729948
502,Trần Tú,Nam,1968-04-29,Tỉnh Hưng Yên,033068883637,0866265823,jane33@gmail.com,"Số 73, Đường Giải Phóng, Phường Thạch Thang, Tỉnh Hưng Yên",3563984649048046
503,Trần Ánh,Nữ,1975-01-22,Thành phố Cần Thơ,092175227085,0360731657,john78@gmail.com,"Số 125, Đường Nguyễn Trãi, Phường An Khánh, Thành phố Cần Thơ",180043420170872
504,Dương Thảo,Nữ,1967-12-23,Tỉnh Lạng Sơn,020167502834,0834844192,nguyenjohn@gmail.com,"Số 30, Đường Cầu Giấy, Phường Lăng Cô, Tỉnh Lạng Sơn",4268292879116767909
505,Phạm Mai,Nữ,2004-02-14,Tỉnh Nghệ An,040304517967,0783431567,ple@gmail.com,"Số 80, Đường Hoàng Hoa Thám, Phường Hàng Bài, Tỉnh Nghệ An",4885720900831657
506,Hoàng Tùng,Nam,2002-04-28,Tỉnh Vĩnh Long,086202625954,0826698114,jane82@gmail.com,"Số 165, Đường Nguyễn Huệ, Phường Dịch Vọng, Tỉnh Vĩnh Long",374293081478959
507,Mai Mai,Nữ,1961-09-28,Tỉnh Cà Mau,096161459131,0580528336,hoangjane@gmail.com,"Số 234, Đường Hoàng Hoa Thám, Phường Thạch Thang, Tỉnh Cà Mau",4563849947618527
508,Dương Quang,Nam,1965-09-09,Tỉnh Lâm Đồng,068065290533,0897659847,john70@gmail.com,"Số 289, Đường Hai Bà Trưng, Phường Thạch Thang, Tỉnh Lâm Đồng",4294809346518576181
509,Vũ Mai,Nữ,1979-01-01,Tỉnh Lạng Sơn,020179067153,0880716498,janebui@gmail.com,"Số 27, Đường Quang Trung, Phường Tân Định, Tỉnh Lạng Sơn",342569761929315
510,Mai Hoàng,Nam,1974-01-30,Tỉnh Phú Thọ,025074530047,0331584041,xpham@gmail.com,"Số 263, Đường Hai Bà Trưng, Phường Hàng Bài, Tỉnh Phú Thọ",4867373542868117
511,Trần Dương,Nữ,1970-11-28,Tỉnh Thanh Hóa,038170192122,0324823715,phamjane@gmail.com,"Số 213, Đường Nguyễn Chí Thanh, Phường Tân Định, Tỉnh Thanh Hóa",6011065206299163
512,Phạm Anh,Nam,1982-04-01,Thành phố Huế,046082486627,0527467159,john33@gmail.com,"Số 212, Đường Lê Duẩn, Phường Hàng Bài, Thành phố Huế",3577080604113802
513,Phạm Dũng,Nam,2003-09-07,Thành phố Đà Nẵng,048203188830,0788958421,duongjane@gmail.com,"Số 9, Đường Phạm Văn Đồng, Phường Bến Nghé, Thành phố Đà Nẵng",4441264561798
514,Dương Khoa,Nam,1963-05-18,Tỉnh Quảng Ngãi,051063827531,0810208774,john46@gmail.com,"Số 229, Đường Nguyễn Trãi, Phường Bến Nghé, Tỉnh Quảng Ngãi",3594349159656534
515,Vũ Trung,Nam,1968-10-16,Tỉnh Vĩnh Long,086068200240,0943413119,npham@gmail.com,"Số 96, Đường Trần Hưng Đạo, Phường Tân Định, Tỉnh Vĩnh Long",345027084331724
516,Phạm Bảo,Nam,2000-10-11,Tỉnh Lâm Đồng,068200376152,0780954761,janemai@gmail.com,"Số 59, Đường Giải Phóng, Phường Lăng Cô, Tỉnh Lâm Đồng",3542294704812039
517,Bùi Ngọc,Nữ,1975-07-27,Tỉnh Lạng Sơn,020175562300,0889713222,john39@gmail.com,"Số 13, Đường Đại Cồ Việt, Phường Hàng Bài, Tỉnh Lạng Sơn",675939394887
518,Phạm Hoàng,Nam,1964-06-09,Thành phố Hà Nội,001064581271,0389291993,janetran@gmail.com,"Số 128, Đường Hai Bà Trưng, Phường Tân Định, Thành phố Hà Nội",4894664957497
519,Dương Hương,Nữ,1999-02-08,Tỉnh Quảng Trị,044199852908,0827039790,john38@gmail.com,"Số 91, Đường Đại Cồ Việt, Phường Hàng Bài, Tỉnh Quảng Trị",6011173005871826
520,Vũ Dũng,Nam,2004-09-13,Tỉnh Tây Ninh,080204208649,0862864726,johnbui@gmail.com,"Số 268, Đường Phạm Văn Đồng, Phường Tân Định, Tỉnh Tây Ninh",213198323015581
521,Phạm Mai,Nữ,1989-11-22,Tỉnh Bắc Ninh,024189478349,0883484549,john64@gmail.com,"Số 70, Đường Quang Trung, Phường Thạch Thang, Tỉnh Bắc Ninh",30154326913059
522,Trần Yến,Nữ,1966-01-01,Thành phố Hồ Chí Minh,079166555799,0380228607,upham@gmail.com,"Số 210, Đường Cầu Giấy, Phường Bến Nghé, Thành phố Hồ Chí Minh",4894825448505199
523,Trần Thảo,Nữ,1974-10-20,Tỉnh Lai Châu,012174392270,0769822090,jane76@gmail.com,"Số 18, Đường Nguyễn Chí Thanh, Phường Hàng Bài, Tỉnh Lai Châu",5449291938842690
524,Phạm Yến,Nữ,1966-11-09,Thành phố Đà Nẵng,048166464369,0984090730,dangjohn@gmail.com,"Số 256, Đường Hoàng Hoa Thám, Phường Lăng Cô, Thành phố Đà Nẵng",213171369126943
525,Vũ Quang,Nam,1964-09-23,Tỉnh Đắc Lắc,066064772092,0377532167,vnguyen@gmail.com,"Số 237, Đường Trường Chinh, Phường An Khánh, Tỉnh Đắc Lắc",4681216013350285
526,Trần Tùng,Nam,1967-11-17,Thành phố Huế,046067730703,0771085031,john10@gmail.com,"Số 280, Đường Phạm Văn Đồng, Phường Dịch Vọng, Thành phố Huế",3506099169887531
527,Lê Hoàng,Nam,1991-06-14,Tỉnh Lào Cai,015091136311,0857708189,hoangjohn@gmail.com,"Số 203, Đường Cầu Giấy, Phường Bách Khoa, Tỉnh Lào Cai",4041611726217
528,Trần Dương,Nữ,1999-02-09,Tỉnh Quảng Ngãi,051199116524,0935092443,hoangjane@gmail.com,"Số 6, Đường Nguyễn Huệ, Phường An Khánh, Tỉnh Quảng Ngãi",578128651457
529,Nguyễn Duyên,Nữ,1990-06-27,Tỉnh Đồng Nai,075190925682,0825255843,iduong@gmail.com,"Số 87, Đường Lê Lợi, Phường Hàng Bài, Tỉnh Đồng Nai",373067922904865
530,Dương Hưng,Nam,1992-06-24,Tỉnh Lào Cai,015092144438,0904012684,jane23@gmail.com,"Số 24, Đường Trường Chinh, Phường Bến Nghé, Tỉnh Lào Cai",4120673969305524
531,Nguyễn Huy,Nam,1973-01-12,Thành phố Huế,046073745332,0934904441,rmai@gmail.com,"Số 80, Đường Trần Hưng Đạo, Phường Bến Nghé, Thành phố Huế",4460422605289
532,Đặng Dũng,Nam,1979-09-08,Tỉnh Phú Thọ,025079817023,0560901528,lhoang@gmail.com,"Số 157, Đường Trường Chinh, Phường Bến Nghé, Tỉnh Phú Thọ",30422334270964
533,Đặng Minh,Nam,1965-02-07,Tỉnh Khánh Hòa,056065028502,0934604198,jane34@gmail.com,"Số 28, Đường Trường Chinh, Phường Bách Khoa, Tỉnh Khánh Hòa",2396644406632326
534,Nguyễn Ngọc,Nữ,1984-10-21,Thành phố Hồ Chí Minh,079184187087,0842138842,sle@gmail.com,"Số 10, Đường Hoàng Hoa Thám, Phường Tân Định, Thành phố Hồ Chí Minh",5513849134679868
535,Bùi Vân,Nữ,1986-07-24,Tỉnh Lâm Đồng,068186748825,0842021503,johnduong@gmail.com,"Số 254, Đường Phạm Văn Đồng, Phường An Khánh, Tỉnh Lâm Đồng",4698153998043076931
536,Trần Xuân,Nữ,1998-07-18,Tỉnh Hưng Yên,033198730857,0341625462,wbui@gmail.com,"Số 271, Đường Lê Lợi, Phường Bến Nghé, Tỉnh Hưng Yên",4664805814041393661
537,Phạm Bảo,Nam,2008-06-04,Tỉnh Nghệ An,040208571976,0338620078,jane90@gmail.com,"Số 200, Đường Nguyễn Trãi, Phường Thạch Thang, Tỉnh Nghệ An",3542656673681571
538,Nguyễn Vũ,Nam,1985-02-06,Tỉnh Lạng Sơn,020085575840,0765432485,john87@gmail.com,"Số 118, Đường Hai Bà Trưng, Phường Thạch Thang, Tỉnh Lạng Sơn",4164676241020727
539,Bùi Vi,Nữ,1962-06-18,Tỉnh Quảng Ninh,022162878613,0346131317,dangjane@gmail.com,"Số 203, Đường Cầu Giấy, Phường Bách Khoa, Tỉnh Quảng Ninh",3512938147913632
540,Phạm Quang,Nam,2000-07-17,Thành phố Hà Nội,001200047205,0700258607,gdang@gmail.com,"Số 81, Đường Trường Chinh, Phường Lăng Cô, Thành phố Hà Nội",4122633163573895
541,Lê Xuân,Nữ,1978-08-05,Tỉnh Hưng Yên,033178390124,0868437432,choang@gmail.com,"Số 215, Đường Lê Duẩn, Phường An Khánh, Tỉnh Hưng Yên",4208144459893
542,Hoàng Trọng,Nam,1984-10-07,Tỉnh Lạng Sơn,020084823234,0891799704,tranjohn@gmail.com,"Số 219, Đường Hoàng Hoa Thám, Phường Bến Nghé, Tỉnh Lạng Sơn",6011761636281850
543,Trần Trung,Nam,1994-09-04,Tỉnh Cà Mau,096094340690,0322074025,duongjane@gmail.com,"Số 145, Đường Nguyễn Huệ, Phường Thạch Thang, Tỉnh Cà Mau",4871651627504143
544,Phạm Xuân,Nữ,1981-12-21,Thành phố Đà Nẵng,048181386496,0815115212,lejane@gmail.com,"Số 273, Đường Nguyễn Trãi, Phường Bến Nghé, Thành phố Đà Nẵng",3564795793872844
545,Đặng Trọng,Nam,1965-04-01,Tỉnh Tuyên Quang,008065215244,0359587807,duongjane@gmail.com,"Số 288, Đường Cầu Giấy, Phường Bách Khoa, Tỉnh Tuyên Quang",676229363079
546,Phạm Vi,Nữ,1983-07-30,Tỉnh Điện Biên,011183794255,0828376926,jane81@gmail.com,"Số 87, Đường Phạm Văn Đồng, Phường An Khánh, Tỉnh Điện Biên",30173355683987
547,Trần Quang,Nam,1992-03-25,Tỉnh Quảng Trị,044092442558,0930584420,lejohn@gmail.com,"Số 59, Đường Nguyễn Huệ, Phường Thạch Thang, Tỉnh Quảng Trị",180026528429928
548,Đặng Huy,Nam,1992-06-06,Tỉnh Vĩnh Long,086092250747,0398107560,fpham@gmail.com,"Số 253, Đường Nguyễn Huệ, Phường Dịch Vọng, Tỉnh Vĩnh Long",6011775122103428
549,Hoàng Vi,Nữ,1974-10-05,Thành phố Đà Nẵng,048174574962,0929100348,janeduong@gmail.com,"Số 86, Đường Lê Duẩn, Phường An Khánh, Thành phố Đà Nẵng",6573065150270210
550,Dương Dương,Nữ,1970-04-17,Tỉnh Phú Thọ,025170753323,0832223831,pnguyen@gmail.com,"Số 15, Đường Nguyễn Huệ, Phường Hàng Bài, Tỉnh Phú Thọ",3529625340439207
551,Mai Anh,Nam,1994-06-22,Tỉnh Hưng Yên,033094069076,0349062178,johndang@gmail.com,"Số 113, Đường Giải Phóng, Phường Dịch Vọng, Tỉnh Hưng Yên",213192750272260
552,Hoàng Vi,Nữ,1994-07-26,Thành phố Đà Nẵng,048194241103,0844275784,tranjane@gmail.com,"Số 148, Đường Lê Duẩn, Phường Tân Định, Thành phố Đà Nẵng",377347544377963
553,Lê Vân,Nữ,1971-02-12,Thành phố Cần Thơ,092171267943,0847254000,dangjane@gmail.com,"Số 91, Đường Cầu Giấy, Phường An Khánh, Thành phố Cần Thơ",4247505206512016359
554,Hoàng Hoàng,Nam,1970-09-06,Tỉnh Lạng Sơn,020070427659,0975943044,gdang@gmail.com,"Số 246, Đường Quang Trung, Phường Bách Khoa, Tỉnh Lạng Sơn",6514071237316119
555,Bùi Hương,Nữ,1992-12-20,Tỉnh Lào Cai,015192301084,0707862861,duongjane@gmail.com,"Số 171, Đường Nguyễn Trãi, Phường Dịch Vọng, Tỉnh Lào Cai",4915941366298694
556,Mai Vân,Nữ,1996-05-11,Tỉnh Đắc Lắc,066196065865,0838347672,qvu@gmail.com,"Số 7, Đường Hai Bà Trưng, Phường Dịch Vọng, Tỉnh Đắc Lắc",36071007145583
557,Hoàng Quang,Nam,1983-10-18,Tỉnh Hưng Yên,033083009612,0823283585,dangjohn@gmail.com,"Số 236, Đường Lê Lợi, Phường Hàng Bài, Tỉnh Hưng Yên",30067967883904
558,Phạm Anh,Nam,1986-11-26,Tỉnh Ninh Bình,037086697673,0704698293,janetran@gmail.com,"Số 49, Đường Phạm Văn Đồng, Phường Tân Định, Tỉnh Ninh Bình",4672564922146018
559,Đặng Quang,Nam,1996-03-13,Tỉnh Khánh Hòa,056096645478,0373117205,tranjane@gmail.com,"Số 279, Đường Lê Duẩn, Phường Lăng Cô, Tỉnh Khánh Hòa",6580570994082714
560,Trần Nhiên,Nam,1968-05-26,Tỉnh Đồng Nai,075068556510,0966026270,ppham@gmail.com,"Số 187, Đường Hoàng Hoa Thám, Phường Bách Khoa, Tỉnh Đồng Nai",4905834480808831
561,Mai Vân,Nữ,1992-06-20,Tỉnh Vĩnh Long,086192363001,0948890968,duongjane@gmail.com,"Số 83, Đường Cầu Giấy, Phường Tân Định, Tỉnh Vĩnh Long",3586928695387926
562,Mai Xuân,Nữ,1978-10-16,Tỉnh Hưng Yên,033178673591,0706776395,johnnguyen@gmail.com,"Số 250, Đường Trần Hưng Đạo, Phường Dịch Vọng, Tỉnh Hưng Yên",4822253545160082807
563,Mai Vũ,Nam,1965-03-07,Tỉnh Nghệ An,040065479241,0379545075,johnpham@gmail.com,"Số 221, Đường Giải Phóng, Phường Bến Nghé, Tỉnh Nghệ An",2255740031351256
564,Nguyễn Hồng,Nữ,1995-05-09,Tỉnh Cà Mau,096195412070,0917360221,john98@gmail.com,"Số 112, Đường Trường Chinh, Phường Thạch Thang, Tỉnh Cà Mau",3532466308292063
565,Phạm Nhiên,Nam,1964-06-26,Tỉnh Ninh Bình,037064160859,0910198738,john14@gmail.com,"Số 153, Đường Quang Trung, Phường Bến Nghé, Tỉnh Ninh Bình",2252780924012329
566,Lê Linh,Nữ,2004-10-31,Tỉnh Lạng Sơn,020304019332,0388926472,nguyenjane@gmail.com,"Số 272, Đường Trần Hưng Đạo, Phường Hàng Bài, Tỉnh Lạng Sơn",060488604905
567,Phạm Phúc,Nam,2001-05-03,Thành phố Hồ Chí Minh,079201395390,0366819139,jane22@gmail.com,"Số 118, Đường Nguyễn Chí Thanh, Phường Lăng Cô, Thành phố Hồ Chí Minh",676317113329
568,Dương Thảo,Nữ,2005-10-21,Tỉnh Tuyên Quang,008305406447,0523321390,tranjohn@gmail.com,"Số 28, Đường Phạm Văn Đồng, Phường Tân Định, Tỉnh Tuyên Quang",4751056595758
569,Hoàng Hưng,Nam,1969-01-17,Tỉnh Ninh Bình,037069848092,0708828503,dangjohn@gmail.com,"Số 53, Đường Nguyễn Huệ, Phường Hàng Bài, Tỉnh Ninh Bình",3534295982804739
570,Mai Hồng,Nữ,1979-06-22,Thành phố Hồ Chí Minh,079179818734,0356371762,duongjane@gmail.com,"Số 285, Đường Cầu Giấy, Phường Lăng Cô, Thành phố Hồ Chí Minh",4036703445326308
571,Hoàng Phúc,Nam,1975-09-26,Tỉnh Đắc Lắc,066075817800,0780962128,jane37@gmail.com,"Số 41, Đường Lê Lợi, Phường Tân Định, Tỉnh Đắc Lắc",3587786946930160
572,Dương Chi,Nữ,1995-09-03,Thành phố Hải Phòng,031195983425,0386626999,ymai@gmail.com,"Số 225, Đường Hai Bà Trưng, Phường Bến Nghé, Thành phố Hải Phòng",6011782112451403
573,Hoàng Hồng,Nữ,1979-02-02,Tỉnh Điện Biên,011179361055,0347603930,janetran@gmail.com,"Số 171, Đường Lê Duẩn, Phường Hàng Bài, Tỉnh Điện Biên",36783915018658
574,Lê Vũ,Nam,1965-05-10,Tỉnh Quảng Trị,044065035919,0371505031,buijane@gmail.com,"Số 208, Đường Lê Duẩn, Phường An Khánh, Tỉnh Quảng Trị",4334922680220751682
575,Dương Yến,Nữ,1985-12-30,Tỉnh Lai Châu,012185942946,0365792513,jane39@gmail.com,"Số 52, Đường Hoàng Hoa Thám, Phường Thạch Thang, Tỉnh Lai Châu",30381360451247
576,Dương Hoàng,Nam,2008-09-20,Tỉnh Nghệ An,040208308919,0893802074,jpham@gmail.com,"Số 46, Đường Trần Hưng Đạo, Phường Bách Khoa, Tỉnh Nghệ An",2310419668735643
577,Trần Thảo,Nữ,1983-02-10,Tỉnh Lai Châu,012183848466,0330426135,johnduong@gmail.com,"Số 15, Đường Cầu Giấy, Phường Bách Khoa, Tỉnh Lai Châu",3558742037834535
578,Bùi Tú,Nam,1982-01-13,Tỉnh Cà Mau,096082922347,0784527499,tranjohn@gmail.com,"Số 249, Đường Lê Lợi, Phường Bến Nghé, Tỉnh Cà Mau",2719652168929921
579,Bùi Yến,Nữ,1984-11-19,Thành phố Hải Phòng,031184592553,0823580420,johndang@gmail.com,"Số 204, Đường Đại Cồ Việt, Phường Bến Nghé, Thành phố Hải Phòng",180079787954235
580,Dương Dũng,Nam,1961-06-07,Tỉnh Lạng Sơn,020061758338,0945719715,wmai@gmail.com,"Số 274, Đường Quang Trung, Phường Hàng Bài, Tỉnh Lạng Sơn",4829914876819361
581,Trần Dũng,Nam,1984-12-18,Tỉnh Hưng Yên,033084201268,0362826151,vujane@gmail.com,"Số 21, Đường Hai Bà Trưng, Phường Tân Định, Tỉnh Hưng Yên",585422954883
582,Lê Quang,Nam,1965-04-05,Tỉnh Tuyên Quang,008065889714,0849361468,johnduong@gmail.com,"Số 157, Đường Lê Lợi, Phường Hàng Bài, Tỉnh Tuyên Quang",4497563627085052
583,Vũ Tùng,Nam,1965-09-27,Tỉnh Đồng Nai,075065371015,0895987883,janepham@gmail.com,"Số 6, Đường Hai Bà Trưng, Phường Tân Định, Tỉnh Đồng Nai",4109018563250283290
584,Lê Yến,Nữ,2002-07-02,Tỉnh Quảng Ngãi,051302259830,0917215686,tranjohn@gmail.com,"Số 80, Đường Nguyễn Chí Thanh, Phường Tân Định, Tỉnh Quảng Ngãi",180081926772833
585,Đặng Yến,Nữ,1986-04-20,Tỉnh Cao Bằng,004186667191,0331525616,john88@gmail.com,"Số 223, Đường Đại Cồ Việt, Phường Thạch Thang, Tỉnh Cao Bằng",4874309000015213640
586,Đặng Lan,Nữ,1960-10-18,Thành phố Hải Phòng,031160098601,0968202862,tranjohn@gmail.com,"Số 221, Đường Quang Trung, Phường Thạch Thang, Thành phố Hải Phòng",30063712303389
587,Dương Phúc,Nam,2003-02-24,Tỉnh Vĩnh Long,086203659689,0766290518,tranjohn@gmail.com,"Số 101, Đường Hai Bà Trưng, Phường Bến Nghé, Tỉnh Vĩnh Long",213181759040331
588,Vũ Tú,Nam,1977-09-24,Tỉnh Vĩnh Long,086077951805,0861450638,gvu@gmail.com,"Số 115, Đường Giải Phóng, Phường Dịch Vọng, Tỉnh Vĩnh Long",4964317795447191533
589,Nguyễn Hoàng,Nam,2001-01-18,Tỉnh Vĩnh Long,086201800811,0790601350,wduong@gmail.com,"Số 32, Đường Trường Chinh, Phường Thạch Thang, Tỉnh Vĩnh Long",4504088643304312183
590,Dương Vân,Nữ,2001-07-27,Tỉnh Bắc Ninh,024301330503,0967680797,buijohn@gmail.com,"Số 84, Đường Đại Cồ Việt, Phường An Khánh, Tỉnh Bắc Ninh",4761006866553496
591,Phạm Linh,Nữ,1997-01-08,Tỉnh Bắc Ninh,024197021034,0322383237,hoangjohn@gmail.com,"Số 80, Đường Trường Chinh, Phường An Khánh, Tỉnh Bắc Ninh",575958616592
592,Mai Duyên,Nữ,1979-06-06,Tỉnh Sơn La,014179922775,0973631073,nguyenjohn@gmail.com,"Số 16, Đường Nguyễn Chí Thanh, Phường Thạch Thang, Tỉnh Sơn La",30391449115812
593,Bùi Tú,Nam,1973-02-12,Tỉnh Ninh Bình,037073860815,0705814099,ivu@gmail.com,"Số 223, Đường Nguyễn Chí Thanh, Phường An Khánh, Tỉnh Ninh Bình",30081326888421
594,Trần Linh,Nữ,1977-11-26,Thành phố Hà Nội,001177848514,0795816976,hoangjohn@gmail.com,"Số 176, Đường Cầu Giấy, Phường Bách Khoa, Thành phố Hà Nội",676362058775
595,Mai Thảo,Nữ,2002-05-03,Tỉnh Hưng Yên,033302949555,0827553607,johntran@gmail.com,"Số 166, Đường Giải Phóng, Phường Tân Định, Tỉnh Hưng Yên",4387804584647614
596,Lê Duyên,Nữ,1989-08-15,Tỉnh Phú Thọ,025189467276,0888418399,wtran@gmail.com,"Số 276, Đường Cầu Giấy, Phường Tân Định, Tỉnh Phú Thọ",639065303401
597,Trần Chi,Nữ,1991-04-28,Thành phố Hồ Chí Minh,079191794105,0883184853,duongjohn@gmail.com,"Số 74, Đường Hai Bà Trưng, Phường Bách Khoa, Thành phố Hồ Chí Minh",3518301751593287
598,Vũ Tùng,Nam,1965-01-25,Thành phố Huế,046065053608,0912768863,dbui@gmail.com,"Số 197, Đường Trần Hưng Đạo, Phường Dịch Vọng, Thành phố Huế",4637713643035281
599,Phạm Hương,Nữ,2005-10-04,Tỉnh Khánh Hòa,056305271264,0701113613,rhoang@gmail.com,"Số 228, Đường Giải Phóng, Phường Bến Nghé, Tỉnh Khánh Hòa",3561277181103812
600,Hoàng Khoa,Nam,2004-07-13,Thành phố Cần Thơ,092204136358,0896780436,johnmai@gmail.com,"Số 296, Đường Lê Duẩn, Phường Bến Nghé, Thành phố Cần Thơ",4370832250578
601,Dương Mai,Nữ,1982-08-07,Tỉnh Quảng Ninh,022182504712,0585565158,john79@gmail.com,"Số 253, Đường Cầu Giấy, Phường Hàng Bài, Tỉnh Quảng Ninh",30121280802727
602,Nguyễn Yến,Nữ,1976-11-15,Tỉnh Tuyên Quang,008176950228,0854767353,janehoang@gmail.com,"Số 265, Đường Cầu Giấy, Phường Hàng Bài, Tỉnh Tuyên Quang",4070808214985157973
603,Lê Huy,Nam,1993-11-04,Tỉnh Cao Bằng,004093981798,0778610802,wnguyen@gmail.com,"Số 179, Đường Hoàng Hoa Thám, Phường Bách Khoa, Tỉnh Cao Bằng",4848623972914
604,Mai Dũng,Nam,1996-01-31,Thành phố Huế,046096184014,0766695889,john94@gmail.com,"Số 289, Đường Cầu Giấy, Phường Thạch Thang, Thành phố Huế",4195931524921932
605,Dương Xuân,Nữ,1966-12-06,Tỉnh Tây Ninh,080166906062,0890809777,vujohn@gmail.com,"Số 125, Đường Trần Hưng Đạo, Phường Bến Nghé, Tỉnh Tây Ninh",378737562977539
606,Phạm Tùng,Nam,1972-01-31,Thành phố Đà Nẵng,048072049946,0320487308,john27@gmail.com,"Số 248, Đường Hoàng Hoa Thám, Phường Bến Nghé, Thành phố Đà Nẵng",4106085946345497856
607,Lê Trung,Nam,1981-07-20,Tỉnh Điện Biên,011081666322,0929298749,janemai@gmail.com,"Số 300, Đường Hai Bà Trưng, Phường Tân Định, Tỉnh Điện Biên",4921740401410179
608,Vũ Vi,Nữ,2003-04-06,Tỉnh Gia Lai,052303012390,0762065602,wpham@gmail.com,"Số 42, Đường Nguyễn Huệ, Phường Thạch Thang, Tỉnh Gia Lai",342939360153882
609,Hoàng Anh,Nam,1994-12-30,Tỉnh Đồng Tháp,082094937325,0331389956,jane02@gmail.com,"Số 66, Đường Hoàng Hoa Thám, Phường An Khánh, Tỉnh Đồng Tháp",4589630803987
610,Mai Mai,Nữ,1984-04-19,Tỉnh Hà Tĩnh,042184910973,0839094512,johnmai@gmail.com,"Số 192, Đường Trường Chinh, Phường Hàng Bài, Tỉnh Hà Tĩnh",3524743385268954
611,Mai Hương,Nữ,1991-04-01,Tỉnh Gia Lai,052191145565,0773451270,choang@gmail.com,"Số 1, Đường Nguyễn Huệ, Phường Dịch Vọng, Tỉnh Gia Lai",4852005893981951
612,Dương Huy,Nam,1998-11-24,Tỉnh Lâm Đồng,068098015507,0321607969,buijohn@gmail.com,"Số 161, Đường Nguyễn Chí Thanh, Phường Lăng Cô, Tỉnh Lâm Đồng",4694861520589431
613,Hoàng Dương,Nữ,1960-11-19,Tỉnh Lào Cai,015160301312,0568022215,john52@gmail.com,"Số 282, Đường Trường Chinh, Phường Thạch Thang, Tỉnh Lào Cai",4927143047449988
614,Phạm Nhiên,Nam,1987-03-15,Tỉnh Lai Châu,012087016684,0791101464,dangjohn@gmail.com,"Số 260, Đường Lê Lợi, Phường Dịch Vọng, Tỉnh Lai Châu",6588983918264759
615,Hoàng Hương,Nữ,1992-12-28,Thành phố Hà Nội,001192635623,0944559547,janele@gmail.com,"Số 100, Đường Phạm Văn Đồng, Phường Dịch Vọng, Thành phố Hà Nội",4632903927059850
616,Bùi Trung,Nam,1978-02-15,Tỉnh Gia Lai,052078774140,0979641739,lejohn@gmail.com,"Số 68, Đường Trần Hưng Đạo, Phường Dịch Vọng, Tỉnh Gia Lai",4033348754849681
617,Trần Thảo,Nữ,1968-02-03,Tỉnh Khánh Hòa,056168026254,0936516066,johnduong@gmail.com,"Số 81, Đường Trường Chinh, Phường Hàng Bài, Tỉnh Khánh Hòa",676280103885
618,Lê Hương,Nữ,1997-08-28,Tỉnh Cao Bằng,004197084945,0863438084,john31@gmail.com,"Số 277, Đường Trường Chinh, Phường Lăng Cô, Tỉnh Cao Bằng",6598671212642329
619,Nguyễn Vân,Nữ,1985-09-28,Thành phố Hà Nội,001185380047,0793400029,johnvu@gmail.com,"Số 68, Đường Phạm Văn Đồng, Phường Bách Khoa, Thành phố Hà Nội",3513797803730113
620,Phạm Trung,Nam,1998-04-28,Tỉnh An Giang,091098589711,0891841024,janele@gmail.com,"Số 193, Đường Nguyễn Huệ, Phường Tân Định, Tỉnh An Giang",341007343807049
621,Mai Hồng,Nữ,1985-01-17,Tỉnh Tuyên Quang,008185972378,0869003059,bvu@gmail.com,"Số 278, Đường Hai Bà Trưng, Phường Dịch Vọng, Tỉnh Tuyên Quang",4087115108177019
622,Trần Khoa,Nam,1999-01-13,Tỉnh Ninh Bình,037099154066,0348122568,johnhoang@gmail.com,"Số 175, Đường Nguyễn Trãi, Phường Hàng Bài, Tỉnh Ninh Bình",4947819259823681
623,Hoàng Lan,Nữ,1973-11-15,Tỉnh An Giang,091173184241,0820046245,john90@gmail.com,"Số 96, Đường Nguyễn Trãi, Phường Lăng Cô, Tỉnh An Giang",4802120192984878
624,Mai Lan,Nữ,1971-05-02,Thành phố Đà Nẵng,048171834219,0918639323,lejohn@gmail.com,"Số 162, Đường Nguyễn Huệ, Phường Tân Định, Thành phố Đà Nẵng",3520887170732668
625,Nguyễn Mai,Nữ,1982-04-03,Tỉnh Lâm Đồng,068182080993,0947790434,jane27@gmail.com,"Số 269, Đường Nguyễn Huệ, Phường Dịch Vọng, Tỉnh Lâm Đồng",213140424268909
626,Đặng Huy,Nam,2008-05-15,Tỉnh Quảng Ngãi,051208596145,0386265756,vvu@gmail.com,"Số 291, Đường Trần Hưng Đạo, Phường Bến Nghé, Tỉnh Quảng Ngãi",3586121948011481
627,Bùi Xuân,Nữ,1973-04-28,Thành phố Đà Nẵng,048173804791,0973024444,jane61@gmail.com,"Số 7, Đường Hai Bà Trưng, Phường Lăng Cô, Thành phố Đà Nẵng",4541324795920244699
628,Phạm Bảo,Nam,2000-12-25,Tỉnh Thái Nguyên,019200851022,0356356374,jane66@gmail.com,"Số 193, Đường Nguyễn Trãi, Phường Lăng Cô, Tỉnh Thái Nguyên",4403669001799235
629,Lê Linh,Nữ,1972-02-29,Tỉnh Phú Thọ,025172843504,0838729557,pmai@gmail.com,"Số 30, Đường Nguyễn Huệ, Phường Dịch Vọng, Tỉnh Phú Thọ",213195262726939
630,Lê Hưng,Nam,1971-02-11,Tỉnh Đắc Lắc,066071601089,0384046681,johnvu@gmail.com,"Số 57, Đường Nguyễn Trãi, Phường Lăng Cô, Tỉnh Đắc Lắc",5150944130913508
631,Lê Linh,Nữ,1975-09-14,Tỉnh Quảng Trị,044175029789,0925021807,johnduong@gmail.com,"Số 235, Đường Trường Chinh, Phường Lăng Cô, Tỉnh Quảng Trị",6582430859979280
632,Vũ Ánh,Nữ,1984-07-02,Tỉnh Khánh Hòa,056184792321,0845137588,john43@gmail.com,"Số 40, Đường Trần Hưng Đạo, Phường Bách Khoa, Tỉnh Khánh Hòa",30123450627025
633,Vũ Yến,Nữ,1963-09-03,Tỉnh Lâm Đồng,068163019472,0367781222,johnvu@gmail.com,"Số 186, Đường Nguyễn Huệ, Phường Bách Khoa, Tỉnh Lâm Đồng",4722875926941218136
634,Hoàng Hương,Nữ,1999-09-03,Tỉnh Ninh Bình,037199597373,0908230052,buijohn@gmail.com,"Số 259, Đường Nguyễn Chí Thanh, Phường Dịch Vọng, Tỉnh Ninh Bình",6501394562088029
635,Bùi Nam,Nam,2002-10-07,Tỉnh Vĩnh Long,086202450266,0709240132,johnduong@gmail.com,"Số 105, Đường Nguyễn Huệ, Phường Lăng Cô, Tỉnh Vĩnh Long",180070746213615
636,Trần Ngọc,Nữ,2002-10-03,Tỉnh Hưng Yên,033302290405,0856876086,jane27@gmail.com,"Số 227, Đường Lê Lợi, Phường An Khánh, Tỉnh Hưng Yên",4366289751757244042
637,Lê Hương,Nữ,1981-01-28,Tỉnh Đồng Tháp,082181041191,0832179226,johnvu@gmail.com,"Số 93, Đường Nguyễn Chí Thanh, Phường An Khánh, Tỉnh Đồng Tháp",4124353387470467
638,Vũ Bảo,Nam,1998-09-24,Tỉnh Lâm Đồng,068098097877,0370463504,hbui@gmail.com,"Số 273, Đường Phạm Văn Đồng, Phường Bến Nghé, Tỉnh Lâm Đồng",6011771338202278
639,Trần Vân,Nữ,2003-04-07,Thành phố Đà Nẵng,048303473106,0368401115,jane34@gmail.com,"Số 174, Đường Phạm Văn Đồng, Phường Bách Khoa, Thành phố Đà Nẵng",676257277258
640,Dương Quang,Nam,1973-12-26,Tỉnh Bắc Ninh,024073630305,0929105851,johnnguyen@gmail.com,"Số 227, Đường Trần Hưng Đạo, Phường Tân Định, Tỉnh Bắc Ninh",3502209289368189
641,Hoàng Phúc,Nam,1992-04-25,Tỉnh Vĩnh Long,086092112990,0923418421,buijohn@gmail.com,"Số 278, Đường Lê Lợi, Phường Dịch Vọng, Tỉnh Vĩnh Long",4253970015587447
642,Bùi Duyên,Nữ,1976-08-15,Tỉnh Tuyên Quang,008176025771,0896805414,john16@gmail.com,"Số 239, Đường Trần Hưng Đạo, Phường Dịch Vọng, Tỉnh Tuyên Quang",3575285128126451
643,Đặng Dũng,Nam,1989-02-21,Tỉnh Lạng Sơn,020089130189,0896307497,phamjohn@gmail.com,"Số 79, Đường Nguyễn Chí Thanh, Phường Tân Định, Tỉnh Lạng Sơn",180069370198712
644,Phạm Vũ,Nam,2005-11-12,Tỉnh Vĩnh Long,086205681319,0782266337,maijane@gmail.com,"Số 109, Đường Nguyễn Trãi, Phường Thạch Thang, Tỉnh Vĩnh Long",501871166143
645,Hoàng Chi,Nữ,1995-04-07,Tỉnh Thái Nguyên,019195522475,0561636949,john62@gmail.com,"Số 73, Đường Lê Duẩn, Phường Bách Khoa, Tỉnh Thái Nguyên",4471090360974
646,Nguyễn Nam,Nam,2003-05-10,Thành phố Hải Phòng,031203093652,0796241200,jane80@gmail.com,"Số 86, Đường Hoàng Hoa Thám, Phường An Khánh, Thành phố Hải Phòng",3592738378693736
647,Trần Dương,Nữ,1975-06-29,Tỉnh Tây Ninh,080175553766,0525799937,john19@gmail.com,"Số 175, Đường Đại Cồ Việt, Phường Bến Nghé, Tỉnh Tây Ninh",180087578641184
648,Đặng Tú,Nam,1987-08-19,Thành phố Cần Thơ,092087214776,0947068541,janele@gmail.com,"Số 62, Đường Trần Hưng Đạo, Phường Tân Định, Thành phố Cần Thơ",3520647632384338
649,Phạm Lan,Nữ,2000-12-23,Tỉnh Thanh Hóa,038300596604,0582755926,johnmai@gmail.com,"Số 160, Đường Đại Cồ Việt, Phường Tân Định, Tỉnh Thanh Hóa",3532716272070113
650,Trần Nhiên,Nam,1985-09-22,Tỉnh Ninh Bình,037085803621,0569221310,hoangjane@gmail.com,"Số 12, Đường Trường Chinh, Phường Lăng Cô, Tỉnh Ninh Bình",30078475872982
651,Trần Vũ,Nam,2000-03-20,Tỉnh Tuyên Quang,008200073215,0830737868,duongjane@gmail.com,"Số 278, Đường Lê Lợi, Phường Lăng Cô, Tỉnh Tuyên Quang",503851462906
652,Đặng Linh,Nữ,1968-04-04,Tỉnh Tây Ninh,080168412487,0779794953,duongjane@gmail.com,"Số 203, Đường Trường Chinh, Phường Bách Khoa, Tỉnh Tây Ninh",3515669337483402
653,Đặng Châu,Nam,1971-08-19,Tỉnh Gia Lai,052071500142,0762316819,jane03@gmail.com,"Số 197, Đường Giải Phóng, Phường Lăng Cô, Tỉnh Gia Lai",2235433974089175
654,Lê Duyên,Nữ,1968-08-01,Tỉnh Đắc Lắc,066168781130,0525829904,qmai@gmail.com,"Số 215, Đường Nguyễn Trãi, Phường Tân Định, Tỉnh Đắc Lắc",4704474927784288
655,Lê Ánh,Nữ,1962-06-18,Tỉnh Lạng Sơn,020162137121,0836550341,maijohn@gmail.com,"Số 218, Đường Hai Bà Trưng, Phường Bách Khoa, Tỉnh Lạng Sơn",3560892116157666
656,Nguyễn Ánh,Nữ,1968-05-23,Thành phố Hà Nội,001168488247,0793818581,janeduong@gmail.com,"Số 69, Đường Trường Chinh, Phường Bách Khoa, Thành phố Hà Nội",30580707774530
657,Phạm Bảo,Nam,1993-11-16,Thành phố Đà Nẵng,048093619934,0891345933,jane66@gmail.com,"Số 175, Đường Hai Bà Trưng, Phường Hàng Bài, Thành phố Đà Nẵng",6561107255536329
658,Nguyễn Trung,Nam,1966-12-23,Tỉnh Ninh Bình,037066530859,0363207216,gmai@gmail.com,"Số 195, Đường Giải Phóng, Phường Dịch Vọng, Tỉnh Ninh Bình",3554747912553971
659,Hoàng Lan,Nữ,1984-02-06,Tỉnh Sơn La,014184070460,0928914672,kle@gmail.com,"Số 116, Đường Lê Lợi, Phường Tân Định, Tỉnh Sơn La",36790112308790
660,Nguyễn Thảo,Nữ,1963-06-08,Tỉnh Cà Mau,096163089288,0849661723,janevu@gmail.com,"Số 211, Đường Giải Phóng, Phường Hàng Bài, Tỉnh Cà Mau",4604301619718783895
661,Nguyễn Hương,Nữ,1974-03-18,Tỉnh Cao Bằng,004174685439,0321625515,johnnguyen@gmail.com,"Số 174, Đường Hai Bà Trưng, Phường Lăng Cô, Tỉnh Cao Bằng",4882223079814890754
662,Bùi Tùng,Nam,1962-09-13,Tỉnh Thái Nguyên,019062232288,0568138180,ddang@gmail.com,"Số 175, Đường Nguyễn Huệ, Phường Bến Nghé, Tỉnh Thái Nguyên",3598830294362894
663,Bùi Xuân,Nữ,1983-03-10,Tỉnh Thanh Hóa,038183613960,0767018260,janeduong@gmail.com,"Số 65, Đường Trần Hưng Đạo, Phường Bến Nghé, Tỉnh Thanh Hóa",4577401294759744482
664,Đặng Hoàng,Nam,1975-11-02,Tỉnh Điện Biên,011075156416,0582876912,john80@gmail.com,"Số 31, Đường Nguyễn Trãi, Phường Hàng Bài, Tỉnh Điện Biên",6594746569597138
665,Bùi Mai,Nữ,2004-08-06,Thành phố Cần Thơ,092304302549,0848026136,lle@gmail.com,"Số 123, Đường Nguyễn Huệ, Phường Bách Khoa, Thành phố Cần Thơ",30477713488314
666,Mai Phúc,Nam,2002-12-05,Tỉnh Gia Lai,052202249752,0342008472,johnbui@gmail.com,"Số 261, Đường Phạm Văn Đồng, Phường Dịch Vọng, Tỉnh Gia Lai",4700963882657985070
667,Nguyễn Tùng,Nam,1963-01-12,Thành phố Hồ Chí Minh,079063176427,0975318829,maijohn@gmail.com,"Số 71, Đường Nguyễn Huệ, Phường Bến Nghé, Thành phố Hồ Chí Minh",4307340750250591744
668,Hoàng Nhiên,Nam,2006-10-31,Tỉnh Đồng Nai,075206632824,0933137311,janehoang@gmail.com,"Số 6, Đường Lê Duẩn, Phường Bách Khoa, Tỉnh Đồng Nai",4541251892602498
669,Lê Thành,Nam,1995-06-23,Tỉnh Quảng Ninh,022095081012,0885881557,vujohn@gmail.com,"Số 278, Đường Nguyễn Huệ, Phường An Khánh, Tỉnh Quảng Ninh",4099858555844724
670,Đặng Thảo,Nữ,1979-07-29,Thành phố Hồ Chí Minh,079179855465,0381105202,johntran@gmail.com,"Số 119, Đường Giải Phóng, Phường Thạch Thang, Thành phố Hồ Chí Minh",30512103784052
671,Vũ Thảo,Nữ,2007-05-12,Thành phố Đà Nẵng,048307742481,0864703939,jane20@gmail.com,"Số 285, Đường Trần Hưng Đạo, Phường Lăng Cô, Thành phố Đà Nẵng",6011763772189624
672,Nguyễn Xuân,Nữ,1980-11-04,Tỉnh Đắc Lắc,066180725467,0580967544,janeduong@gmail.com,"Số 288, Đường Lê Lợi, Phường Tân Định, Tỉnh Đắc Lắc",4599172360780536
673,Dương Anh,Nam,1970-04-16,Tỉnh Lạng Sơn,020070368866,0919851230,phamjohn@gmail.com,"Số 103, Đường Lê Lợi, Phường Thạch Thang, Tỉnh Lạng Sơn",3547696259939337
674,Mai Dương,Nữ,1989-01-24,Thành phố Cần Thơ,092189228929,0897425121,jane83@gmail.com,"Số 250, Đường Nguyễn Trãi, Phường Thạch Thang, Thành phố Cần Thơ",4853254371592
675,Bùi Ngọc,Nữ,1985-03-21,Tỉnh Sơn La,014185908254,0938322931,jdang@gmail.com,"Số 55, Đường Cầu Giấy, Phường Bách Khoa, Tỉnh Sơn La",3548160045406332
676,Dương Hưng,Nam,1970-03-02,Tỉnh Nghệ An,040070662092,0932848613,jane74@gmail.com,"Số 18, Đường Hai Bà Trưng, Phường Tân Định, Tỉnh Nghệ An",3521282832745093
677,Mai Duyên,Nữ,1993-01-23,Tỉnh Hưng Yên,033193440038,0766194017,jane83@gmail.com,"Số 15, Đường Hai Bà Trưng, Phường Thạch Thang, Tỉnh Hưng Yên",4059429115340
678,Mai Yến,Nữ,1994-07-11,Thành phố Hải Phòng,031194887001,0984860611,johnbui@gmail.com,"Số 135, Đường Giải Phóng, Phường Bến Nghé, Thành phố Hải Phòng",4278989017109878
679,Hoàng Minh,Nam,2008-04-02,Tỉnh Đồng Nai,075208563758,0830387784,tranjohn@gmail.com,"Số 86, Đường Hoàng Hoa Thám, Phường Bách Khoa, Tỉnh Đồng Nai",4595022633303513
680,Mai Tùng,Nam,2004-06-01,Thành phố Cần Thơ,092204219840,0967890128,duongjohn@gmail.com,"Số 245, Đường Trần Hưng Đạo, Phường Tân Định, Thành phố Cần Thơ",4150404987967
681,Phạm Vũ,Nam,1990-11-28,Tỉnh Lai Châu,012090648885,0911692766,bmai@gmail.com,"Số 230, Đường Phạm Văn Đồng, Phường Bến Nghé, Tỉnh Lai Châu",348239493541903
682,Đặng Minh,Nam,1976-05-29,Tỉnh Hưng Yên,033076929039,0944080214,jane82@gmail.com,"Số 188, Đường Trường Chinh, Phường Bến Nghé, Tỉnh Hưng Yên",341429047495451
683,Dương Vân,Nữ,1986-10-26,Tỉnh Gia Lai,052186421413,0899029127,xle@gmail.com,"Số 53, Đường Nguyễn Huệ, Phường Bách Khoa, Tỉnh Gia Lai",4863861089311396
684,Bùi Phúc,Nam,2008-01-01,Tỉnh Cao Bằng,004208565383,0356915122,john25@gmail.com,"Số 50, Đường Giải Phóng, Phường Thạch Thang, Tỉnh Cao Bằng",2230733255772398
685,Mai Bảo,Nam,1961-05-04,Tỉnh Tây Ninh,080061888441,0763177906,janedang@gmail.com,"Số 129, Đường Nguyễn Trãi, Phường Tân Định, Tỉnh Tây Ninh",36647220946459
686,Trần Duyên,Nữ,1991-04-22,Thành phố Huế,046191487814,0794525728,jmai@gmail.com,"Số 145, Đường Giải Phóng, Phường Bách Khoa, Thành phố Huế",376535931935713
687,Phạm Ánh,Nữ,1999-10-12,Tỉnh Thanh Hóa,038199083780,0391850042,janetran@gmail.com,"Số 183, Đường Phạm Văn Đồng, Phường Lăng Cô, Tỉnh Thanh Hóa",6567336580520120
688,Mai Linh,Nữ,1998-08-28,Tỉnh Hà Tĩnh,042198654513,0340632486,jhoang@gmail.com,"Số 1, Đường Nguyễn Huệ, Phường Bách Khoa, Tỉnh Hà Tĩnh",4422351674652
689,Bùi Tùng,Nam,1966-06-17,Tỉnh Nghệ An,040066256416,0328632317,tranjane@gmail.com,"Số 9, Đường Đại Cồ Việt, Phường Tân Định, Tỉnh Nghệ An",4350056303269237
690,Phạm Dương,Nữ,2004-03-09,Tỉnh Quảng Ninh,022304627138,0775225412,johndang@gmail.com,"Số 196, Đường Trường Chinh, Phường An Khánh, Tỉnh Quảng Ninh",3520926217970921
691,Phạm Nam,Nam,1966-11-14,Tỉnh An Giang,091066331551,0824984562,jane28@gmail.com,"Số 207, Đường Hai Bà Trưng, Phường Bến Nghé, Tỉnh An Giang",30296708877590
692,Dương Anh,Nam,1971-11-19,Thành phố Hải Phòng,031071170769,0704459296,dangjohn@gmail.com,"Số 263, Đường Cầu Giấy, Phường Tân Định, Thành phố Hải Phòng",213191488869868
693,Trần Linh,Nữ,1988-09-13,Tỉnh Thanh Hóa,038188943777,0810076536,johnbui@gmail.com,"Số 25, Đường Đại Cồ Việt, Phường Hàng Bài, Tỉnh Thanh Hóa",180054149606674
694,Dương Nhiên,Nam,1989-08-04,Tỉnh Quảng Trị,044089334358,0881402098,bhoang@gmail.com,"Số 153, Đường Trần Hưng Đạo, Phường Hàng Bài, Tỉnh Quảng Trị",4630597451723
695,Đặng Xuân,Nữ,1997-07-31,Thành phố Hải Phòng,031197151093,0358016145,john34@gmail.com,"Số 118, Đường Quang Trung, Phường Tân Định, Thành phố Hải Phòng",38213223829198
696,Nguyễn Linh,Nữ,2007-05-11,Tỉnh Phú Thọ,025307420418,0793409815,john21@gmail.com,"Số 18, Đường Đại Cồ Việt, Phường Tân Định, Tỉnh Phú Thọ",3500574578167275
697,Bùi Vân,Nữ,1966-05-04,Tỉnh Điện Biên,011166996333,0846747270,johndang@gmail.com,"Số 158, Đường Nguyễn Huệ, Phường Hàng Bài, Tỉnh Điện Biên",30030082708224
698,Hoàng Quang,Nam,2007-03-30,Thành phố Cần Thơ,092207482766,0850984794,dangjane@gmail.com,"Số 138, Đường Quang Trung, Phường Dịch Vọng, Thành phố Cần Thơ",2720332485286902
699,Dương Thảo,Nữ,1986-10-17,Tỉnh Cao Bằng,004186864183,0792349878,dangjohn@gmail.com,"Số 59, Đường Hoàng Hoa Thám, Phường Lăng Cô, Tỉnh Cao Bằng",3596210031976805
700,Nguyễn Dũng,Nam,1964-09-11,Tỉnh Tuyên Quang,008064711834,0357783152,johnpham@gmail.com,"Số 111, Đường Nguyễn Trãi, Phường Bách Khoa, Tỉnh Tuyên Quang",4782946756750832
701,Lê Vi,Nữ,2008-02-07,Tỉnh Quảng Ninh,022308020170,0585554481,fle@gmail.com,"Số 43, Đường Phạm Văn Đồng, Phường Dịch Vọng, Tỉnh Quảng Ninh",4087604930856957
702,Vũ Hồng,Nữ,1977-06-13,Tỉnh Đắc Lắc,066177307210,0394787472,johnpham@gmail.com,"Số 203, Đường Trần Hưng Đạo, Phường Thạch Thang, Tỉnh Đắc Lắc",4890317967925
703,Lê Lan,Nữ,1970-05-08,Tỉnh Đồng Tháp,082170608939,0909597808,janehoang@gmail.com,"Số 100, Đường Trường Chinh, Phường Bến Nghé, Tỉnh Đồng Tháp",501889425804
704,Vũ Anh,Nam,1989-10-14,Tỉnh Sơn La,014089662180,0780263770,janedang@gmail.com,"Số 207, Đường Nguyễn Huệ, Phường Lăng Cô, Tỉnh Sơn La",4935689244842853413
705,Mai Thảo,Nữ,1962-11-30,Thành phố Hải Phòng,031162183346,0980634019,janepham@gmail.com,"Số 92, Đường Lê Lợi, Phường Bách Khoa, Thành phố Hải Phòng",3520375445716237
706,Hoàng Tú,Nam,2001-02-07,Thành phố Đà Nẵng,048201716403,0770202564,john47@gmail.com,"Số 205, Đường Quang Trung, Phường An Khánh, Thành phố Đà Nẵng",4314661400221463
707,Mai Duyên,Nữ,1994-10-25,Tỉnh Ninh Bình,037194749107,0848411886,vujane@gmail.com,"Số 34, Đường Nguyễn Trãi, Phường An Khánh, Tỉnh Ninh Bình",3539771240707745
708,Lê Khoa,Nam,1963-05-20,Tỉnh Đồng Tháp,082063452928,0857626908,johnduong@gmail.com,"Số 12, Đường Phạm Văn Đồng, Phường Dịch Vọng, Tỉnh Đồng Tháp",180066341748203
709,Trần Minh,Nam,1980-06-11,Tỉnh Phú Thọ,025080877885,0563985417,zduong@gmail.com,"Số 154, Đường Nguyễn Huệ, Phường Bách Khoa, Tỉnh Phú Thọ",3556661597270462
710,Bùi Linh,Nữ,2001-01-24,Tỉnh Lào Cai,015301837863,0335734854,buijohn@gmail.com,"Số 92, Đường Đại Cồ Việt, Phường Dịch Vọng, Tỉnh Lào Cai",6011432179407621
711,Nguyễn Trọng,Nam,1976-09-29,Tỉnh Hà Tĩnh,042076545356,0854182795,johnle@gmail.com,"Số 62, Đường Đại Cồ Việt, Phường Lăng Cô, Tỉnh Hà Tĩnh",36122018787408
712,Mai Dương,Nữ,2002-03-02,Thành phố Hà Nội,001302788618,0340820831,janeduong@gmail.com,"Số 188, Đường Lê Lợi, Phường Dịch Vọng, Thành phố Hà Nội",4708236051847
713,Dương Châu,Nam,1994-05-11,Thành phố Đà Nẵng,048094450325,0377991819,johnbui@gmail.com,"Số 6, Đường Hoàng Hoa Thám, Phường Lăng Cô, Thành phố Đà Nẵng",4287236264009982
714,Bùi Ánh,Nữ,1960-10-06,Tỉnh Gia Lai,052160864241,0858564770,duongjohn@gmail.com,"Số 124, Đường Nguyễn Trãi, Phường An Khánh, Tỉnh Gia Lai",3572290235756706
715,Hoàng Hương,Nữ,1993-01-14,Tỉnh An Giang,091193674203,0936641872,jane61@gmail.com,"Số 8, Đường Trường Chinh, Phường Bến Nghé, Tỉnh An Giang",36325875060468
716,Hoàng Tùng,Nam,2004-01-02,Thành phố Hà Nội,001204635552,0788160416,johntran@gmail.com,"Số 287, Đường Hoàng Hoa Thám, Phường Hàng Bài, Thành phố Hà Nội",6011898012333309
717,Lê Yến,Nữ,1976-02-15,Tỉnh Cao Bằng,004176238980,0796805537,dangjohn@gmail.com,"Số 89, Đường Trường Chinh, Phường Thạch Thang, Tỉnh Cao Bằng",6551639852339238
718,Hoàng Vân,Nữ,1985-04-28,Thành phố Đà Nẵng,048185429669,0815988810,john51@gmail.com,"Số 231, Đường Nguyễn Trãi, Phường Bách Khoa, Thành phố Đà Nẵng",4028314895322019
719,Vũ Vi,Nữ,1993-09-14,Tỉnh Hưng Yên,033193568653,0925012566,dangjohn@gmail.com,"Số 10, Đường Cầu Giấy, Phường Lăng Cô, Tỉnh Hưng Yên",30061142970314
720,Vũ Xuân,Nữ,2003-09-21,Thành phố Hà Nội,001303152364,0366229779,john94@gmail.com,"Số 187, Đường Nguyễn Trãi, Phường Thạch Thang, Thành phố Hà Nội",370177696807815
721,Lê Chi,Nữ,2004-11-11,Tỉnh Khánh Hòa,056304253136,0324874904,johnpham@gmail.com,"Số 79, Đường Quang Trung, Phường Dịch Vọng, Tỉnh Khánh Hòa",060409838582
722,Mai Châu,Nam,2001-12-11,Tỉnh Hà Tĩnh,042201180766,0984716248,dmai@gmail.com,"Số 64, Đường Hoàng Hoa Thám, Phường Bách Khoa, Tỉnh Hà Tĩnh",3530290546694290
723,Nguyễn Duyên,Nữ,1974-03-09,Thành phố Cần Thơ,092174728869,0911438026,john68@gmail.com,"Số 183, Đường Trần Hưng Đạo, Phường Bách Khoa, Thành phố Cần Thơ",372403563342837
724,Phạm Huy,Nam,1993-01-01,Tỉnh Đắc Lắc,066093478783,0704089750,nguyenjane@gmail.com,"Số 69, Đường Nguyễn Trãi, Phường Bách Khoa, Tỉnh Đắc Lắc",4530742469203044
725,Nguyễn Dương,Nữ,1980-10-05,Thành phố Cần Thơ,092180320620,0882836620,phamjane@gmail.com,"Số 220, Đường Cầu Giấy, Phường Hàng Bài, Thành phố Cần Thơ",376497119533564
726,Mai Nam,Nam,1967-08-29,Tỉnh Sơn La,014067772975,0861887289,janebui@gmail.com,"Số 257, Đường Nguyễn Huệ, Phường Tân Định, Tỉnh Sơn La",2226123177863135
727,Nguyễn Chi,Nữ,2002-05-31,Tỉnh Sơn La,014302978166,0903304550,lejane@gmail.com,"Số 56, Đường Nguyễn Trãi, Phường Thạch Thang, Tỉnh Sơn La",4894262922691925
728,Hoàng Yến,Nữ,1988-05-16,Tỉnh Quảng Trị,044188697570,0325450052,rtran@gmail.com,"Số 63, Đường Nguyễn Trãi, Phường Thạch Thang, Tỉnh Quảng Trị",3543440297448728
729,Vũ Mai,Nữ,1969-01-11,Tỉnh Cao Bằng,004169807427,0913137931,tranjohn@gmail.com,"Số 104, Đường Nguyễn Chí Thanh, Phường Bách Khoa, Tỉnh Cao Bằng",3587204008605811
730,Lê Hồng,Nữ,1992-10-14,Tỉnh Lâm Đồng,068192620486,0864223023,jane98@gmail.com,"Số 31, Đường Lê Duẩn, Phường Hàng Bài, Tỉnh Lâm Đồng",213115993861052
731,Đặng Vân,Nữ,1971-04-06,Tỉnh Ninh Bình,037171559107,0794865355,yduong@gmail.com,"Số 158, Đường Giải Phóng, Phường Bến Nghé, Tỉnh Ninh Bình",2605820363536737
732,Đặng Xuân,Nữ,1988-04-14,Tỉnh Phú Thọ,025188997202,0395830795,vduong@gmail.com,"Số 279, Đường Giải Phóng, Phường Thạch Thang, Tỉnh Phú Thọ",4219505563637
733,Phạm Bảo,Nam,2006-05-25,Thành phố Hải Phòng,031206637119,0927332042,johndang@gmail.com,"Số 300, Đường Phạm Văn Đồng, Phường Tân Định, Thành phố Hải Phòng",2542824756563023
734,Vũ Dương,Nữ,1969-12-19,Thành phố Hồ Chí Minh,079169406396,0353411040,jane73@gmail.com,"Số 194, Đường Nguyễn Huệ, Phường An Khánh, Thành phố Hồ Chí Minh",6523735801022043
735,Lê Yến,Nữ,1962-04-08,Thành phố Hồ Chí Minh,079162765121,0936500112,johnmai@gmail.com,"Số 185, Đường Nguyễn Trãi, Phường Hàng Bài, Thành phố Hồ Chí Minh",180096559459979
736,Phạm Hồng,Nữ,2000-07-06,Thành phố Cần Thơ,092300816600,0770355937,janevu@gmail.com,"Số 164, Đường Hai Bà Trưng, Phường Bến Nghé, Thành phố Cần Thơ",348609659296049
737,Phạm Hồng,Nữ,1986-05-30,Tỉnh Quảng Trị,044186990975,0822164848,johnmai@gmail.com,"Số 194, Đường Lê Lợi, Phường Hàng Bài, Tỉnh Quảng Trị",4244747842263598990
738,Đặng Hương,Nữ,1972-01-22,Tỉnh An Giang,091172757455,0582529272,janenguyen@gmail.com,"Số 299, Đường Giải Phóng, Phường An Khánh, Tỉnh An Giang",36138452568146
739,Hoàng Huy,Nam,1979-03-22,Tỉnh Điện Biên,011079406151,0786207673,phamjane@gmail.com,"Số 172, Đường Nguyễn Trãi, Phường Thạch Thang, Tỉnh Điện Biên",6011898360109137
740,Nguyễn Châu,Nam,1974-02-07,Tỉnh Lâm Đồng,068074857940,0789809964,john05@gmail.com,"Số 244, Đường Trần Hưng Đạo, Phường Tân Định, Tỉnh Lâm Đồng",4216347655399126
741,Bùi Mai,Nữ,1981-10-28,Tỉnh Sơn La,014181876645,0336700265,duongjohn@gmail.com,"Số 76, Đường Trần Hưng Đạo, Phường Dịch Vọng, Tỉnh Sơn La",4208811500844316094
742,Bùi Vũ,Nam,1979-02-01,Tỉnh Quảng Ninh,022079295611,0705984138,phamjohn@gmail.com,"Số 261, Đường Lê Duẩn, Phường Dịch Vọng, Tỉnh Quảng Ninh",30129337090295
743,Đặng Tùng,Nam,1999-06-23,Thành phố Hải Phòng,031099089625,0385801507,janenguyen@gmail.com,"Số 163, Đường Lê Duẩn, Phường Bách Khoa, Thành phố Hải Phòng",3512582442310803
744,Trần Quang,Nam,1992-10-03,Tỉnh Vĩnh Long,086092339976,0369847923,john46@gmail.com,"Số 45, Đường Nguyễn Chí Thanh, Phường An Khánh, Tỉnh Vĩnh Long",36773012871109
745,Đặng Vân,Nữ,1969-06-20,Tỉnh Bắc Ninh,024169972747,0811569026,gdang@gmail.com,"Số 119, Đường Nguyễn Chí Thanh, Phường Lăng Cô, Tỉnh Bắc Ninh",3515878160498847
746,Lê Tùng,Nam,1996-07-23,Tỉnh Phú Thọ,025096025839,0980501351,nguyenjane@gmail.com,"Số 220, Đường Trần Hưng Đạo, Phường Thạch Thang, Tỉnh Phú Thọ",345414551250217
747,Trần Tú,Nam,2008-04-05,Thành phố Hải Phòng,031208396293,0819407441,vujohn@gmail.com,"Số 292, Đường Lê Lợi, Phường Bách Khoa, Thành phố Hải Phòng",30526845774288
748,Nguyễn Yến,Nữ,1976-03-25,Tỉnh Quảng Ngãi,051176564457,0339432496,gbui@gmail.com,"Số 84, Đường Trường Chinh, Phường Lăng Cô, Tỉnh Quảng Ngãi",4401270030584904
749,Hoàng Dương,Nữ,1962-11-20,Tỉnh Lai Châu,012162183011,0560318468,johnhoang@gmail.com,"Số 167, Đường Quang Trung, Phường Dịch Vọng, Tỉnh Lai Châu",4595052933707
750,Dương Tú,Nam,1975-06-27,Tỉnh Lai Châu,012075174710,0390058082,john71@gmail.com,"Số 297, Đường Cầu Giấy, Phường Dịch Vọng, Tỉnh Lai Châu",30138700323068
751,Nguyễn Dương,Nữ,2001-09-16,Tỉnh Lạng Sơn,020301170216,0773437209,tranjohn@gmail.com,"Số 65, Đường Nguyễn Chí Thanh, Phường An Khánh, Tỉnh Lạng Sơn",4360565873250292
752,Nguyễn Hưng,Nam,1964-11-03,Tỉnh Hà Tĩnh,042064585299,0984409399,phoang@gmail.com,"Số 70, Đường Hoàng Hoa Thám, Phường Lăng Cô, Tỉnh Hà Tĩnh",4778461754874218
753,Đặng Xuân,Nữ,1986-11-26,Tỉnh Phú Thọ,025186093176,0964517097,phamjane@gmail.com,"Số 109, Đường Hoàng Hoa Thám, Phường Bến Nghé, Tỉnh Phú Thọ",180057158396558
754,Lê Tùng,Nam,1966-07-04,Tỉnh Nghệ An,040066727570,0980520441,jane65@gmail.com,"Số 159, Đường Đại Cồ Việt, Phường Dịch Vọng, Tỉnh Nghệ An",213129681206215
755,Lê Hồng,Nữ,1970-03-08,Tỉnh Bắc Ninh,024170079437,0352216682,dduong@gmail.com,"Số 267, Đường Quang Trung, Phường Tân Định, Tỉnh Bắc Ninh",180015982170854
756,Vũ Lan,Nữ,1983-12-20,Tỉnh Đồng Nai,075183690754,0933069402,ltran@gmail.com,"Số 45, Đường Hai Bà Trưng, Phường Hàng Bài, Tỉnh Đồng Nai",3537703432731367
757,Phạm Vi,Nữ,1994-10-26,Thành phố Hải Phòng,031194723534,0588246919,john58@gmail.com,"Số 241, Đường Trần Hưng Đạo, Phường Bến Nghé, Thành phố Hải Phòng",3534444268225769
758,Phạm Nhiên,Nam,1989-05-23,Tỉnh Lào Cai,015089740912,0842253149,jane69@gmail.com,"Số 114, Đường Nguyễn Chí Thanh, Phường Hàng Bài, Tỉnh Lào Cai",6531508371158764
759,Trần Quang,Nam,1991-09-25,Thành phố Huế,046091536584,0566219484,john19@gmail.com,"Số 257, Đường Quang Trung, Phường An Khánh, Thành phố Huế",4214835029008615
760,Đặng Lan,Nữ,1977-08-24,Tỉnh Nghệ An,040177822649,0823419026,jane67@gmail.com,"Số 229, Đường Nguyễn Trãi, Phường Bách Khoa, Tỉnh Nghệ An",4501944481805393
761,Nguyễn Vi,Nữ,1981-06-05,Tỉnh Đồng Nai,075181280899,0820955908,janenguyen@gmail.com,"Số 297, Đường Trường Chinh, Phường Hàng Bài, Tỉnh Đồng Nai",213171788317081
762,Đặng Vân,Nữ,1996-12-03,Tỉnh Điện Biên,011196341573,0361210775,jane15@gmail.com,"Số 278, Đường Lê Lợi, Phường Lăng Cô, Tỉnh Điện Biên",4271937685587161083
763,Vũ Anh,Nam,1984-09-20,Tỉnh Vĩnh Long,086084250358,0917563343,hbui@gmail.com,"Số 95, Đường Lê Lợi, Phường Thạch Thang, Tỉnh Vĩnh Long",676129438559
764,Trần Bảo,Nam,1962-01-05,Tỉnh Cà Mau,096062704050,0379974217,janedang@gmail.com,"Số 291, Đường Hai Bà Trưng, Phường Lăng Cô, Tỉnh Cà Mau",4405745010641564
765,Bùi Trung,Nam,1989-02-14,Tỉnh Bắc Ninh,024089685111,0769122571,smai@gmail.com,"Số 139, Đường Cầu Giấy, Phường Dịch Vọng, Tỉnh Bắc Ninh",4729586869642875678
766,Vũ Trọng,Nam,2000-07-12,Thành phố Huế,046200824666,0380144631,vujohn@gmail.com,"Số 48, Đường Cầu Giấy, Phường Hàng Bài, Thành phố Huế",4508146160149683034
767,Mai Ánh,Nữ,1989-06-02,Thành phố Hồ Chí Minh,079189137901,0781864946,jane55@gmail.com,"Số 259, Đường Lê Lợi, Phường Lăng Cô, Thành phố Hồ Chí Minh",6519739180852752
768,Bùi Anh,Nam,1972-05-06,Tỉnh Hưng Yên,033072641895,0390965377,john60@gmail.com,"Số 268, Đường Giải Phóng, Phường Thạch Thang, Tỉnh Hưng Yên",6011850629720014
769,Trần Hồng,Nữ,2006-12-03,Tỉnh Hà Tĩnh,042306322343,0912216016,dangjane@gmail.com,"Số 62, Đường Nguyễn Huệ, Phường Bến Nghé, Tỉnh Hà Tĩnh",4653476596639904808
770,Đặng Thành,Nam,1961-03-21,Thành phố Hải Phòng,031061977638,0973655668,janele@gmail.com,"Số 161, Đường Trường Chinh, Phường An Khánh, Thành phố Hải Phòng",348350180677908
771,Vũ Linh,Nữ,1967-05-31,Tỉnh Điện Biên,011167455408,0812326180,lpham@gmail.com,"Số 21, Đường Nguyễn Chí Thanh, Phường Dịch Vọng, Tỉnh Điện Biên",501817851469
772,Mai Xuân,Nữ,1991-04-20,Tỉnh Gia Lai,052191060010,0373509373,janeduong@gmail.com,"Số 115, Đường Nguyễn Trãi, Phường Bách Khoa, Tỉnh Gia Lai",4568878376853971211
773,Nguyễn Quang,Nam,1967-10-08,Tỉnh Lạng Sơn,020067086331,0784028315,john63@gmail.com,"Số 46, Đường Hai Bà Trưng, Phường Lăng Cô, Tỉnh Lạng Sơn",630467824771
774,Nguyễn Phúc,Nam,1966-12-03,Tỉnh Phú Thọ,025066564007,0339547068,johnmai@gmail.com,"Số 225, Đường Nguyễn Huệ, Phường Bách Khoa, Tỉnh Phú Thọ",2657847324480843
775,Phạm Vi,Nữ,1991-09-17,Thành phố Huế,046191996475,0820299672,epham@gmail.com,"Số 148, Đường Đại Cồ Việt, Phường Dịch Vọng, Thành phố Huế",5482286230999238
776,Đặng Mai,Nữ,1981-11-23,Tỉnh Đồng Nai,075181977705,0347583086,johnnguyen@gmail.com,"Số 265, Đường Nguyễn Chí Thanh, Phường Bách Khoa, Tỉnh Đồng Nai",6011628702835929
777,Dương Linh,Nữ,1999-08-03,Tỉnh Cà Mau,096199489651,0899927946,janemai@gmail.com,"Số 83, Đường Lê Lợi, Phường Lăng Cô, Tỉnh Cà Mau",3541188369004224
778,Đặng Bảo,Nam,2000-11-21,Tỉnh Tuyên Quang,008200155429,0848342535,johnpham@gmail.com,"Số 146, Đường Giải Phóng, Phường An Khánh, Tỉnh Tuyên Quang",4443701967349
779,Mai Tú,Nam,1971-10-19,Tỉnh Tây Ninh,080071294434,0962535263,janehoang@gmail.com,"Số 52, Đường Hoàng Hoa Thám, Phường Hàng Bài, Tỉnh Tây Ninh",4496324653935723
780,Phạm Ngọc,Nữ,1962-06-22,Tỉnh Lạng Sơn,020162348270,0340116836,john67@gmail.com,"Số 228, Đường Phạm Văn Đồng, Phường An Khánh, Tỉnh Lạng Sơn",6567875023647875
781,Phạm Tùng,Nam,2003-03-22,Tỉnh Cao Bằng,004203478099,0340419465,john45@gmail.com,"Số 198, Đường Cầu Giấy, Phường Thạch Thang, Tỉnh Cao Bằng",375510934793170
782,Dương Yến,Nữ,1966-10-13,Tỉnh Quảng Trị,044166515113,0886393229,buijohn@gmail.com,"Số 58, Đường Quang Trung, Phường Thạch Thang, Tỉnh Quảng Trị",346859351339165
783,Dương Ngọc,Nữ,1984-06-29,Tỉnh Lào Cai,015184521058,0845775777,lle@gmail.com,"Số 209, Đường Hoàng Hoa Thám, Phường Thạch Thang, Tỉnh Lào Cai",4616693172944044153
784,Dương Hồng,Nữ,1973-01-06,Thành phố Huế,046173064897,0988898331,hoangjohn@gmail.com,"Số 195, Đường Lê Duẩn, Phường Lăng Cô, Thành phố Huế",2272041148892079
785,Bùi Thành,Nam,1963-07-12,Tỉnh Bắc Ninh,024063172412,0913976952,johnduong@gmail.com,"Số 167, Đường Trường Chinh, Phường Lăng Cô, Tỉnh Bắc Ninh",4796792173626450
786,Lê Yến,Nữ,1991-01-05,Tỉnh Tây Ninh,080191431015,0862730459,jane12@gmail.com,"Số 246, Đường Đại Cồ Việt, Phường Hàng Bài, Tỉnh Tây Ninh",6585967002530517
787,Mai Nhiên,Nam,1997-12-27,Tỉnh Đồng Nai,075097849345,0895044779,john38@gmail.com,"Số 45, Đường Lê Lợi, Phường Tân Định, Tỉnh Đồng Nai",4848191055746
788,Vũ Tùng,Nam,1962-07-30,Thành phố Cần Thơ,092062914453,0587138989,jane62@gmail.com,"Số 42, Đường Cầu Giấy, Phường Tân Định, Thành phố Cần Thơ",376410958933290
789,Dương Vi,Nữ,1995-05-05,Tỉnh An Giang,091195803884,0983024166,nguyenjohn@gmail.com,"Số 221, Đường Nguyễn Chí Thanh, Phường Tân Định, Tỉnh An Giang",2613490155900424
790,Mai Hoàng,Nam,2007-06-27,Tỉnh Đắc Lắc,066207067746,0812704149,hle@gmail.com,"Số 183, Đường Giải Phóng, Phường Bến Nghé, Tỉnh Đắc Lắc",379227208805707
791,Bùi Ngọc,Nữ,1984-02-06,Thành phố Hải Phòng,031184534508,0812175025,jane48@gmail.com,"Số 92, Đường Nguyễn Chí Thanh, Phường An Khánh, Thành phố Hải Phòng",2661016953050517
792,Mai Châu,Nam,1975-08-30,Tỉnh Bắc Ninh,024075397141,0926556649,yvu@gmail.com,"Số 83, Đường Cầu Giấy, Phường Hàng Bài, Tỉnh Bắc Ninh",30007121932254
793,Bùi Vi,Nữ,2005-11-24,Tỉnh Đắc Lắc,066305748124,0322003921,johnnguyen@gmail.com,"Số 30, Đường Phạm Văn Đồng, Phường Bến Nghé, Tỉnh Đắc Lắc",3556711946444365
794,Phạm Minh,Nam,1966-11-23,Tỉnh Tây Ninh,080066102796,0812347052,kpham@gmail.com,"Số 235, Đường Trần Hưng Đạo, Phường Thạch Thang, Tỉnh Tây Ninh",3505037791590603
795,Hoàng Thảo,Nữ,1973-02-01,Thành phố Cần Thơ,092173290902,0520502749,phamjane@gmail.com,"Số 177, Đường Lê Lợi, Phường Thạch Thang, Thành phố Cần Thơ",4322878320849
796,Dương Hương,Nữ,1979-09-09,Tỉnh Lâm Đồng,068179347186,0372814259,lduong@gmail.com,"Số 64, Đường Quang Trung, Phường Bách Khoa, Tỉnh Lâm Đồng",30364523646085
797,Phạm Châu,Nam,1973-05-04,Tỉnh Lào Cai,015073883201,0825386768,janebui@gmail.com,"Số 20, Đường Trường Chinh, Phường Tân Định, Tỉnh Lào Cai",4986993444757211
798,Bùi Hoàng,Nam,1969-05-14,Thành phố Hải Phòng,031069225975,0560271903,johntran@gmail.com,"Số 177, Đường Lê Duẩn, Phường Hàng Bài, Thành phố Hải Phòng",3501618651142520
799,Dương Lan,Nữ,1974-11-11,Tỉnh Hà Tĩnh,042174290398,0843126907,hdang@gmail.com,"Số 173, Đường Phạm Văn Đồng, Phường Bến Nghé, Tỉnh Hà Tĩnh",340041584279387
800,Phạm Anh,Nam,1986-08-19,Tỉnh Lâm Đồng,068086929055,0970489221,john79@gmail.com,"Số 134, Đường Đại Cồ Việt, Phường An Khánh, Tỉnh Lâm Đồng",630454174347
801,Dương Ánh,Nữ,2001-04-14,Tỉnh Quảng Ngãi,051301907118,0966268844,john34@gmail.com,"Số 44, Đường Hoàng Hoa Thám, Phường Tân Định, Tỉnh Quảng Ngãi",180020211780903
802,Trần Linh,Nữ,1998-04-23,Thành phố Hải Phòng,031198774157,0382858520,johnbui@gmail.com,"Số 299, Đường Lê Duẩn, Phường Bách Khoa, Thành phố Hải Phòng",4063510277607798791
803,Đặng Mai,Nữ,1994-11-27,Tỉnh Tuyên Quang,008194962867,0523013758,jane15@gmail.com,"Số 9, Đường Trường Chinh, Phường Bách Khoa, Tỉnh Tuyên Quang",563146129967
804,Mai Dũng,Nam,2007-04-05,Tỉnh Phú Thọ,025207124862,0794594907,john63@gmail.com,"Số 146, Đường Lê Lợi, Phường An Khánh, Tỉnh Phú Thọ",4968137530113341
805,Nguyễn Vân,Nữ,1979-08-09,Tỉnh Lai Châu,012179973601,0964560145,janenguyen@gmail.com,"Số 140, Đường Hoàng Hoa Thám, Phường Bến Nghé, Tỉnh Lai Châu",4602575817244734605
806,Lê Dương,Nữ,1965-03-27,Tỉnh Cà Mau,096165265499,0524035169,john85@gmail.com,"Số 126, Đường Trường Chinh, Phường Bách Khoa, Tỉnh Cà Mau",6508738953835138
807,Trần Dũng,Nam,1995-12-04,Tỉnh Cà Mau,096095753741,0563929872,hoangjane@gmail.com,"Số 72, Đường Cầu Giấy, Phường Dịch Vọng, Tỉnh Cà Mau",4280889225276
808,Hoàng Huy,Nam,1980-08-15,Tỉnh Bắc Ninh,024080022411,0974081523,jane79@gmail.com,"Số 131, Đường Hai Bà Trưng, Phường Lăng Cô, Tỉnh Bắc Ninh",6544430557509782
809,Đặng Ngọc,Nữ,1996-08-26,Tỉnh Lào Cai,015196825298,0964420562,john17@gmail.com,"Số 169, Đường Cầu Giấy, Phường Dịch Vọng, Tỉnh Lào Cai",4735828958311
810,Dương Trung,Nam,1986-03-29,Tỉnh Điện Biên,011086361806,0587858196,johndang@gmail.com,"Số 95, Đường Nguyễn Huệ, Phường Thạch Thang, Tỉnh Điện Biên",4794250967785778
811,Hoàng Duyên,Nữ,2006-01-09,Thành phố Đà Nẵng,048306315106,0980955804,stran@gmail.com,"Số 241, Đường Đại Cồ Việt, Phường An Khánh, Thành phố Đà Nẵng",4851827726097261831
812,Mai Hưng,Nam,1982-01-09,Tỉnh Hà Tĩnh,042082088095,0707017054,jane60@gmail.com,"Số 165, Đường Hai Bà Trưng, Phường Thạch Thang, Tỉnh Hà Tĩnh",370384178946950
813,Hoàng Linh,Nữ,1983-07-24,Tỉnh Lâm Đồng,068183283304,0355557636,johnhoang@gmail.com,"Số 37, Đường Lê Duẩn, Phường Bách Khoa, Tỉnh Lâm Đồng",4296884765045149738
814,Phạm Chi,Nữ,1968-02-09,Thành phố Đà Nẵng,048168435020,0857412420,lejohn@gmail.com,"Số 113, Đường Nguyễn Huệ, Phường Thạch Thang, Thành phố Đà Nẵng",4593854819240
815,Trần Vũ,Nam,1992-04-05,Thành phố Đà Nẵng,048092484354,0847329053,johnle@gmail.com,"Số 58, Đường Hoàng Hoa Thám, Phường Tân Định, Thành phố Đà Nẵng",348418427251801
816,Mai Tú,Nam,2008-03-14,Thành phố Hồ Chí Minh,079208342202,0763809690,uhoang@gmail.com,"Số 283, Đường Lê Lợi, Phường Hàng Bài, Thành phố Hồ Chí Minh",213141851911433
817,Dương Vân,Nữ,1999-07-11,Tỉnh Hưng Yên,033199600438,0832715962,fbui@gmail.com,"Số 64, Đường Nguyễn Trãi, Phường Hàng Bài, Tỉnh Hưng Yên",370310626819580
818,Vũ Phúc,Nam,1964-09-08,Tỉnh Cà Mau,096064265046,0898978088,tranjohn@gmail.com,"Số 142, Đường Trần Hưng Đạo, Phường Bách Khoa, Tỉnh Cà Mau",6555634507354563
819,Vũ Hoàng,Nam,1992-04-27,Tỉnh Cao Bằng,004092310196,0826267792,janele@gmail.com,"Số 291, Đường Hai Bà Trưng, Phường An Khánh, Tỉnh Cao Bằng",4457053219974523
820,Phạm Bảo,Nam,1994-10-03,Tỉnh Điện Biên,011094177255,0787285935,johnmai@gmail.com,"Số 127, Đường Hoàng Hoa Thám, Phường Thạch Thang, Tỉnh Điện Biên",4005163158332059
821,Bùi Vi,Nữ,2002-01-06,Tỉnh Lào Cai,015302589441,0894203035,jane85@gmail.com,"Số 156, Đường Hoàng Hoa Thám, Phường Hàng Bài, Tỉnh Lào Cai",38828573012580
822,Nguyễn Minh,Nam,1966-05-02,Tỉnh Hà Tĩnh,042066494022,0787258808,john27@gmail.com,"Số 253, Đường Hai Bà Trưng, Phường An Khánh, Tỉnh Hà Tĩnh",344767416103645
823,Mai Thảo,Nữ,1961-03-18,Tỉnh Bắc Ninh,024161924767,0842427320,qmai@gmail.com,"Số 204, Đường Quang Trung, Phường Lăng Cô, Tỉnh Bắc Ninh",3529047116640399
824,Phạm Vân,Nữ,2000-08-07,Thành phố Đà Nẵng,048300771334,0334719846,cvu@gmail.com,"Số 240, Đường Lê Duẩn, Phường Tân Định, Thành phố Đà Nẵng",3527572726390392
825,Trần Anh,Nam,1992-03-27,Thành phố Hồ Chí Minh,079092820883,0772190873,john92@gmail.com,"Số 73, Đường Nguyễn Huệ, Phường Hàng Bài, Thành phố Hồ Chí Minh",3573202488121107
826,Mai Ánh,Nữ,1987-12-10,Tỉnh Khánh Hòa,056187538689,0847864389,tranjohn@gmail.com,"Số 276, Đường Lê Lợi, Phường Lăng Cô, Tỉnh Khánh Hòa",4053734990121008
827,Phạm Hương,Nữ,1961-11-11,Tỉnh Thanh Hóa,038161645423,0841935177,duongjane@gmail.com,"Số 240, Đường Hoàng Hoa Thám, Phường Tân Định, Tỉnh Thanh Hóa",4207250619696
828,Hoàng Linh,Nữ,1992-07-18,Thành phố Hồ Chí Minh,079192937842,0848123501,odang@gmail.com,"Số 82, Đường Trần Hưng Đạo, Phường Thạch Thang, Thành phố Hồ Chí Minh",3546513612117942
829,Nguyễn Chi,Nữ,1994-12-04,Tỉnh Quảng Trị,044194912822,0372732126,john13@gmail.com,"Số 261, Đường Đại Cồ Việt, Phường Bách Khoa, Tỉnh Quảng Trị",3501854763767546
830,Phạm Linh,Nữ,1963-03-12,Tỉnh Lào Cai,015163856266,0795853999,xdang@gmail.com,"Số 291, Đường Giải Phóng, Phường Bến Nghé, Tỉnh Lào Cai",4065021950019059
831,Bùi Bảo,Nam,1991-03-20,Tỉnh Thái Nguyên,019091858351,0322332151,john18@gmail.com,"Số 240, Đường Giải Phóng, Phường Dịch Vọng, Tỉnh Thái Nguyên",4591716340850312991
832,Phạm Thảo,Nữ,1963-09-23,Tỉnh Khánh Hòa,056163983810,0773216036,john37@gmail.com,"Số 170, Đường Đại Cồ Việt, Phường Tân Định, Tỉnh Khánh Hòa",3546295373547307
833,Mai Yến,Nữ,1997-04-22,Tỉnh Ninh Bình,037197451452,0707185622,johndang@gmail.com,"Số 231, Đường Hoàng Hoa Thám, Phường Hàng Bài, Tỉnh Ninh Bình",4908923182758377576
834,Vũ Anh,Nam,1995-06-08,Tỉnh Nghệ An,040095976844,0847839077,janedang@gmail.com,"Số 29, Đường Trần Hưng Đạo, Phường Bến Nghé, Tỉnh Nghệ An",6580892950686928
835,Lê Hưng,Nam,2005-09-21,Tỉnh Cà Mau,096205395264,0796037476,mpham@gmail.com,"Số 73, Đường Lê Duẩn, Phường Bách Khoa, Tỉnh Cà Mau",213185234987586
836,Phạm Châu,Nam,1998-06-14,Tỉnh Quảng Ninh,022098773909,0839084915,phamjohn@gmail.com,"Số 107, Đường Giải Phóng, Phường Bến Nghé, Tỉnh Quảng Ninh",4440390944655567
837,Nguyễn Quang,Nam,1975-02-01,Tỉnh Tuyên Quang,008075501916,0344605453,john48@gmail.com,"Số 180, Đường Nguyễn Chí Thanh, Phường Lăng Cô, Tỉnh Tuyên Quang",676316315602
838,Vũ Yến,Nữ,1991-06-04,Thành phố Cần Thơ,092191058556,0897719791,jane09@gmail.com,"Số 116, Đường Nguyễn Chí Thanh, Phường Dịch Vọng, Thành phố Cần Thơ",345149877054410
839,Lê Duyên,Nữ,2001-03-20,Tỉnh Nghệ An,040301664877,0860245603,johnduong@gmail.com,"Số 123, Đường Hoàng Hoa Thám, Phường Thạch Thang, Tỉnh Nghệ An",3529765672427261
840,Vũ Vi,Nữ,1962-02-15,Tỉnh Hà Tĩnh,042162349798,0374980860,nmai@gmail.com,"Số 151, Đường Hoàng Hoa Thám, Phường Bến Nghé, Tỉnh Hà Tĩnh",30220207477983
841,Phạm Châu,Nam,1975-07-09,Tỉnh Đồng Tháp,082075860445,0325598465,tranjane@gmail.com,"Số 36, Đường Nguyễn Trãi, Phường An Khánh, Tỉnh Đồng Tháp",30176010224386
842,Phạm Anh,Nam,1991-05-10,Thành phố Hà Nội,001091225254,0898745691,tranjohn@gmail.com,"Số 163, Đường Đại Cồ Việt, Phường An Khánh, Thành phố Hà Nội",2295421221277815
843,Nguyễn Ánh,Nữ,2000-05-05,Tỉnh Quảng Ngãi,051300048805,0338014540,johnduong@gmail.com,"Số 190, Đường Nguyễn Chí Thanh, Phường Lăng Cô, Tỉnh Quảng Ngãi",2254660642912414
844,Phạm Lan,Nữ,1964-08-20,Tỉnh Hưng Yên,033164330951,0896879743,john71@gmail.com,"Số 199, Đường Nguyễn Huệ, Phường Bến Nghé, Tỉnh Hưng Yên",377780141600215
845,Trần Hương,Nữ,2005-03-14,Tỉnh Khánh Hòa,056305044768,0779861435,janenguyen@gmail.com,"Số 111, Đường Trường Chinh, Phường Bến Nghé, Tỉnh Khánh Hòa",4117017176682058
846,Trần Hoàng,Nam,1969-09-28,Tỉnh Đồng Nai,075069503102,0919450343,janedang@gmail.com,"Số 200, Đường Lê Duẩn, Phường Lăng Cô, Tỉnh Đồng Nai",3540083697115084
847,Phạm Quang,Nam,1983-12-20,Tỉnh Quảng Ninh,022083223989,0906057271,janeduong@gmail.com,"Số 20, Đường Trường Chinh, Phường Lăng Cô, Tỉnh Quảng Ninh",4416513633987419
848,Đặng Hương,Nữ,1981-05-17,Tỉnh Sơn La,014181790224,0395727815,jane78@gmail.com,"Số 268, Đường Cầu Giấy, Phường Bến Nghé, Tỉnh Sơn La",4155831473036
849,Dương Nam,Nam,1974-10-10,Tỉnh Tây Ninh,080074127621,0366136199,johndang@gmail.com,"Số 286, Đường Nguyễn Trãi, Phường Hàng Bài, Tỉnh Tây Ninh",30085960591076
850,Trần Nam,Nam,1972-03-07,Thành phố Cần Thơ,092072130839,0895783513,phamjohn@gmail.com,"Số 228, Đường Nguyễn Trãi, Phường Bách Khoa, Thành phố Cần Thơ",2471331977065544
851,Trần Nam,Nam,1995-08-16,Tỉnh Lai Châu,012095531514,0854489079,gduong@gmail.com,"Số 183, Đường Phạm Văn Đồng, Phường Tân Định, Tỉnh Lai Châu",4100534972478691032
852,Hoàng Anh,Nam,1968-12-29,Tỉnh Sơn La,014068472043,0888183510,john77@gmail.com,"Số 68, Đường Giải Phóng, Phường Bến Nghé, Tỉnh Sơn La",3549377315200885
853,Nguyễn Dương,Nữ,1981-09-03,Tỉnh Hưng Yên,033181293596,0923453240,janenguyen@gmail.com,"Số 254, Đường Nguyễn Trãi, Phường An Khánh, Tỉnh Hưng Yên",4472965449124
854,Lê Lan,Nữ,2006-10-23,Tỉnh Hà Tĩnh,042306054106,0320689828,jnguyen@gmail.com,"Số 196, Đường Trần Hưng Đạo, Phường Lăng Cô, Tỉnh Hà Tĩnh",3569501172566105
855,Trần Nam,Nam,1989-01-14,Thành phố Hà Nội,001089060892,0834622557,dangjane@gmail.com,"Số 3, Đường Hai Bà Trưng, Phường Dịch Vọng, Thành phố Hà Nội",4916197861837
856,Lê Tú,Nam,1981-10-15,Thành phố Đà Nẵng,048081421013,0971413464,vujohn@gmail.com,"Số 151, Đường Hai Bà Trưng, Phường Dịch Vọng, Thành phố Đà Nẵng",4950672305125021
857,Trần Thành,Nam,1976-07-13,Tỉnh Lào Cai,015076712141,0707083136,vbui@gmail.com,"Số 291, Đường Lê Duẩn, Phường Hàng Bài, Tỉnh Lào Cai",6011394845339044
858,Dương Quang,Nam,1974-01-26,Tỉnh Đắc Lắc,066074595823,0373331782,maijohn@gmail.com,"Số 260, Đường Nguyễn Chí Thanh, Phường An Khánh, Tỉnh Đắc Lắc",4948436959523302
859,Mai Bảo,Nam,1996-12-22,Tỉnh Phú Thọ,025096023023,0984814588,duongjohn@gmail.com,"Số 126, Đường Đại Cồ Việt, Phường Dịch Vọng, Tỉnh Phú Thọ",4172724696909323
860,Bùi Trọng,Nam,2004-08-22,Thành phố Cần Thơ,092204883117,0797651147,wtran@gmail.com,"Số 246, Đường Hoàng Hoa Thám, Phường Lăng Cô, Thành phố Cần Thơ",3540006697968707
861,Bùi Nhiên,Nam,2005-05-14,Tỉnh Bắc Ninh,024205437205,0827492370,john03@gmail.com,"Số 41, Đường Quang Trung, Phường Bến Nghé, Tỉnh Bắc Ninh",676274517470
862,Dương Yến,Nữ,2003-01-20,Tỉnh Hưng Yên,033303426968,0949419194,unguyen@gmail.com,"Số 146, Đường Trường Chinh, Phường Bách Khoa, Tỉnh Hưng Yên",4394857314483859
863,Bùi Quang,Nam,1982-07-20,Tỉnh Lai Châu,012082823868,0365566252,phamjohn@gmail.com,"Số 271, Đường Giải Phóng, Phường An Khánh, Tỉnh Lai Châu",180013073156767
864,Mai Duyên,Nữ,1980-12-08,Thành phố Đà Nẵng,048180285768,0326050409,hoangjohn@gmail.com,"Số 172, Đường Đại Cồ Việt, Phường Thạch Thang, Thành phố Đà Nẵng",30373586650413
865,Hoàng Quang,Nam,1962-12-28,Tỉnh Quảng Trị,044062374198,0930263351,gnguyen@gmail.com,"Số 197, Đường Quang Trung, Phường Hàng Bài, Tỉnh Quảng Trị",676360885724
866,Vũ Yến,Nữ,1977-09-08,Tỉnh Tây Ninh,080177298076,0937548861,jane21@gmail.com,"Số 204, Đường Trần Hưng Đạo, Phường Lăng Cô, Tỉnh Tây Ninh",503801952287
867,Trần Dương,Nữ,1990-05-26,Tỉnh Cao Bằng,004190836830,0771037333,john51@gmail.com,"Số 207, Đường Lê Duẩn, Phường Lăng Cô, Tỉnh Cao Bằng",3540500412683930
868,Nguyễn Vân,Nữ,1970-01-31,Tỉnh Sơn La,014170561260,0337288032,johnvu@gmail.com,"Số 233, Đường Cầu Giấy, Phường An Khánh, Tỉnh Sơn La",6560019530130995
869,Mai Bảo,Nam,1996-01-08,Tỉnh Đắc Lắc,066096583613,0855707471,lejohn@gmail.com,"Số 85, Đường Cầu Giấy, Phường Bách Khoa, Tỉnh Đắc Lắc",3572376384856676
870,Phạm Duyên,Nữ,1982-12-29,Tỉnh Thái Nguyên,019182372077,0855146028,lejane@gmail.com,"Số 109, Đường Hai Bà Trưng, Phường Tân Định, Tỉnh Thái Nguyên",30029840674876
871,Mai Linh,Nữ,1983-02-19,Tỉnh Lạng Sơn,020183950013,0581420116,johnnguyen@gmail.com,"Số 295, Đường Nguyễn Trãi, Phường Bách Khoa, Tỉnh Lạng Sơn",3508711678717458
872,Nguyễn Xuân,Nữ,1979-07-26,Tỉnh Đồng Tháp,082179147281,0974463502,janepham@gmail.com,"Số 283, Đường Đại Cồ Việt, Phường Tân Định, Tỉnh Đồng Tháp",5171571257179707
873,Phạm Thành,Nam,1995-04-14,Tỉnh Nghệ An,040095643500,0929420270,johnvu@gmail.com,"Số 212, Đường Trường Chinh, Phường Dịch Vọng, Tỉnh Nghệ An",6581324422526911
874,Nguyễn Phúc,Nam,1997-04-18,Tỉnh Đồng Tháp,082097501088,0815895181,vdang@gmail.com,"Số 125, Đường Trần Hưng Đạo, Phường Bến Nghé, Tỉnh Đồng Tháp",4718679738774544975
875,Đặng Ngọc,Nữ,2008-02-09,Tỉnh Lâm Đồng,068308885120,0322581040,john31@gmail.com,"Số 138, Đường Lê Lợi, Phường Dịch Vọng, Tỉnh Lâm Đồng",2718320012667870
876,Lê Châu,Nam,1966-02-28,Thành phố Cần Thơ,092066062801,0358394435,gmai@gmail.com,"Số 299, Đường Nguyễn Chí Thanh, Phường Dịch Vọng, Thành phố Cần Thơ",4418690507884
877,Mai Duyên,Nữ,1961-10-10,Tỉnh Thái Nguyên,019161696890,0853994795,jane16@gmail.com,"Số 136, Đường Nguyễn Trãi, Phường Hàng Bài, Tỉnh Thái Nguyên",6521749906159016
878,Trần Nhiên,Nam,2004-10-03,Tỉnh Đắc Lắc,066204964205,0779959007,nguyenjane@gmail.com,"Số 237, Đường Nguyễn Trãi, Phường Bách Khoa, Tỉnh Đắc Lắc",4035857870230285
879,Vũ Hương,Nữ,2001-02-21,Tỉnh Khánh Hòa,056301566659,0916279932,kmai@gmail.com,"Số 220, Đường Lê Lợi, Phường Thạch Thang, Tỉnh Khánh Hòa",3588796944414330
880,Mai Hoàng,Nam,1986-05-01,Tỉnh Đắc Lắc,066086881167,0986329899,john52@gmail.com,"Số 163, Đường Nguyễn Huệ, Phường Tân Định, Tỉnh Đắc Lắc",3530674945196009
881,Bùi Vi,Nữ,1984-11-04,Tỉnh Quảng Ninh,022184649711,0351491740,john36@gmail.com,"Số 62, Đường Quang Trung, Phường Tân Định, Tỉnh Quảng Ninh",4661453290434581
882,Phạm Dương,Nữ,1967-06-15,Tỉnh Thái Nguyên,019167841158,0390414145,janevu@gmail.com,"Số 110, Đường Nguyễn Chí Thanh, Phường An Khánh, Tỉnh Thái Nguyên",4825738160526828
883,Lê Chi,Nữ,1992-07-27,Thành phố Hồ Chí Minh,079192932431,0366561059,dbui@gmail.com,"Số 168, Đường Hai Bà Trưng, Phường Bách Khoa, Thành phố Hồ Chí Minh",3583694887264835
884,Bùi Hoàng,Nam,1986-01-17,Tỉnh Vĩnh Long,086086382632,0357423265,vujane@gmail.com,"Số 97, Đường Lê Lợi, Phường Bến Nghé, Tỉnh Vĩnh Long",4302656153466965621
885,Dương Quang,Nam,2001-02-13,Thành phố Cần Thơ,092201106867,0785980072,jane22@gmail.com,"Số 160, Đường Lê Duẩn, Phường Lăng Cô, Thành phố Cần Thơ",371265745374314
886,Đặng Vũ,Nam,1978-07-18,Thành phố Hồ Chí Minh,079078793526,0945622141,johnle@gmail.com,"Số 109, Đường Hoàng Hoa Thám, Phường An Khánh, Thành phố Hồ Chí Minh",30374117928591
887,Bùi Vũ,Nam,1992-11-28,Tỉnh Đắc Lắc,066092498095,0821862809,xle@gmail.com,"Số 14, Đường Nguyễn Chí Thanh, Phường Hàng Bài, Tỉnh Đắc Lắc",180010173165292
888,Lê Thành,Nam,1991-03-15,Thành phố Huế,046091041516,0398969415,jhoang@gmail.com,"Số 91, Đường Nguyễn Huệ, Phường An Khánh, Thành phố Huế",4360811336487144462
889,Mai Ánh,Nữ,1995-12-27,Tỉnh Hà Tĩnh,042195893900,0837258495,dangjohn@gmail.com,"Số 272, Đường Lê Lợi, Phường Dịch Vọng, Tỉnh Hà Tĩnh",3538377967064681
890,Đặng Thành,Nam,1979-11-15,Tỉnh Hà Tĩnh,042079069066,0343845727,maijane@gmail.com,"Số 48, Đường Hai Bà Trưng, Phường Tân Định, Tỉnh Hà Tĩnh",4541026924508253770
891,Mai Tùng,Nam,1973-03-04,Tỉnh Tuyên Quang,008073754426,0584930441,john55@gmail.com,"Số 1, Đường Nguyễn Chí Thanh, Phường Lăng Cô, Tỉnh Tuyên Quang",2719830612941219
892,Phạm Nam,Nam,1980-05-09,Tỉnh Hưng Yên,033080313440,0560780339,jane08@gmail.com,"Số 49, Đường Lê Duẩn, Phường Thạch Thang, Tỉnh Hưng Yên",4114591678569192415
893,Đặng Tùng,Nam,1986-12-17,Tỉnh Ninh Bình,037086684748,0374342881,jane94@gmail.com,"Số 158, Đường Trần Hưng Đạo, Phường Dịch Vọng, Tỉnh Ninh Bình",3542545195468437
894,Mai Linh,Nữ,1994-06-07,Thành phố Đà Nẵng,048194222272,0564716172,dangjohn@gmail.com,"Số 252, Đường Trần Hưng Đạo, Phường Bến Nghé, Thành phố Đà Nẵng",4280723683802748
895,Hoàng Bảo,Nam,1987-03-09,Tỉnh Tuyên Quang,008087441077,0823755708,phamjohn@gmail.com,"Số 227, Đường Lê Lợi, Phường An Khánh, Tỉnh Tuyên Quang",213153017200007
896,Mai Anh,Nam,1992-08-31,Tỉnh Đồng Nai,075092435947,0973624396,johntran@gmail.com,"Số 122, Đường Cầu Giấy, Phường Bách Khoa, Tỉnh Đồng Nai",4700852543099783424
897,Hoàng Huy,Nam,1999-08-05,Tỉnh Lâm Đồng,068099377354,0348751006,spham@gmail.com,"Số 61, Đường Quang Trung, Phường Tân Định, Tỉnh Lâm Đồng",2253356741412148
898,Bùi Ánh,Nữ,1978-11-24,Thành phố Huế,046178583759,0865045767,knguyen@gmail.com,"Số 90, Đường Đại Cồ Việt, Phường An Khánh, Thành phố Huế",2285130470261626
899,Mai Lan,Nữ,2000-09-17,Tỉnh Điện Biên,011300115173,0522080102,john10@gmail.com,"Số 175, Đường Nguyễn Trãi, Phường Dịch Vọng, Tỉnh Điện Biên",583293037243
900,Trần Hương,Nữ,1979-07-17,Tỉnh Cà Mau,096179736880,0391433486,janele@gmail.com,"Số 130, Đường Giải Phóng, Phường An Khánh, Tỉnh Cà Mau",6552678386405148
901,Trần Tú,Nam,1992-06-13,Tỉnh Tuyên Quang,008092465911,0978435167,john83@gmail.com,"Số 213, Đường Trần Hưng Đạo, Phường Bến Nghé, Tỉnh Tuyên Quang",180051016604378
902,Vũ Trung,Nam,1992-07-22,Tỉnh Cà Mau,096092341953,0896263582,john18@gmail.com,"Số 86, Đường Phạm Văn Đồng, Phường Thạch Thang, Tỉnh Cà Mau",343083357766338
903,Đặng Anh,Nam,1967-01-12,Tỉnh An Giang,091067068039,0967291687,sbui@gmail.com,"Số 228, Đường Nguyễn Chí Thanh, Phường Dịch Vọng, Tỉnh An Giang",4661647708054762
904,Mai Vân,Nữ,1981-04-22,Tỉnh Bắc Ninh,024181461519,0914001278,nguyenjane@gmail.com,"Số 130, Đường Trường Chinh, Phường Thạch Thang, Tỉnh Bắc Ninh",36664609869285
905,Nguyễn Trung,Nam,1968-07-21,Tỉnh Thanh Hóa,038068309197,0568110037,john98@gmail.com,"Số 64, Đường Lê Duẩn, Phường Dịch Vọng, Tỉnh Thanh Hóa",3537772858391923
906,Mai Dũng,Nam,1978-04-22,Tỉnh Quảng Ngãi,051078791300,0856776877,snguyen@gmail.com,"Số 101, Đường Giải Phóng, Phường An Khánh, Tỉnh Quảng Ngãi",6011739401745994
907,Trần Chi,Nữ,1972-01-17,Tỉnh An Giang,091172142555,0893165334,jane35@gmail.com,"Số 274, Đường Nguyễn Trãi, Phường Lăng Cô, Tỉnh An Giang",4192551866831825060
908,Hoàng Yến,Nữ,1992-07-29,Tỉnh Khánh Hòa,056192505552,0359339111,jane59@gmail.com,"Số 62, Đường Trường Chinh, Phường Dịch Vọng, Tỉnh Khánh Hòa",4989073297921
909,Mai Nam,Nam,1965-09-15,Tỉnh Hà Tĩnh,042065515799,0835998143,john89@gmail.com,"Số 64, Đường Hoàng Hoa Thám, Phường Hàng Bài, Tỉnh Hà Tĩnh",30241264126693
910,Mai Duyên,Nữ,1979-01-04,Tỉnh Cao Bằng,004179494412,0766111164,john88@gmail.com,"Số 214, Đường Trần Hưng Đạo, Phường Bến Nghé, Tỉnh Cao Bằng",4882129383857661642
911,Đặng Thảo,Nữ,1986-05-29,Tỉnh Lai Châu,012186835469,0830084816,johnle@gmail.com,"Số 291, Đường Lê Duẩn, Phường Bách Khoa, Tỉnh Lai Châu",3559028432290658
912,Mai Minh,Nam,1998-04-30,Tỉnh Đồng Tháp,082098335440,0897948434,phamjane@gmail.com,"Số 109, Đường Quang Trung, Phường Tân Định, Tỉnh Đồng Tháp",4496574651280040439
913,Dương Minh,Nam,1968-02-28,Thành phố Huế,046068167208,0326580727,mhoang@gmail.com,"Số 147, Đường Nguyễn Trãi, Phường Dịch Vọng, Thành phố Huế",2426637780415098
914,Phạm Chi,Nữ,2006-03-27,Tỉnh Đắc Lắc,066306005838,0369001901,whoang@gmail.com,"Số 154, Đường Nguyễn Chí Thanh, Phường Bến Nghé, Tỉnh Đắc Lắc",379690954910825
915,Dương Ánh,Nữ,1966-06-06,Tỉnh Bắc Ninh,024166198807,0980804954,duongjohn@gmail.com,"Số 41, Đường Nguyễn Chí Thanh, Phường Tân Định, Tỉnh Bắc Ninh",4807997515026141917
916,Đặng Ngọc,Nữ,1983-12-05,Tỉnh An Giang,091183163082,0340607807,jane59@gmail.com,"Số 277, Đường Hai Bà Trưng, Phường Lăng Cô, Tỉnh An Giang",180041826655702
917,Dương Mai,Nữ,1974-05-19,Tỉnh Quảng Ninh,022174379011,0331564824,uvu@gmail.com,"Số 121, Đường Nguyễn Chí Thanh, Phường Bến Nghé, Tỉnh Quảng Ninh",2251555451164060
918,Đặng Yến,Nữ,2002-06-15,Tỉnh Hưng Yên,033302884455,0967577522,johnle@gmail.com,"Số 181, Đường Lê Duẩn, Phường Thạch Thang, Tỉnh Hưng Yên",3562617764377847
919,Mai Xuân,Nữ,1973-05-09,Tỉnh Sơn La,014173284258,0397045979,tranjane@gmail.com,"Số 66, Đường Hai Bà Trưng, Phường Hàng Bài, Tỉnh Sơn La",2720482384559139
920,Vũ Anh,Nam,2000-12-20,Tỉnh Khánh Hòa,056200820053,0910488621,ahoang@gmail.com,"Số 185, Đường Quang Trung, Phường Bách Khoa, Tỉnh Khánh Hòa",3587251392836379
921,Dương Chi,Nữ,1964-03-07,Tỉnh Điện Biên,011164674665,0949855144,johntran@gmail.com,"Số 158, Đường Giải Phóng, Phường An Khánh, Tỉnh Điện Biên",213113500659739
922,Mai Xuân,Nữ,1961-06-07,Tỉnh Đồng Nai,075161702528,0398309392,wle@gmail.com,"Số 95, Đường Nguyễn Huệ, Phường Thạch Thang, Tỉnh Đồng Nai",6011899025341982
923,Lê Mai,Nữ,1990-05-25,Tỉnh Bắc Ninh,024190278735,0927751957,janehoang@gmail.com,"Số 90, Đường Hai Bà Trưng, Phường Hàng Bài, Tỉnh Bắc Ninh",4048436306301716
924,Dương Trung,Nam,1998-08-12,Tỉnh Khánh Hòa,056098602656,0905785360,johnvu@gmail.com,"Số 15, Đường Nguyễn Trãi, Phường An Khánh, Tỉnh Khánh Hòa",3512278566499882
925,Dương Minh,Nam,2002-09-07,Tỉnh An Giang,091202336702,0583406459,rduong@gmail.com,"Số 117, Đường Nguyễn Trãi, Phường Hàng Bài, Tỉnh An Giang",3568987783321082
926,Hoàng Tú,Nam,1989-03-21,Tỉnh Lạng Sơn,020089645880,0397779343,duongjohn@gmail.com,"Số 200, Đường Đại Cồ Việt, Phường An Khánh, Tỉnh Lạng Sơn",4532390657701516
927,Bùi Yến,Nữ,1974-09-29,Tỉnh Lạng Sơn,020174898118,0880709662,fdang@gmail.com,"Số 51, Đường Nguyễn Huệ, Phường Dịch Vọng, Tỉnh Lạng Sơn",4619794427665552
928,Bùi Châu,Nam,1974-05-24,Thành phố Huế,046074906901,0824589151,duongjohn@gmail.com,"Số 258, Đường Trường Chinh, Phường An Khánh, Thành phố Huế",6011664197574848
929,Vũ Quang,Nam,1963-05-17,Thành phố Đà Nẵng,048063550020,0705146556,janedang@gmail.com,"Số 12, Đường Nguyễn Trãi, Phường Thạch Thang, Thành phố Đà Nẵng",30190043310773
930,Phạm Lan,Nữ,2007-02-14,Tỉnh Đồng Nai,075307867796,0396861174,johnle@gmail.com,"Số 188, Đường Quang Trung, Phường Tân Định, Tỉnh Đồng Nai",630453377818
931,Bùi Vũ,Nam,1966-05-26,Tỉnh Cà Mau,096066683923,0922540636,johnle@gmail.com,"Số 63, Đường Nguyễn Trãi, Phường Bến Nghé, Tỉnh Cà Mau",4896599214310302
932,Vũ Trọng,Nam,1998-03-29,Tỉnh Khánh Hòa,056098310204,0865266380,johnduong@gmail.com,"Số 230, Đường Nguyễn Huệ, Phường Dịch Vọng, Tỉnh Khánh Hòa",3518603209498203
933,Phạm Mai,Nữ,2007-04-20,Tỉnh Bắc Ninh,024307844604,0359745876,janele@gmail.com,"Số 37, Đường Lê Duẩn, Phường Dịch Vọng, Tỉnh Bắc Ninh",4540098325831116
934,Hoàng Hương,Nữ,1993-02-18,Tỉnh Tây Ninh,080193330756,0979234254,nbui@gmail.com,"Số 4, Đường Hoàng Hoa Thám, Phường Bách Khoa, Tỉnh Tây Ninh",3599520635895046
935,Bùi Châu,Nam,1994-04-17,Tỉnh Tây Ninh,080094055447,0343590104,jane75@gmail.com,"Số 15, Đường Cầu Giấy, Phường Bách Khoa, Tỉnh Tây Ninh",4855455266215353
936,Phạm Vân,Nữ,1980-11-21,Tỉnh Bắc Ninh,024180632776,0336920652,jane16@gmail.com,"Số 192, Đường Phạm Văn Đồng, Phường Bến Nghé, Tỉnh Bắc Ninh",4647764055010101230
937,Dương Xuân,Nữ,1995-05-22,Tỉnh Lâm Đồng,068195362605,0827974169,nguyenjohn@gmail.com,"Số 182, Đường Trần Hưng Đạo, Phường Lăng Cô, Tỉnh Lâm Đồng",30454609037463
938,Vũ Dũng,Nam,1993-11-08,Tỉnh Tây Ninh,080093753047,0760192988,phamjohn@gmail.com,"Số 234, Đường Trường Chinh, Phường Tân Định, Tỉnh Tây Ninh",4298150561602398
939,Lê Minh,Nam,1972-02-29,Tỉnh Khánh Hòa,056072423470,0848142429,dangjane@gmail.com,"Số 204, Đường Nguyễn Trãi, Phường Hàng Bài, Tỉnh Khánh Hòa",2283632892617451
940,Nguyễn Hương,Nữ,2004-07-15,Tỉnh Quảng Ninh,022304915116,0340311991,zle@gmail.com,"Số 210, Đường Giải Phóng, Phường Dịch Vọng, Tỉnh Quảng Ninh",3562676028289560
941,Nguyễn Ánh,Nữ,1979-05-17,Thành phố Hồ Chí Minh,079179412505,0371703529,janenguyen@gmail.com,"Số 280, Đường Lê Duẩn, Phường Bách Khoa, Thành phố Hồ Chí Minh",6011001051083154
942,Hoàng Minh,Nam,1976-01-31,Tỉnh Điện Biên,011076503768,0823073206,janeduong@gmail.com,"Số 120, Đường Nguyễn Trãi, Phường An Khánh, Tỉnh Điện Biên",345450938010981
943,Mai Tùng,Nam,1987-07-22,Tỉnh Điện Biên,011087947926,0946030326,rpham@gmail.com,"Số 282, Đường Trần Hưng Đạo, Phường Dịch Vọng, Tỉnh Điện Biên",4947797032939836
944,Trần Hương,Nữ,1980-01-18,Tỉnh An Giang,091180922442,0963054958,tranjohn@gmail.com,"Số 187, Đường Nguyễn Huệ, Phường Bách Khoa, Tỉnh An Giang",2271566616137442
945,Mai Xuân,Nữ,1976-01-21,Tỉnh Cà Mau,096176703700,0776610830,jnguyen@gmail.com,"Số 91, Đường Lê Lợi, Phường Bến Nghé, Tỉnh Cà Mau",3562716894844948
946,Đặng Phúc,Nam,1977-08-08,Tỉnh Lâm Đồng,068077031965,0937705250,jane19@gmail.com,"Số 254, Đường Giải Phóng, Phường Bách Khoa, Tỉnh Lâm Đồng",30218203924693
947,Bùi Yến,Nữ,1996-09-27,Tỉnh Phú Thọ,025196674925,0775156927,johntran@gmail.com,"Số 27, Đường Phạm Văn Đồng, Phường Bến Nghé, Tỉnh Phú Thọ",374496712408580
948,Phạm Châu,Nam,1967-12-23,Tỉnh An Giang,091067251939,0928461373,janedang@gmail.com,"Số 208, Đường Trường Chinh, Phường An Khánh, Tỉnh An Giang",586369126550
949,Hoàng Anh,Nam,1980-06-21,Tỉnh Nghệ An,040080065857,0328540823,johnhoang@gmail.com,"Số 109, Đường Phạm Văn Đồng, Phường Tân Định, Tỉnh Nghệ An",4257597558321151
950,Hoàng Châu,Nam,1997-06-13,Tỉnh Sơn La,014097710231,0762848520,janebui@gmail.com,"Số 57, Đường Quang Trung, Phường Thạch Thang, Tỉnh Sơn La",4738772247585031291
951,Phạm Nam,Nam,1981-05-10,Tỉnh Tuyên Quang,008081268798,0350132059,janehoang@gmail.com,"Số 269, Đường Nguyễn Trãi, Phường Bến Nghé, Tỉnh Tuyên Quang",3539525059730655
952,Dương Mai,Nữ,1983-11-27,Tỉnh Lào Cai,015183541068,0799486653,johnhoang@gmail.com,"Số 13, Đường Quang Trung, Phường Bến Nghé, Tỉnh Lào Cai",6525511408319357
953,Bùi Duyên,Nữ,1968-03-07,Tỉnh Quảng Ninh,022168992274,0983746281,jane47@gmail.com,"Số 154, Đường Cầu Giấy, Phường Bách Khoa, Tỉnh Quảng Ninh",4408946287335586
954,Nguyễn Dương,Nữ,1967-05-21,Tỉnh Tây Ninh,080167718588,0338385193,vujane@gmail.com,"Số 194, Đường Giải Phóng, Phường Bách Khoa, Tỉnh Tây Ninh",4852033315631
955,Vũ Hoàng,Nam,1968-12-28,Tỉnh Khánh Hòa,056068683345,0320823014,nguyenjane@gmail.com,"Số 299, Đường Phạm Văn Đồng, Phường Lăng Cô, Tỉnh Khánh Hòa",3504987720551988
956,Nguyễn Anh,Nam,2006-09-27,Thành phố Hồ Chí Minh,079206828710,0336730777,janetran@gmail.com,"Số 106, Đường Trần Hưng Đạo, Phường Thạch Thang, Thành phố Hồ Chí Minh",377475524555967
957,Mai Chi,Nữ,1992-08-24,Thành phố Cần Thơ,092192261482,0394508845,nguyenjane@gmail.com,"Số 83, Đường Lê Lợi, Phường An Khánh, Thành phố Cần Thơ",374714457719056
958,Hoàng Trung,Nam,1984-03-14,Tỉnh Nghệ An,040084994071,0822463528,tranjohn@gmail.com,"Số 88, Đường Quang Trung, Phường Tân Định, Tỉnh Nghệ An",3579967479332418
959,Nguyễn Xuân,Nữ,1974-04-02,Tỉnh Đồng Nai,075174441187,0980129508,johnle@gmail.com,"Số 108, Đường Hoàng Hoa Thám, Phường Thạch Thang, Tỉnh Đồng Nai",180083394543324
960,Nguyễn Anh,Nam,1990-05-20,Tỉnh Đồng Tháp,082090825332,0946902437,dangjohn@gmail.com,"Số 280, Đường Lê Duẩn, Phường Tân Định, Tỉnh Đồng Tháp",3518581337198582
961,Vũ Vân,Nữ,1965-08-19,Tỉnh Sơn La,014165952998,0869812329,nhoang@gmail.com,"Số 285, Đường Đại Cồ Việt, Phường Bến Nghé, Tỉnh Sơn La",30134268315257
962,Dương Linh,Nữ,1974-01-05,Tỉnh Hưng Yên,033174518920,0859720556,dangjohn@gmail.com,"Số 83, Đường Trần Hưng Đạo, Phường Hàng Bài, Tỉnh Hưng Yên",38579524555314
963,Mai Hoàng,Nam,1996-10-30,Thành phố Hà Nội,001096684836,0947684047,jane22@gmail.com,"Số 104, Đường Giải Phóng, Phường Bến Nghé, Thành phố Hà Nội",6558205956105355
964,Vũ Ngọc,Nữ,1985-10-27,Tỉnh Khánh Hòa,056185377900,0942573931,xduong@gmail.com,"Số 15, Đường Trường Chinh, Phường Thạch Thang, Tỉnh Khánh Hòa",4392210032489430
965,Phạm Vân,Nữ,1991-04-06,Tỉnh Lâm Đồng,068191930246,0917698792,kle@gmail.com,"Số 271, Đường Phạm Văn Đồng, Phường Dịch Vọng, Tỉnh Lâm Đồng",213189455120851
966,Mai Anh,Nam,1985-10-09,Tỉnh Điện Biên,011085585294,0374310726,duongjohn@gmail.com,"Số 45, Đường Hoàng Hoa Thám, Phường Bách Khoa, Tỉnh Điện Biên",4419681961048594896
967,Trần Huy,Nam,1976-10-30,Tỉnh Cà Mau,096076067656,0988184362,janele@gmail.com,"Số 25, Đường Hoàng Hoa Thám, Phường Dịch Vọng, Tỉnh Cà Mau",3581711635315487
968,Hoàng Hoàng,Nam,2002-10-19,Tỉnh Quảng Ninh,022202430783,0899696302,janepham@gmail.com,"Số 133, Đường Hai Bà Trưng, Phường Bến Nghé, Tỉnh Quảng Ninh",4617999497208124
969,Đặng Hương,Nữ,1977-06-20,Tỉnh Lào Cai,015177340426,0371806987,john98@gmail.com,"Số 288, Đường Cầu Giấy, Phường An Khánh, Tỉnh Lào Cai",6011079518255870
970,Lê Yến,Nữ,1962-12-03,Tỉnh Quảng Ninh,022162715265,0897601110,john55@gmail.com,"Số 38, Đường Phạm Văn Đồng, Phường Hàng Bài, Tỉnh Quảng Ninh",4597962380638819
971,Mai Linh,Nữ,2002-10-09,Thành phố Huế,046302743183,0815980215,ole@gmail.com,"Số 186, Đường Nguyễn Trãi, Phường Thạch Thang, Thành phố Huế",6505284257564044
972,Dương Hoàng,Nam,1981-09-09,Tỉnh Quảng Ninh,022081790603,0844850892,johnnguyen@gmail.com,"Số 173, Đường Nguyễn Huệ, Phường Tân Định, Tỉnh Quảng Ninh",4890479015008551
973,Hoàng Hồng,Nữ,1981-01-31,Thành phố Huế,046181227102,0528998633,cpham@gmail.com,"Số 185, Đường Quang Trung, Phường An Khánh, Thành phố Huế",502030897164
974,Lê Vi,Nữ,1987-12-28,Thành phố Hải Phòng,031187892774,0893408472,janenguyen@gmail.com,"Số 256, Đường Phạm Văn Đồng, Phường Lăng Cô, Thành phố Hải Phòng",3554575282890958
975,Hoàng Vũ,Nam,2001-05-22,Tỉnh Lâm Đồng,068201499104,0896007350,dangjane@gmail.com,"Số 16, Đường Nguyễn Huệ, Phường Bến Nghé, Tỉnh Lâm Đồng",36914431318260
976,Phạm Yến,Nữ,2004-04-08,Tỉnh Quảng Ninh,022304399669,0978844963,jane48@gmail.com,"Số 6, Đường Đại Cồ Việt, Phường Tân Định, Tỉnh Quảng Ninh",060489058861
977,Mai Hồng,Nữ,1994-08-28,Thành phố Huế,046194107384,0324272416,pduong@gmail.com,"Số 127, Đường Nguyễn Chí Thanh, Phường Hàng Bài, Thành phố Huế",4889968174683256
978,Mai Yến,Nữ,1987-12-28,Tỉnh Thái Nguyên,019187665387,0891598291,lejohn@gmail.com,"Số 92, Đường Trần Hưng Đạo, Phường Dịch Vọng, Tỉnh Thái Nguyên",639092476782
979,Dương Mai,Nữ,1964-06-13,Tỉnh Ninh Bình,037164211592,0562289035,lejohn@gmail.com,"Số 242, Đường Nguyễn Chí Thanh, Phường Hàng Bài, Tỉnh Ninh Bình",4121111150312032
980,Hoàng Thành,Nam,1990-10-29,Tỉnh Sơn La,014090481945,0817611844,otran@gmail.com,"Số 265, Đường Lê Lợi, Phường Bến Nghé, Tỉnh Sơn La",213112574646283
981,Bùi Yến,Nữ,1961-04-09,Tỉnh Hà Tĩnh,042161918733,0982022842,johnbui@gmail.com,"Số 248, Đường Nguyễn Huệ, Phường Thạch Thang, Tỉnh Hà Tĩnh",30166834434196
982,Đặng Lan,Nữ,1996-04-03,Tỉnh Đồng Tháp,082196337630,0848616367,janenguyen@gmail.com,"Số 146, Đường Nguyễn Trãi, Phường Thạch Thang, Tỉnh Đồng Tháp",3588694555640220
983,Bùi Quang,Nam,2007-07-05,Tỉnh Thanh Hóa,038207737075,0589810561,janevu@gmail.com,"Số 115, Đường Nguyễn Huệ, Phường Bến Nghé, Tỉnh Thanh Hóa",6011210339713066
984,Trần Yến,Nữ,1998-10-12,Tỉnh An Giang,091198634058,0882917830,hbui@gmail.com,"Số 255, Đường Giải Phóng, Phường Bến Nghé, Tỉnh An Giang",3591327617829409
985,Đặng Dương,Nữ,1982-02-05,Thành phố Hà Nội,001182077582,0353712564,john65@gmail.com,"Số 70, Đường Phạm Văn Đồng, Phường Dịch Vọng, Thành phố Hà Nội",30142290138423
986,Trần Hưng,Nam,1980-07-21,Tỉnh Sơn La,014080530928,0373226993,jane25@gmail.com,"Số 71, Đường Nguyễn Huệ, Phường Bách Khoa, Tỉnh Sơn La",639058035804
987,Vũ Lan,Nữ,1990-12-11,Tỉnh Quảng Trị,044190261811,0902922706,buijane@gmail.com,"Số 152, Đường Trần Hưng Đạo, Phường Thạch Thang, Tỉnh Quảng Trị",349163499434377
988,Mai Trung,Nam,1995-02-02,Tỉnh Vĩnh Long,086095918469,0967233806,johntran@gmail.com,"Số 247, Đường Cầu Giấy, Phường Thạch Thang, Tỉnh Vĩnh Long",30495215113479
989,Bùi Xuân,Nữ,1988-04-03,Tỉnh Lạng Sơn,020188253789,0770730501,john90@gmail.com,"Số 203, Đường Lê Lợi, Phường An Khánh, Tỉnh Lạng Sơn",6518704377023857
990,Đặng Nam,Nam,1967-07-16,Tỉnh Nghệ An,040067774746,0900929367,lejane@gmail.com,"Số 18, Đường Nguyễn Chí Thanh, Phường Bách Khoa, Tỉnh Nghệ An",213180331235633
991,Hoàng Linh,Nữ,2002-02-25,Tỉnh Gia Lai,052302201111,0934357357,john40@gmail.com,"Số 193, Đường Trần Hưng Đạo, Phường Tân Định, Tỉnh Gia Lai",3504645476682726
992,Đặng Vân,Nữ,1982-06-03,Tỉnh Bắc Ninh,024182033045,0944568093,janevu@gmail.com,"Số 207, Đường Nguyễn Chí Thanh, Phường Dịch Vọng, Tỉnh Bắc Ninh",4963099923380
993,Dương Dương,Nữ,2003-02-04,Thành phố Huế,046303367295,0919450931,lejohn@gmail.com,"Số 189, Đường Trần Hưng Đạo, Phường Lăng Cô, Thành phố Huế",580989664611
994,Phạm Vân,Nữ,1988-05-19,Tỉnh Hưng Yên,033188807849,0941453119,johnvu@gmail.com,"Số 233, Đường Lê Duẩn, Phường An Khánh, Tỉnh Hưng Yên",30031026104413
995,Hoàng Linh,Nữ,2007-03-25,Thành phố Hồ Chí Minh,079307831401,0899770926,tpham@gmail.com,"Số 207, Đường Hoàng Hoa Thám, Phường Bách Khoa, Thành phố Hồ Chí Minh",3509087282448064
996,Phạm Hưng,Nam,1971-05-14,Tỉnh Quảng Trị,044071864710,0832640776,phamjane@gmail.com,"Số 148, Đường Trường Chinh, Phường Thạch Thang, Tỉnh Quảng Trị",5474309312644975
997,Vũ Nam,Nam,1968-06-26,Tỉnh Vĩnh Long,086068229416,0705583373,ubui@gmail.com,"Số 126, Đường Trần Hưng Đạo, Phường Dịch Vọng, Tỉnh Vĩnh Long",30391774654161
998,Đặng Hưng,Nam,1969-01-09,Tỉnh Vĩnh Long,086069449663,0583637759,hoangjane@gmail.com,"Số 40, Đường Nguyễn Chí Thanh, Phường Bách Khoa, Tỉnh Vĩnh Long",4973917239529142
999,Đặng Tùng,Nam,1980-11-06,Tỉnh Cao Bằng,004080150616,0582085678,janetran@gmail.com,"Số 297, Đường Lê Duẩn, Phường Bến Nghé, Tỉnh Cao Bằng",4959591203007957184
1000,Nguyễn Xuân,Nữ,1981-08-04,Tỉnh Vĩnh Long,086181213915,0349526959,johndang@gmail.com,"Số 124, Đường Nguyễn Trãi, Phường Bách Khoa, Tỉnh Vĩnh Long",4507515759264
