Stt,Tên,Giới tính,Ngày sinh,Nơi sinh,CCCD,Sdt,email,Địa chỉ nhà,Thẻ tín dụng
1,Dương Linh,Nữ,2002-02-22,Tỉnh Quảng Trị,044302985590,0846887603,john44@gmail.com,"Số 124, Đường Trường Chinh, Phường Lăng Cô, Tỉnh Quảng Trị",503874342739
2,Nguyễn Mai,Nữ,1982-06-06,Tỉnh Đồng Nai,075182462123,0816481254,hoangjane@gmail.com,"Số 115, Đường Nguyễn Trãi, Phường Dịch Vọng, Tỉnh Đồng Nai",6577987247149758
3,Phạm Nhiên,Nam,1974-11-16,Tỉnh Gia Lai,052074054558,0835297507,duongjohn@gmail.com,"Số 191, Đường Giải Phóng, Phường Hàng Bài, Tỉnh Gia Lai",213162941832454
4,Vũ Hồng,Nữ,1987-01-11,Tỉnh Quảng Ngãi,051187830891,0367363792,tranjane@gmail.com,"Số 141, Đường Giải Phóng, Phường An Khánh, Tỉnh Quảng Ngãi",5382492799344136
5,Dương Huy,Nam,1989-02-25,Tỉnh Cà Mau,096089425190,0706140319,lejane@gmail.com,"Số 222, Đường Quang Trung, Phường Dịch Vọng, Tỉnh Cà Mau",563408882287
6,Lê Minh,Nam,1987-12-18,Tỉnh Bắc Ninh,024087138338,0792214148,duongjohn@gmail.com,"Số 51, Đường Nguyễn Chí Thanh, Phường Bách Khoa, Tỉnh Bắc Ninh",676211423311
7,Hoàng Vi,Nữ,1964-03-11,Tỉnh Bắc Ninh,024164210713,0772328624,john66@gmail.com,"Số 243, Đường Phạm Văn Đồng, Phường An Khánh, Tỉnh Bắc Ninh",38053346142818
8,Đặng Tú,Nam,1989-12-18,Tỉnh Phú Thọ,025089057026,0326297062,jane28@gmail.com,"Số 271, Đường Hai Bà Trưng, Phường Tân Định, Tỉnh Phú Thọ",6011739152425929
9,Lê Quang,Nam,1992-07-18,Thành phố Hải Phòng,031092387452,0375528238,janeduong@gmail.com,"Số 249, Đường Lê Lợi, Phường Lăng Cô, Thành phố Hải Phòng",675973803538
10,Phạm Chi,Nữ,1998-10-02,Tỉnh Cà Mau,096198354145,0355520041,janeduong@gmail.com,"Số 220, Đường Nguyễn Huệ, Phường An Khánh, Tỉnh Cà Mau",374884084667158
11,Đặng Vi,Nữ,1984-05-21,Tỉnh Phú Thọ,025184047332,0840998138,johnle@gmail.com,"Số 47, Đường Giải Phóng, Phường Dịch Vọng, Tỉnh Phú Thọ",4977548182729
12,Bùi Linh,Nữ,1995-09-04,Tỉnh Khánh Hòa,056195869398,0843204939,john91@gmail.com,"Số 77, Đường Lê Lợi, Phường Bến Nghé, Tỉnh Khánh Hòa",4241963660832489654
13,Hoàng Xuân,Nữ,1982-05-28,Tỉnh Cà Mau,096182846308,0925943548,john38@gmail.com,"Số 179, Đường Phạm Văn Đồng, Phường Hàng Bài, Tỉnh Cà Mau",30491512873675
14,Nguyễn Tùng,Nam,1991-09-26,Tỉnh Nghệ An,040091185578,0949287875,gbui@gmail.com,"Số 245, Đường Hoàng Hoa Thám, Phường Thạch Thang, Tỉnh Nghệ An",575975793028
15,Mai Anh,Nam,1999-04-27,Tỉnh Thái Nguyên,019099592195,0365912350,cdang@gmail.com,"Số 269, Đường Nguyễn Chí Thanh, Phường Hàng Bài, Tỉnh Thái Nguyên",6011948592709343
16,Trần Hương,Nữ,2005-05-07,Tỉnh Thái Nguyên,019305925960,0780628527,janemai@gmail.com,"Số 259, Đường Giải Phóng, Phường Lăng Cô, Tỉnh Thái Nguyên",5536742635424657
17,Dương Anh,Nam,1972-02-19,Tỉnh Quảng Ninh,022072539234,0326585717,john27@gmail.com,"Số 144, Đường Hoàng Hoa Thám, Phường Bách Khoa, Tỉnh Quảng Ninh",30175245607225
18,Lê Trọng,Nam,1970-06-28,Tỉnh Gia Lai,052070943822,0859729363,janepham@gmail.com,"Số 265, Đường Lê Lợi, Phường Lăng Cô, Tỉnh Gia Lai",375215025441628
19,Phạm Hồng,Nữ,1962-06-12,Tỉnh Phú Thọ,025162991926,0854966169,qvu@gmail.com,"Số 35, Đường Nguyễn Trãi, Phường Tân Định, Tỉnh Phú Thọ",577906215212
20,Trần Thảo,Nữ,1970-10-30,Tỉnh Hưng Yên,033170378446,0917047931,nguyenjohn@gmail.com,"Số 271, Đường Nguyễn Huệ, Phường Tân Định, Tỉnh Hưng Yên",2382430320681441
21,Trần Khoa,Nam,1961-05-05,Thành phố Hải Phòng,031061601796,0858967837,jduong@gmail.com,"Số 10, Đường Lê Lợi, Phường Thạch Thang, Thành phố Hải Phòng",4446609466840520364
22,Trần Ánh,Nữ,1997-07-09,Tỉnh Bắc Ninh,024197787641,0853592074,jane23@gmail.com,"Số 98, Đường Phạm Văn Đồng, Phường Thạch Thang, Tỉnh Bắc Ninh",5373196504617915
23,Hoàng Chi,Nữ,1983-03-28,Tỉnh Tuyên Quang,008183013994,0379768673,lejane@gmail.com,"Số 20, Đường Hai Bà Trưng, Phường Lăng Cô, Tỉnh Tuyên Quang",30049963003273
24,Hoàng Hương,Nữ,1971-10-03,Tỉnh Đắc Lắc,066171288858,0979346676,janele@gmail.com,"Số 122, Đường Hai Bà Trưng, Phường Thạch Thang, Tỉnh Đắc Lắc",30067741311412
25,Phạm Lan,Nữ,1988-01-04,Tỉnh Lâm Đồng,068188657712,0983236362,john60@gmail.com,"Số 65, Đường Trần Hưng Đạo, Phường Lăng Cô, Tỉnh Lâm Đồng",588933676664
26,Mai Dũng,Nam,1965-06-23,Tỉnh Quảng Ninh,022065750153,0365418682,john66@gmail.com,"Số 182, Đường Lê Lợi, Phường Dịch Vọng, Tỉnh Quảng Ninh",30385404826330
27,Đặng Quang,Nam,2007-08-16,Tỉnh Cà Mau,096207725314,0920987859,uhoang@gmail.com,"Số 221, Đường Cầu Giấy, Phường An Khánh, Tỉnh Cà Mau",36218900168200
28,Phạm Xuân,Nữ,1979-10-23,Thành phố Hồ Chí Minh,079179425658,0898496106,john61@gmail.com,"Số 244, Đường Trường Chinh, Phường Bến Nghé, Thành phố Hồ Chí Minh",4501606398383837670
29,Trần Mai,Nữ,1997-02-14,Tỉnh Gia Lai,052197857323,0940318678,ppham@gmail.com,"Số 289, Đường Nguyễn Trãi, Phường Bến Nghé, Tỉnh Gia Lai",3528837623299874
30,Vũ Tú,Nam,1966-05-09,Thành phố Hồ Chí Minh,079066561591,0773418321,evu@gmail.com,"Số 26, Đường Phạm Văn Đồng, Phường Bến Nghé, Thành phố Hồ Chí Minh",3568584226214485
31,Lê Lan,Nữ,1966-01-01,Tỉnh Lâm Đồng,068166786116,0382717366,janedang@gmail.com,"Số 242, Đường Nguyễn Trãi, Phường Bến Nghé, Tỉnh Lâm Đồng",2243164088145567
32,Hoàng Vân,Nữ,1983-06-21,Tỉnh Lai Châu,012183094793,0941921154,johnduong@gmail.com,"Số 149, Đường Giải Phóng, Phường Dịch Vọng, Tỉnh Lai Châu",375758580115624
33,Phạm Nam,Nam,2002-01-16,Tỉnh Hà Tĩnh,042202662946,0969182363,john27@gmail.com,"Số 111, Đường Cầu Giấy, Phường Hàng Bài, Tỉnh Hà Tĩnh",4670243453590801
34,Bùi Quang,Nam,1993-04-28,Tỉnh Quảng Ninh,022093527522,0588058359,nguyenjane@gmail.com,"Số 70, Đường Đại Cồ Việt, Phường Lăng Cô, Tỉnh Quảng Ninh",503811268724
35,Bùi Nam,Nam,1965-02-28,Tỉnh Hà Tĩnh,042065744003,0867186084,xmai@gmail.com,"Số 126, Đường Trường Chinh, Phường Lăng Cô, Tỉnh Hà Tĩnh",213150270169051
36,Đặng Nam,Nam,1970-09-09,Tỉnh Ninh Bình,037070563925,0824636863,lejohn@gmail.com,"Số 68, Đường Giải Phóng, Phường Bách Khoa, Tỉnh Ninh Bình",4126680361566755
37,Hoàng Hương,Nữ,1989-04-01,Tỉnh Lâm Đồng,068189121766,0966509002,john80@gmail.com,"Số 166, Đường Hoàng Hoa Thám, Phường An Khánh, Tỉnh Lâm Đồng",3517098224355317
38,Lê Minh,Nam,2008-07-16,Tỉnh Vĩnh Long,086208660511,0880675895,duongjane@gmail.com,"Số 226, Đường Lê Duẩn, Phường Lăng Cô, Tỉnh Vĩnh Long",4428638500930410
39,Phạm Tú,Nam,1992-01-13,Tỉnh Lai Châu,012092807414,0350248893,dangjohn@gmail.com,"Số 152, Đường Giải Phóng, Phường Bến Nghé, Tỉnh Lai Châu",4276849686664
40,Vũ Trọng,Nam,1992-01-29,Tỉnh Lâm Đồng,068092678927,0916797490,janenguyen@gmail.com,"Số 227, Đường Quang Trung, Phường Dịch Vọng, Tỉnh Lâm Đồng",676247646125
41,Dương Vi,Nữ,2004-07-05,Thành phố Hải Phòng,031304261427,0360087668,maijohn@gmail.com,"Số 35, Đường Đại Cồ Việt, Phường Bách Khoa, Thành phố Hải Phòng",2251991243988492
42,Hoàng Tùng,Nam,1998-07-09,Thành phố Huế,046098071865,0886748188,vduong@gmail.com,"Số 124, Đường Hai Bà Trưng, Phường Bến Nghé, Thành phố Huế",4872540318837
43,Dương Thảo,Nữ,1976-04-14,Tỉnh Hưng Yên,033176899837,0915101964,john00@gmail.com,"Số 104, Đường Hai Bà Trưng, Phường Dịch Vọng, Tỉnh Hưng Yên",3579719721435493
44,Vũ Lan,Nữ,1972-09-22,Tỉnh Hà Tĩnh,042172420114,0987987023,unguyen@gmail.com,"Số 202, Đường Đại Cồ Việt, Phường Hàng Bài, Tỉnh Hà Tĩnh",4671657730387333000
45,Phạm Thảo,Nữ,1977-06-08,Tỉnh Ninh Bình,037177749081,0366523326,dnguyen@gmail.com,"Số 24, Đường Lê Duẩn, Phường Tân Định, Tỉnh Ninh Bình",630404861720
46,Trần Khoa,Nam,2000-09-14,Tỉnh Lạng Sơn,020200175931,0980354494,janehoang@gmail.com,"Số 189, Đường Giải Phóng, Phường An Khánh, Tỉnh Lạng Sơn",4872846207090113793
47,Nguyễn Ngọc,Nữ,1995-02-28,Tỉnh Phú Thọ,025195839218,0973785700,jane78@gmail.com,"Số 55, Đường Giải Phóng, Phường Bến Nghé, Tỉnh Phú Thọ",343584062878755
48,Lê Lan,Nữ,1983-12-18,Tỉnh Thái Nguyên,019183520732,0345664701,dpham@gmail.com,"Số 280, Đường Phạm Văn Đồng, Phường Tân Định, Tỉnh Thái Nguyên",4882544655623433761
49,Đặng Trọng,Nam,1997-03-10,Tỉnh Thanh Hóa,038097811524,0771404790,johndang@gmail.com,"Số 126, Đường Trần Hưng Đạo, Phường Tân Định, Tỉnh Thanh Hóa",3579198430852274
50,Dương Nam,Nam,1987-10-09,Tỉnh Nghệ An,040087746178,0903217948,johntran@gmail.com,"Số 259, Đường Giải Phóng, Phường An Khánh, Tỉnh Nghệ An",5237257500390224
51,Phạm Thảo,Nữ,1999-02-21,Tỉnh Cà Mau,096199357161,0834895169,upham@gmail.com,"Số 202, Đường Quang Trung, Phường An Khánh, Tỉnh Cà Mau",4238863677095819648
52,Phạm Châu,Nam,1960-12-25,Tỉnh Đồng Nai,075060954525,0844139934,jnguyen@gmail.com,"Số 171, Đường Trường Chinh, Phường An Khánh, Tỉnh Đồng Nai",2222269231541573
53,Phạm Xuân,Nữ,1969-10-08,Tỉnh Lai Châu,012169411565,0358045134,lpham@gmail.com,"Số 284, Đường Trường Chinh, Phường Thạch Thang, Tỉnh Lai Châu",4118491518899127
54,Mai Chi,Nữ,2005-11-23,Tỉnh Điện Biên,011305451432,0891165829,janebui@gmail.com,"Số 15, Đường Hai Bà Trưng, Phường Lăng Cô, Tỉnh Điện Biên",213123214103965
55,Mai Trọng,Nam,1994-04-29,Tỉnh Điện Biên,011094993433,0907178076,janenguyen@gmail.com,"Số 292, Đường Đại Cồ Việt, Phường Hàng Bài, Tỉnh Điện Biên",374081500173941
56,Nguyễn Vi,Nữ,1971-05-09,Tỉnh Đồng Tháp,082171360946,0386440980,john55@gmail.com,"Số 203, Đường Trần Hưng Đạo, Phường Bách Khoa, Tỉnh Đồng Tháp",4511405883409098326
57,Đặng Khoa,Nam,1971-06-11,Tỉnh Cà Mau,096071360686,0368767779,tranjane@gmail.com,"Số 177, Đường Giải Phóng, Phường Thạch Thang, Tỉnh Cà Mau",213132745874184
58,Dương Hồng,Nữ,1964-11-20,Thành phố Cần Thơ,092164776825,0320270877,vujane@gmail.com,"Số 76, Đường Nguyễn Trãi, Phường Lăng Cô, Thành phố Cần Thơ",4936326447490590
59,Phạm Khoa,Nam,2003-09-18,Tỉnh Khánh Hòa,056203253602,0902870565,hoangjane@gmail.com,"Số 18, Đường Lê Lợi, Phường Hàng Bài, Tỉnh Khánh Hòa",3599247694809466
60,Lê Duyên,Nữ,1999-03-09,Thành phố Huế,046199033234,0888455160,jane90@gmail.com,"Số 151, Đường Nguyễn Chí Thanh, Phường Bến Nghé, Thành phố Huế",30201602286088
61,Vũ Vi,Nữ,1996-05-15,Tỉnh Đồng Nai,075196150202,0372616874,johnle@gmail.com,"Số 96, Đường Đại Cồ Việt, Phường Tân Định, Tỉnh Đồng Nai",2252560043912595
62,Phạm Hồng,Nữ,1988-05-11,Tỉnh Bắc Ninh,024188045808,0386371943,maijane@gmail.com,"Số 232, Đường Giải Phóng, Phường Bến Nghé, Tỉnh Bắc Ninh",4251017132777630291
63,Trần Trung,Nam,1998-09-16,Tỉnh Quảng Ninh,022098601501,0324156148,john40@gmail.com,"Số 166, Đường Hoàng Hoa Thám, Phường Tân Định, Tỉnh Quảng Ninh",349114461058470
64,Nguyễn Châu,Nam,1972-01-30,Tỉnh Phú Thọ,025072968070,0920854024,tranjane@gmail.com,"Số 76, Đường Hoàng Hoa Thám, Phường Dịch Vọng, Tỉnh Phú Thọ",3541995425185080
65,Dương Nam,Nam,2008-04-05,Tỉnh Nghệ An,040208858097,0841910376,tranjohn@gmail.com,"Số 106, Đường Trần Hưng Đạo, Phường Hàng Bài, Tỉnh Nghệ An",180023019155963
66,Trần Vi,Nữ,1963-05-10,Tỉnh Vĩnh Long,086163197181,0524015733,dangjane@gmail.com,"Số 158, Đường Cầu Giấy, Phường Lăng Cô, Tỉnh Vĩnh Long",4087313912573809622
67,Trần Trung,Nam,1960-11-07,Thành phố Hà Nội,001060998005,0333712021,johnhoang@gmail.com,"Số 300, Đường Cầu Giấy, Phường Thạch Thang, Thành phố Hà Nội",6011204436716643
68,Lê Tùng,Nam,1980-12-12,Tỉnh Vĩnh Long,086080301430,0967765542,johnhoang@gmail.com,"Số 29, Đường Lê Duẩn, Phường Thạch Thang, Tỉnh Vĩnh Long",4607644121575556190
69,Dương Linh,Nữ,1998-05-15,Thành phố Đà Nẵng,048198925158,0796159847,dangjohn@gmail.com,"Số 216, Đường Trần Hưng Đạo, Phường Bến Nghé, Thành phố Đà Nẵng",2245023272644637
70,Nguyễn Vi,Nữ,2008-08-06,Tỉnh Hà Tĩnh,042308883007,0966685829,john43@gmail.com,"Số 198, Đường Nguyễn Trãi, Phường Hàng Bài, Tỉnh Hà Tĩnh",180049536986499
71,Đặng Quang,Nam,1997-05-20,Tỉnh Quảng Trị,044097726068,0919685854,jane32@gmail.com,"Số 114, Đường Hai Bà Trưng, Phường Lăng Cô, Tỉnh Quảng Trị",3532812475873468
72,Đặng Tú,Nam,1995-10-12,Tỉnh Hưng Yên,033095184417,0770863556,apham@gmail.com,"Số 9, Đường Nguyễn Chí Thanh, Phường Bến Nghé, Tỉnh Hưng Yên",4295902073222
73,Bùi Duyên,Nữ,2000-03-29,Tỉnh Lâm Đồng,068300150034,0849619799,buijane@gmail.com,"Số 181, Đường Quang Trung, Phường Bến Nghé, Tỉnh Lâm Đồng",4874448558749517
74,Nguyễn Vi,Nữ,1993-02-10,Tỉnh Cao Bằng,004193516097,0583862362,johnvu@gmail.com,"Số 82, Đường Quang Trung, Phường Tân Định, Tỉnh Cao Bằng",3580889401298334
75,Hoàng Hưng,Nam,1995-07-26,Thành phố Hồ Chí Minh,079095145771,0330318752,nguyenjohn@gmail.com,"Số 191, Đường Cầu Giấy, Phường Tân Định, Thành phố Hồ Chí Minh",585432752269
76,Mai Lan,Nữ,1965-11-22,Tỉnh Quảng Trị,044165240970,0901790263,john18@gmail.com,"Số 13, Đường Trần Hưng Đạo, Phường Bách Khoa, Tỉnh Quảng Trị",4989548115288192045
77,Bùi Nam,Nam,1999-05-30,Thành phố Hà Nội,001099165252,0524784260,johnduong@gmail.com,"Số 116, Đường Nguyễn Chí Thanh, Phường Dịch Vọng, Thành phố Hà Nội",2268737999855539
78,Nguyễn Ánh,Nữ,1961-01-28,Tỉnh Lâm Đồng,068161779471,0935137707,tranjane@gmail.com,"Số 12, Đường Hai Bà Trưng, Phường Bến Nghé, Tỉnh Lâm Đồng",4535332872526595014
79,Trần Chi,Nữ,2004-05-22,Tỉnh Thanh Hóa,038304605050,0566264838,john94@gmail.com,"Số 107, Đường Hoàng Hoa Thám, Phường Thạch Thang, Tỉnh Thanh Hóa",4371120090625806
80,Bùi Vũ,Nam,2001-09-29,Thành phố Huế,046201367947,0766532286,johnmai@gmail.com,"Số 211, Đường Nguyễn Chí Thanh, Phường Bách Khoa, Thành phố Huế",3594385468309928
81,Vũ Thành,Nam,1989-05-11,Thành phố Hải Phòng,031089913766,0963136254,jane15@gmail.com,"Số 242, Đường Lê Duẩn, Phường Tân Định, Thành phố Hải Phòng",4751979273298826
82,Nguyễn Ánh,Nữ,2005-04-22,Thành phố Đà Nẵng,048305929977,0524136746,john24@gmail.com,"Số 118, Đường Quang Trung, Phường An Khánh, Thành phố Đà Nẵng",4011142950614155
83,Trần Trọng,Nam,2006-09-14,Tỉnh Đắc Lắc,066206066379,0938561898,janehoang@gmail.com,"Số 13, Đường Giải Phóng, Phường Hàng Bài, Tỉnh Đắc Lắc",4672909345925344635
84,Đặng Dương,Nữ,2003-12-19,Tỉnh Cao Bằng,004303796734,0944269140,vpham@gmail.com,"Số 205, Đường Nguyễn Huệ, Phường Hàng Bài, Tỉnh Cao Bằng",4274230543529
85,Dương Châu,Nam,1994-12-01,Tỉnh Quảng Ninh,022094407284,0393270190,jane19@gmail.com,"Số 68, Đường Giải Phóng, Phường Dịch Vọng, Tỉnh Quảng Ninh",3540438846327453
86,Trần Minh,Nam,1971-05-06,Tỉnh Hưng Yên,033071805350,0844393076,janenguyen@gmail.com,"Số 26, Đường Lê Lợi, Phường Tân Định, Tỉnh Hưng Yên",4336047489207959
87,Lê Thảo,Nữ,1990-04-09,Thành phố Hồ Chí Minh,079190867077,0841301832,jane67@gmail.com,"Số 125, Đường Lê Duẩn, Phường Bách Khoa, Thành phố Hồ Chí Minh",378331488545487
88,Hoàng Vũ,Nam,1973-03-03,Tỉnh Tuyên Quang,008073820216,0798595487,buijane@gmail.com,"Số 74, Đường Quang Trung, Phường Tân Định, Tỉnh Tuyên Quang",6527415299895459
89,Dương Dương,Nữ,1980-07-24,Thành phố Cần Thơ,092180947467,0777293595,fhoang@gmail.com,"Số 30, Đường Trường Chinh, Phường An Khánh, Thành phố Cần Thơ",342768815743728
90,Hoàng Minh,Nam,1988-05-22,Tỉnh Thanh Hóa,038088907668,0393977312,nguyenjane@gmail.com,"Số 62, Đường Phạm Văn Đồng, Phường Thạch Thang, Tỉnh Thanh Hóa",4981242556599259658
91,Mai Vi,Nữ,1989-07-22,Tỉnh Vĩnh Long,086189158657,0335887862,phamjane@gmail.com,"Số 210, Đường Phạm Văn Đồng, Phường Bách Khoa, Tỉnh Vĩnh Long",4245941422612335
92,Mai Phúc,Nam,1972-04-24,Tỉnh Điện Biên,011072419914,0380421540,johntran@gmail.com,"Số 127, Đường Giải Phóng, Phường Tân Định, Tỉnh Điện Biên",3589744061489833
93,Trần Bảo,Nam,1968-12-11,Tỉnh Đồng Tháp,082068371434,0379084663,vbui@gmail.com,"Số 30, Đường Trường Chinh, Phường Bách Khoa, Tỉnh Đồng Tháp",180076303277216
94,Phạm Hương,Nữ,2008-08-17,Tỉnh Thanh Hóa,038308322429,0381881736,dangjane@gmail.com,"Số 251, Đường Phạm Văn Đồng, Phường Lăng Cô, Tỉnh Thanh Hóa",3514026242711180
95,Bùi Thành,Nam,1990-03-20,Thành phố Huế,046090883383,0930660684,janebui@gmail.com,"Số 294, Đường Nguyễn Chí Thanh, Phường Thạch Thang, Thành phố Huế",378333942707695
96,Vũ Duyên,Nữ,1983-04-04,Tỉnh Đồng Tháp,082183699120,0934404149,buijane@gmail.com,"Số 119, Đường Phạm Văn Đồng, Phường Tân Định, Tỉnh Đồng Tháp",4738441947367121
97,Lê Nhiên,Nam,2006-01-01,Tỉnh Hà Tĩnh,042206527650,0379065921,jane54@gmail.com,"Số 167, Đường Quang Trung, Phường An Khánh, Tỉnh Hà Tĩnh",4945558371529097
98,Bùi Minh,Nam,1979-04-05,Thành phố Hà Nội,001079584910,0339009379,ppham@gmail.com,"Số 76, Đường Nguyễn Trãi, Phường Lăng Cô, Thành phố Hà Nội",374666240464152
99,Lê Quang,Nam,1969-01-08,Tỉnh Hưng Yên,033069499474,0844330789,johntran@gmail.com,"Số 284, Đường Cầu Giấy, Phường Dịch Vọng, Tỉnh Hưng Yên",2720157065056213
100,Nguyễn Hương,Nữ,1970-02-11,Tỉnh Sơn La,014170677937,0853787691,john61@gmail.com,"Số 71, Đường Trường Chinh, Phường Bách Khoa, Tỉnh Sơn La",180070052423808
101,Trần Khoa,Nam,2001-08-03,Tỉnh Quảng Ninh,022201216836,0904261746,wduong@gmail.com,"Số 123, Đường Cầu Giấy, Phường An Khánh, Tỉnh Quảng Ninh",30372298434934
102,Hoàng Trung,Nam,1966-06-16,Tỉnh Thanh Hóa,038066372942,0968405917,mbui@gmail.com,"Số 24, Đường Cầu Giấy, Phường An Khánh, Tỉnh Thanh Hóa",213164921260268
103,Nguyễn Nhiên,Nam,1976-07-15,Tỉnh An Giang,091076827373,0365550861,janetran@gmail.com,"Số 137, Đường Nguyễn Huệ, Phường Dịch Vọng, Tỉnh An Giang",3577445926061866
104,Phạm Quang,Nam,1976-08-26,Thành phố Hải Phòng,031076079524,0842839300,buijane@gmail.com,"Số 181, Đường Trần Hưng Đạo, Phường Bến Nghé, Thành phố Hải Phòng",3540400364979446
105,Đặng Dũng,Nam,1983-04-18,Tỉnh Đắc Lắc,066083964990,0912599666,jduong@gmail.com,"Số 208, Đường Hai Bà Trưng, Phường Hàng Bài, Tỉnh Đắc Lắc",379208728037914
106,Vũ Minh,Nam,1981-04-03,Thành phố Hồ Chí Minh,079081642625,0814732290,jane53@gmail.com,"Số 129, Đường Trường Chinh, Phường An Khánh, Thành phố Hồ Chí Minh",180022968250734
107,Dương Vũ,Nam,1986-02-23,Tỉnh Điện Biên,011086376789,0524427906,janevu@gmail.com,"Số 5, Đường Quang Trung, Phường Lăng Cô, Tỉnh Điện Biên",4324690619789090927
108,Trần Quang,Nam,1999-09-20,Tỉnh Đắc Lắc,066099250467,0383970527,qpham@gmail.com,"Số 292, Đường Hai Bà Trưng, Phường Bến Nghé, Tỉnh Đắc Lắc",3584560274656579
109,Dương Ngọc,Nữ,1975-12-05,Tỉnh Lâm Đồng,068175976518,0943193400,janehoang@gmail.com,"Số 66, Đường Hoàng Hoa Thám, Phường Bến Nghé, Tỉnh Lâm Đồng",4196561038168099
110,Bùi Dũng,Nam,1987-11-06,Thành phố Cần Thơ,092087018480,0845319866,jane99@gmail.com,"Số 78, Đường Nguyễn Trãi, Phường An Khánh, Thành phố Cần Thơ",4750408298548958
111,Trần Hương,Nữ,1969-10-30,Tỉnh Quảng Ngãi,051169222526,0856310875,nguyenjohn@gmail.com,"Số 1, Đường Đại Cồ Việt, Phường Hàng Bài, Tỉnh Quảng Ngãi",4723763724662813
112,Dương Duyên,Nữ,1967-12-07,Tỉnh Gia Lai,052167636493,0397857151,jane61@gmail.com,"Số 232, Đường Lê Lợi, Phường Thạch Thang, Tỉnh Gia Lai",370910704372871
113,Bùi Ánh,Nữ,1980-04-08,Tỉnh Điện Biên,011180627909,0867562143,jane18@gmail.com,"Số 152, Đường Lê Duẩn, Phường An Khánh, Tỉnh Điện Biên",503855208867
114,Hoàng Tùng,Nam,1994-04-12,Tỉnh Quảng Trị,044094173837,0360590573,phamjohn@gmail.com,"Số 13, Đường Lê Duẩn, Phường Bách Khoa, Tỉnh Quảng Trị",4371454416059
115,Phạm Thảo,Nữ,2004-02-08,Tỉnh Lai Châu,012304512409,0353189772,pvu@gmail.com,"Số 257, Đường Lê Lợi, Phường Hàng Bài, Tỉnh Lai Châu",36386007087605
116,Đặng Dũng,Nam,1975-02-14,Tỉnh Tây Ninh,080075194957,0560875203,johnmai@gmail.com,"Số 237, Đường Cầu Giấy, Phường Dịch Vọng, Tỉnh Tây Ninh",340954328475220
117,Mai Thảo,Nữ,1974-12-21,Tỉnh Thái Nguyên,019174582239,0790923734,mdang@gmail.com,"Số 267, Đường Đại Cồ Việt, Phường An Khánh, Tỉnh Thái Nguyên",6011247303752217
118,Vũ Trung,Nam,1996-05-29,Tỉnh Phú Thọ,025096802471,0796007960,vujane@gmail.com,"Số 254, Đường Trần Hưng Đạo, Phường Hàng Bài, Tỉnh Phú Thọ",4174864707520140827
119,Nguyễn Nhiên,Nam,1977-06-30,Tỉnh Hà Tĩnh,042077834111,0822856191,jane34@gmail.com,"Số 276, Đường Cầu Giấy, Phường Bến Nghé, Tỉnh Hà Tĩnh",4925258171895228
120,Trần Trọng,Nam,1992-10-25,Tỉnh Thanh Hóa,038092301711,0907265546,lmai@gmail.com,"Số 222, Đường Nguyễn Chí Thanh, Phường Tân Định, Tỉnh Thanh Hóa",5436538324114034
121,Đặng Dũng,Nam,1964-07-10,Tỉnh Gia Lai,052064219820,0830422593,maijohn@gmail.com,"Số 217, Đường Trần Hưng Đạo, Phường An Khánh, Tỉnh Gia Lai",4894929311194339579
122,Nguyễn Hoàng,Nam,2006-07-28,Tỉnh An Giang,091206654163,0919147835,johnvu@gmail.com,"Số 255, Đường Hai Bà Trưng, Phường Thạch Thang, Tỉnh An Giang",6566857477635623
123,Dương Vân,Nữ,1990-09-02,Tỉnh Đồng Tháp,082190232862,0528003879,vujane@gmail.com,"Số 98, Đường Giải Phóng, Phường Bách Khoa, Tỉnh Đồng Tháp",3540960766978445
124,Mai Mai,Nữ,1997-04-05,Thành phố Huế,046197540475,0793378758,maijane@gmail.com,"Số 147, Đường Lê Duẩn, Phường Thạch Thang, Thành phố Huế",4074769860520
125,Lê Nhiên,Nam,1969-12-27,Tỉnh Sơn La,014069039114,0799326740,jane94@gmail.com,"Số 296, Đường Hoàng Hoa Thám, Phường Thạch Thang, Tỉnh Sơn La",4145120753455991
126,Mai Mai,Nữ,1987-06-14,Thành phố Hà Nội,001187570634,0930364913,jane17@gmail.com,"Số 270, Đường Lê Lợi, Phường An Khánh, Thành phố Hà Nội",676389964260
127,Đặng Quang,Nam,1977-06-06,Tỉnh Đồng Tháp,082077400977,0842024266,ddang@gmail.com,"Số 142, Đường Hoàng Hoa Thám, Phường Dịch Vọng, Tỉnh Đồng Tháp",4173407922430785175
128,Đặng Ánh,Nữ,1982-05-31,Tỉnh Ninh Bình,037182383795,0900392265,hoangjane@gmail.com,"Số 122, Đường Nguyễn Huệ, Phường Thạch Thang, Tỉnh Ninh Bình",6011628676299771
129,Vũ Nhiên,Nam,1994-10-04,Thành phố Hồ Chí Minh,079094443088,0349489649,qbui@gmail.com,"Số 161, Đường Cầu Giấy, Phường Bách Khoa, Thành phố Hồ Chí Minh",4198017060219
130,Nguyễn Khoa,Nam,1994-07-30,Thành phố Hải Phòng,031094996620,0376071040,janele@gmail.com,"Số 235, Đường Hai Bà Trưng, Phường Tân Định, Thành phố Hải Phòng",4226079828496103
131,Vũ Vân,Nữ,1983-04-01,Tỉnh Bắc Ninh,024183359133,0850555220,johnvu@gmail.com,"Số 259, Đường Đại Cồ Việt, Phường Bến Nghé, Tỉnh Bắc Ninh",340848165028631
132,Dương Dũng,Nam,1997-07-22,Tỉnh Phú Thọ,025097475546,0356999423,vujohn@gmail.com,"Số 27, Đường Cầu Giấy, Phường Lăng Cô, Tỉnh Phú Thọ",2298870481274457
133,Vũ Hưng,Nam,1978-06-23,Tỉnh Quảng Ngãi,051078495937,0865964900,jmai@gmail.com,"Số 149, Đường Hoàng Hoa Thám, Phường Thạch Thang, Tỉnh Quảng Ngãi",4569616769447242
134,Hoàng Thảo,Nữ,1980-12-16,Tỉnh Tuyên Quang,008180675580,0903082391,johnhoang@gmail.com,"Số 56, Đường Trường Chinh, Phường Thạch Thang, Tỉnh Tuyên Quang",4601058431962433
135,Bùi Huy,Nam,1966-08-18,Thành phố Hải Phòng,031066960215,0354504075,maijane@gmail.com,"Số 188, Đường Nguyễn Trãi, Phường Bách Khoa, Thành phố Hải Phòng",4913926096297928
136,Hoàng Bảo,Nam,1971-03-06,Tỉnh Đắc Lắc,066071226911,0329174700,janetran@gmail.com,"Số 14, Đường Nguyễn Huệ, Phường Dịch Vọng, Tỉnh Đắc Lắc",2645891888429627
137,Dương Ánh,Nữ,2007-12-31,Thành phố Cần Thơ,092307506969,0914472612,maijohn@gmail.com,"Số 109, Đường Nguyễn Trãi, Phường Thạch Thang, Thành phố Cần Thơ",4832388146285940
138,Trần Phúc,Nam,1984-11-04,Tỉnh Cà Mau,096084331204,0562008341,janemai@gmail.com,"Số 92, Đường Trường Chinh, Phường Dịch Vọng, Tỉnh Cà Mau",30477157490057
139,Mai Ánh,Nữ,1985-11-07,Tỉnh Vĩnh Long,086185055003,0524599075,btran@gmail.com,"Số 253, Đường Lê Duẩn, Phường Dịch Vọng, Tỉnh Vĩnh Long",4746041569640191
140,Đặng Ngọc,Nữ,2002-02-19,Thành phố Huế,046302571492,0394913480,mvu@gmail.com,"Số 189, Đường Cầu Giấy, Phường Hàng Bài, Thành phố Huế",6528150739047382
141,Lê Châu,Nam,1971-03-26,Tỉnh Vĩnh Long,086071503549,0978694338,janetran@gmail.com,"Số 120, Đường Nguyễn Huệ, Phường Lăng Cô, Tỉnh Vĩnh Long",3596972910461528
142,Đặng Hưng,Nam,1993-01-24,Thành phố Hồ Chí Minh,079093455258,0389165623,john03@gmail.com,"Số 158, Đường Lê Lợi, Phường Lăng Cô, Thành phố Hồ Chí Minh",3546171812584674
143,Dương Phúc,Nam,1961-02-16,Tỉnh Cao Bằng,004061648296,0971162369,johnduong@gmail.com,"Số 28, Đường Trần Hưng Đạo, Phường Tân Định, Tỉnh Cao Bằng",4258686331982543
144,Hoàng Ánh,Nữ,1995-01-22,Thành phố Đà Nẵng,048195462263,0856932882,fnguyen@gmail.com,"Số 12, Đường Đại Cồ Việt, Phường Bến Nghé, Thành phố Đà Nẵng",3557287577757697
145,Đặng Nam,Nam,1996-09-08,Tỉnh Tuyên Quang,008096002804,0887913594,phamjohn@gmail.com,"Số 288, Đường Quang Trung, Phường Lăng Cô, Tỉnh Tuyên Quang",4457131619024162
146,Trần Hoàng,Nam,1987-02-04,Thành phố Huế,046087033971,0527281127,dangjane@gmail.com,"Số 255, Đường Trường Chinh, Phường Dịch Vọng, Thành phố Huế",180038689706127
147,Hoàng Hồng,Nữ,1978-04-27,Thành phố Hà Nội,001178906276,0771439924,janenguyen@gmail.com,"Số 191, Đường Trần Hưng Đạo, Phường Tân Định, Thành phố Hà Nội",4036205376205
148,Nguyễn Dương,Nữ,1977-10-30,Tỉnh Điện Biên,011177503993,0785100623,maijohn@gmail.com,"Số 72, Đường Trần Hưng Đạo, Phường Bách Khoa, Tỉnh Điện Biên",3559745244940366
149,Vũ Khoa,Nam,1990-02-04,Tỉnh Quảng Trị,044090100531,0836080706,maijohn@gmail.com,"Số 213, Đường Nguyễn Chí Thanh, Phường Lăng Cô, Tỉnh Quảng Trị",3563134248360679
150,Lê Ánh,Nữ,1971-10-06,Tỉnh Điện Biên,011171267869,0561147982,phamjane@gmail.com,"Số 59, Đường Đại Cồ Việt, Phường Lăng Cô, Tỉnh Điện Biên",4245633118218
151,Đặng Chi,Nữ,1998-09-15,Thành phố Huế,046198722466,0321598105,jane90@gmail.com,"Số 51, Đường Lê Duẩn, Phường Thạch Thang, Thành phố Huế",4376998703413503
152,Đặng Khoa,Nam,1997-08-17,Tỉnh Gia Lai,052097317117,0856214343,janepham@gmail.com,"Số 227, Đường Trần Hưng Đạo, Phường Bến Nghé, Tỉnh Gia Lai",3586811796594881
153,Lê Bảo,Nam,1991-04-26,Tỉnh Gia Lai,052091976925,0330763355,john40@gmail.com,"Số 25, Đường Trần Hưng Đạo, Phường Dịch Vọng, Tỉnh Gia Lai",560030093143
154,Mai Thảo,Nữ,2008-09-15,Tỉnh Lào Cai,015308153791,0348538607,janevu@gmail.com,"Số 52, Đường Phạm Văn Đồng, Phường Lăng Cô, Tỉnh Lào Cai",4603463244375914
155,Hoàng Yến,Nữ,1970-07-10,Tỉnh Tây Ninh,080170544792,0385682278,john92@gmail.com,"Số 253, Đường Lê Lợi, Phường Dịch Vọng, Tỉnh Tây Ninh",3567514732344691
156,Lê Yến,Nữ,1993-10-26,Tỉnh Lạng Sơn,020193427640,0840563898,janeduong@gmail.com,"Số 162, Đường Trần Hưng Đạo, Phường Bến Nghé, Tỉnh Lạng Sơn",2720764775119528
157,Bùi Thảo,Nữ,1980-06-10,Thành phố Hồ Chí Minh,079180005682,0587989079,nmai@gmail.com,"Số 192, Đường Lê Lợi, Phường Tân Định, Thành phố Hồ Chí Minh",30421785205453
158,Hoàng Tú,Nam,1975-11-15,Tỉnh Gia Lai,052075245042,0936976314,johnmai@gmail.com,"Số 4, Đường Nguyễn Huệ, Phường Tân Định, Tỉnh Gia Lai",6011722954131440
159,Bùi Bảo,Nam,1990-08-07,Tỉnh Thanh Hóa,038090982241,0967777500,xdang@gmail.com,"Số 274, Đường Nguyễn Huệ, Phường Tân Định, Tỉnh Thanh Hóa",4973970871942651
160,Dương Vân,Nữ,1962-10-24,Thành phố Hồ Chí Minh,079162305209,0989874979,gdang@gmail.com,"Số 268, Đường Hai Bà Trưng, Phường Hàng Bài, Thành phố Hồ Chí Minh",349166136607263
161,Mai Tùng,Nam,1988-09-15,Thành phố Huế,046088151067,0966678923,maijohn@gmail.com,"Số 264, Đường Giải Phóng, Phường Hàng Bài, Thành phố Huế",4231106456578606
162,Vũ Xuân,Nữ,1977-10-15,Tỉnh Lai Châu,012177611092,0523143678,gbui@gmail.com,"Số 173, Đường Lê Duẩn, Phường Tân Định, Tỉnh Lai Châu",30374397605059
163,Đặng Khoa,Nam,1999-07-14,Thành phố Đà Nẵng,048099429540,0379074669,jane51@gmail.com,"Số 249, Đường Hoàng Hoa Thám, Phường An Khánh, Thành phố Đà Nẵng",6520782779490458
164,Phạm Quang,Nam,1987-03-07,Tỉnh Đồng Tháp,082087915559,0360895978,johnpham@gmail.com,"Số 87, Đường Nguyễn Huệ, Phường Bến Nghé, Tỉnh Đồng Tháp",4976343481686474771
165,Trần Vân,Nữ,1968-09-05,Tỉnh Thanh Hóa,038168324399,0564632873,ebui@gmail.com,"Số 41, Đường Hoàng Hoa Thám, Phường An Khánh, Tỉnh Thanh Hóa",2256769906912297
166,Phạm Yến,Nữ,1993-10-06,Tỉnh Lai Châu,012193130283,0857770046,ntran@gmail.com,"Số 43, Đường Hoàng Hoa Thám, Phường Lăng Cô, Tỉnh Lai Châu",4188782377338206
167,Phạm Yến,Nữ,1973-12-03,Tỉnh Vĩnh Long,086173040943,0975635714,janehoang@gmail.com,"Số 39, Đường Trần Hưng Đạo, Phường Bến Nghé, Tỉnh Vĩnh Long",4827700443742
168,Mai Chi,Nữ,2005-08-01,Tỉnh Hưng Yên,033305201493,0528227105,janebui@gmail.com,"Số 285, Đường Lê Lợi, Phường Lăng Cô, Tỉnh Hưng Yên",579524053140
169,Mai Hương,Nữ,1976-07-01,Tỉnh Thanh Hóa,038176266834,0962265961,tranjohn@gmail.com,"Số 193, Đường Nguyễn Trãi, Phường Tân Định, Tỉnh Thanh Hóa",578787977300
170,Phạm Trọng,Nam,2006-12-22,Thành phố Huế,046206572640,0381713791,janevu@gmail.com,"Số 208, Đường Hoàng Hoa Thám, Phường An Khánh, Thành phố Huế",4403638084727462
171,Đặng Vân,Nữ,1996-08-10,Tỉnh Lâm Đồng,068196009832,0776957699,whoang@gmail.com,"Số 211, Đường Nguyễn Chí Thanh, Phường Thạch Thang, Tỉnh Lâm Đồng",345579964808684
172,Lê Trung,Nam,1976-09-10,Thành phố Hồ Chí Minh,079076253173,0380596604,john62@gmail.com,"Số 208, Đường Quang Trung, Phường Bến Nghé, Thành phố Hồ Chí Minh",4143140113651792
173,Vũ Hương,Nữ,2004-12-25,Tỉnh Đồng Nai,075304075503,0368811774,jane59@gmail.com,"Số 43, Đường Phạm Văn Đồng, Phường Bến Nghé, Tỉnh Đồng Nai",571827468414
174,Nguyễn Thành,Nam,1998-11-22,Tỉnh Cao Bằng,004098736787,0353209130,jane85@gmail.com,"Số 253, Đường Hai Bà Trưng, Phường Tân Định, Tỉnh Cao Bằng",4181494730194089
175,Mai Nhiên,Nam,1986-01-24,Tỉnh An Giang,091086664632,0777076845,john34@gmail.com,"Số 220, Đường Phạm Văn Đồng, Phường Bách Khoa, Tỉnh An Giang",2376923463078456
176,Lê Hồng,Nữ,1996-03-10,Tỉnh Quảng Ngãi,051196511391,0814071676,nduong@gmail.com,"Số 276, Đường Giải Phóng, Phường Bến Nghé, Tỉnh Quảng Ngãi",6011880237907224
177,Đặng Trung,Nam,2003-01-13,Tỉnh Lạng Sơn,020203060372,0896088278,jane74@gmail.com,"Số 231, Đường Giải Phóng, Phường Dịch Vọng, Tỉnh Lạng Sơn",4529097809283697946
178,Đặng Dũng,Nam,1998-06-24,Tỉnh Thanh Hóa,038098322267,0811717143,buijane@gmail.com,"Số 166, Đường Giải Phóng, Phường Hàng Bài, Tỉnh Thanh Hóa",6011359384896332
179,Trần Lan,Nữ,1986-06-02,Tỉnh Đồng Tháp,082186291902,0897591574,vujohn@gmail.com,"Số 202, Đường Giải Phóng, Phường Lăng Cô, Tỉnh Đồng Tháp",30208714332429
180,Bùi Vi,Nữ,1992-01-27,Tỉnh Bắc Ninh,024192510395,0857323202,vujane@gmail.com,"Số 177, Đường Đại Cồ Việt, Phường Thạch Thang, Tỉnh Bắc Ninh",4961689873469889056
181,Hoàng Dương,Nữ,1969-01-17,Tỉnh Quảng Ninh,022169145032,0346550719,john65@gmail.com,"Số 122, Đường Lê Lợi, Phường Bến Nghé, Tỉnh Quảng Ninh",30115799281324
182,Dương Linh,Nữ,1968-01-06,Tỉnh Quảng Trị,044168052152,0760382363,john78@gmail.com,"Số 236, Đường Nguyễn Trãi, Phường Thạch Thang, Tỉnh Quảng Trị",4650300268438
183,Mai Duyên,Nữ,1980-10-02,Tỉnh An Giang,091180716999,0891861371,snguyen@gmail.com,"Số 60, Đường Hoàng Hoa Thám, Phường An Khánh, Tỉnh An Giang",5496652401763246
184,Dương Huy,Nam,2007-03-25,Tỉnh Lào Cai,015207160066,0348335399,jane47@gmail.com,"Số 243, Đường Quang Trung, Phường Thạch Thang, Tỉnh Lào Cai",344956110811906
185,Dương Hương,Nữ,1982-12-28,Tỉnh Quảng Ninh,022182672383,0569510024,janenguyen@gmail.com,"Số 39, Đường Đại Cồ Việt, Phường Lăng Cô, Tỉnh Quảng Ninh",36777644898687
186,Bùi Nhiên,Nam,2004-09-10,Tỉnh Cao Bằng,004204015774,0918564302,dangjohn@gmail.com,"Số 25, Đường Nguyễn Huệ, Phường An Khánh, Tỉnh Cao Bằng",4221955701055
187,Đặng Hưng,Nam,1986-07-10,Tỉnh Đồng Nai,075086050445,0528232358,wdang@gmail.com,"Số 149, Đường Lê Duẩn, Phường Tân Định, Tỉnh Đồng Nai",213144218387545
188,Lê Dũng,Nam,1962-10-30,Tỉnh Gia Lai,052062177385,0945340047,janetran@gmail.com,"Số 121, Đường Hai Bà Trưng, Phường Dịch Vọng, Tỉnh Gia Lai",2315521885505348
189,Dương Châu,Nam,2006-02-27,Thành phố Hải Phòng,031206165921,0791652723,vmai@gmail.com,"Số 113, Đường Lê Duẩn, Phường Tân Định, Thành phố Hải Phòng",4905212919824344361
190,Hoàng Hưng,Nam,1978-04-16,Thành phố Huế,046078074398,0561092669,buijane@gmail.com,"Số 164, Đường Trần Hưng Đạo, Phường Tân Định, Thành phố Huế",060404888236
191,Đặng Trọng,Nam,1978-12-14,Tỉnh An Giang,091078773009,0930745778,dangjane@gmail.com,"Số 135, Đường Đại Cồ Việt, Phường Bách Khoa, Tỉnh An Giang",180008992093216
192,Phạm Trọng,Nam,1992-02-17,Tỉnh Điện Biên,011092301522,0895144051,jane61@gmail.com,"Số 203, Đường Lê Lợi, Phường Thạch Thang, Tỉnh Điện Biên",4601003311771439840
193,Đặng Chi,Nữ,1988-11-22,Tỉnh Vĩnh Long,086188096814,0784515484,janemai@gmail.com,"Số 184, Đường Lê Duẩn, Phường Hàng Bài, Tỉnh Vĩnh Long",3583309176054140
194,Bùi Yến,Nữ,2003-07-14,Tỉnh Tuyên Quang,008303928447,0338372565,janepham@gmail.com,"Số 195, Đường Nguyễn Trãi, Phường Bến Nghé, Tỉnh Tuyên Quang",4249363893376157
195,Bùi Mai,Nữ,1984-02-24,Tỉnh Hà Tĩnh,042184660437,0859454812,johnbui@gmail.com,"Số 120, Đường Trần Hưng Đạo, Phường Tân Định, Tỉnh Hà Tĩnh",348533787417469
196,Dương Lan,Nữ,2006-06-07,Tỉnh Khánh Hòa,056306689374,0589808687,janevu@gmail.com,"Số 59, Đường Lê Lợi, Phường Dịch Vọng, Tỉnh Khánh Hòa",4581674077793879204
197,Bùi Nam,Nam,1967-06-30,Tỉnh Thái Nguyên,019067443656,0907285502,johndang@gmail.com,"Số 237, Đường Đại Cồ Việt, Phường An Khánh, Tỉnh Thái Nguyên",630480847965
198,Nguyễn Ánh,Nữ,1986-07-10,Tỉnh Quảng Ninh,022186444212,0884591736,fhoang@gmail.com,"Số 195, Đường Cầu Giấy, Phường Dịch Vọng, Tỉnh Quảng Ninh",3556191140761155
199,Lê Ngọc,Nữ,2003-01-12,Tỉnh Đắc Lắc,066303807596,0341448680,tbui@gmail.com,"Số 255, Đường Trường Chinh, Phường Bến Nghé, Tỉnh Đắc Lắc",30496945984510
200,Lê Nam,Nam,1964-04-26,Tỉnh Tây Ninh,080064596501,0906083640,jane52@gmail.com,"Số 26, Đường Hai Bà Trưng, Phường Tân Định, Tỉnh Tây Ninh",4898641191435
201,Dương Anh,Nam,1982-01-26,Tỉnh Lào Cai,015082086317,0527232667,maijane@gmail.com,"Số 268, Đường Trần Hưng Đạo, Phường Bách Khoa, Tỉnh Lào Cai",6011309219388955
202,Hoàng Ngọc,Nữ,1985-02-09,Tỉnh Cao Bằng,004185858980,0856262187,cdang@gmail.com,"Số 299, Đường Hoàng Hoa Thám, Phường Thạch Thang, Tỉnh Cao Bằng",2428752163233436
203,Lê Duyên,Nữ,1964-10-18,Tỉnh Lào Cai,015164081141,0345123440,ppham@gmail.com,"Số 157, Đường Giải Phóng, Phường Bách Khoa, Tỉnh Lào Cai",180045511728328
204,Vũ Dương,Nữ,1965-12-24,Tỉnh Gia Lai,052165088234,0927811109,jane18@gmail.com,"Số 2, Đường Đại Cồ Việt, Phường Bến Nghé, Tỉnh Gia Lai",3553498694401143
205,Trần Yến,Nữ,2005-07-13,Tỉnh Sơn La,014305525145,0824693362,jane98@gmail.com,"Số 4, Đường Trường Chinh, Phường Bến Nghé, Tỉnh Sơn La",344177358749936
206,Hoàng Hương,Nữ,1975-11-07,Thành phố Hải Phòng,031175785885,0346397283,john76@gmail.com,"Số 162, Đường Lê Duẩn, Phường Hàng Bài, Thành phố Hải Phòng",4018850643003189
207,Vũ Ánh,Nữ,1963-10-02,Tỉnh Cao Bằng,004163851458,0961391356,yvu@gmail.com,"Số 233, Đường Quang Trung, Phường Tân Định, Tỉnh Cao Bằng",180049659725146
208,Lê Hoàng,Nam,1988-06-12,Tỉnh Lạng Sơn,020088980524,0935323534,john62@gmail.com,"Số 288, Đường Hai Bà Trưng, Phường An Khánh, Tỉnh Lạng Sơn",676235534101
209,Phạm Vũ,Nam,1989-03-03,Thành phố Hồ Chí Minh,079089373341,0855695233,janetran@gmail.com,"Số 73, Đường Giải Phóng, Phường Bến Nghé, Thành phố Hồ Chí Minh",2244853106787561
210,Lê Ngọc,Nữ,1996-03-20,Thành phố Hà Nội,001196533262,0775771076,lejohn@gmail.com,"Số 179, Đường Đại Cồ Việt, Phường Dịch Vọng, Thành phố Hà Nội",376882169382790
211,Trần Quang,Nam,1984-08-29,Tỉnh Hưng Yên,033084071995,0966573830,kvu@gmail.com,"Số 149, Đường Trần Hưng Đạo, Phường Hàng Bài, Tỉnh Hưng Yên",342160743427188
212,Trần Ngọc,Nữ,1989-09-26,Tỉnh Thanh Hóa,038189084251,0842164980,nguyenjohn@gmail.com,"Số 70, Đường Hai Bà Trưng, Phường Bến Nghé, Tỉnh Thanh Hóa",343281988982130
213,Dương Chi,Nữ,1975-07-12,Tỉnh Gia Lai,052175457302,0892993130,johnbui@gmail.com,"Số 151, Đường Cầu Giấy, Phường Thạch Thang, Tỉnh Gia Lai",5507670936118535
214,Hoàng Tú,Nam,1992-11-22,Tỉnh Phú Thọ,025092518531,0935304635,johntran@gmail.com,"Số 144, Đường Quang Trung, Phường Bách Khoa, Tỉnh Phú Thọ",3500763083903049
215,Trần Tùng,Nam,1986-05-27,Tỉnh Lạng Sơn,020086461797,0706653823,johnpham@gmail.com,"Số 163, Đường Hoàng Hoa Thám, Phường Hàng Bài, Tỉnh Lạng Sơn",4269929882009051
216,Bùi Vũ,Nam,2002-04-03,Thành phố Cần Thơ,092202529130,0375451057,jane92@gmail.com,"Số 148, Đường Lê Lợi, Phường Hàng Bài, Thành phố Cần Thơ",4922573552867039784
217,Dương Yến,Nữ,1994-02-07,Tỉnh Quảng Ngãi,051194566137,0325989286,janenguyen@gmail.com,"Số 94, Đường Phạm Văn Đồng, Phường Lăng Cô, Tỉnh Quảng Ngãi",4236593501253
218,Mai Nam,Nam,1991-02-24,Tỉnh Tuyên Quang,008091924104,0842815215,janenguyen@gmail.com,"Số 48, Đường Cầu Giấy, Phường Tân Định, Tỉnh Tuyên Quang",6011712932272812
219,Nguyễn Vi,Nữ,1995-08-13,Tỉnh Đồng Tháp,082195175527,0849210030,buijane@gmail.com,"Số 234, Đường Lê Lợi, Phường Bến Nghé, Tỉnh Đồng Tháp",3518921666479908
220,Nguyễn Bảo,Nam,1975-12-31,Thành phố Hải Phòng,031075380786,0561716709,ldang@gmail.com,"Số 43, Đường Lê Duẩn, Phường Bến Nghé, Thành phố Hải Phòng",676131025782
221,Vũ Minh,Nam,1968-06-08,Tỉnh Hà Tĩnh,042068877769,0903758310,buijohn@gmail.com,"Số 53, Đường Nguyễn Huệ, Phường Hàng Bài, Tỉnh Hà Tĩnh",3536730386748403
222,Lê Nhiên,Nam,1994-02-21,Tỉnh Tuyên Quang,008094430171,0906381056,dangjane@gmail.com,"Số 70, Đường Phạm Văn Đồng, Phường Tân Định, Tỉnh Tuyên Quang",343829014124109
223,Bùi Ánh,Nữ,1991-09-29,Tỉnh Thái Nguyên,019191539323,0889110318,gbui@gmail.com,"Số 83, Đường Hai Bà Trưng, Phường Hàng Bài, Tỉnh Thái Nguyên",4372884576884
224,Nguyễn Hương,Nữ,1978-09-21,Tỉnh Sơn La,014178359178,0566733969,vduong@gmail.com,"Số 158, Đường Trần Hưng Đạo, Phường Tân Định, Tỉnh Sơn La",4383862970079697
225,Trần Thành,Nam,1967-03-14,Tỉnh Thanh Hóa,038067441749,0397911892,hoangjohn@gmail.com,"Số 108, Đường Đại Cồ Việt, Phường Dịch Vọng, Tỉnh Thanh Hóa",4345874819796677
226,Phạm Quang,Nam,1970-04-29,Tỉnh Tuyên Quang,008070792605,0946920686,john53@gmail.com,"Số 299, Đường Cầu Giấy, Phường Thạch Thang, Tỉnh Tuyên Quang",2259820108633772
227,Bùi Quang,Nam,1965-01-14,Thành phố Cần Thơ,092065350202,0703461532,janepham@gmail.com,"Số 60, Đường Đại Cồ Việt, Phường Lăng Cô, Thành phố Cần Thơ",3551450460946290
228,Nguyễn Duyên,Nữ,1968-10-01,Tỉnh An Giang,091168060198,0845423292,dangjane@gmail.com,"Số 70, Đường Nguyễn Trãi, Phường Dịch Vọng, Tỉnh An Giang",3549592541356240
229,Mai Vũ,Nam,1989-03-16,Tỉnh Đồng Tháp,082089435848,0940708713,adang@gmail.com,"Số 28, Đường Quang Trung, Phường An Khánh, Tỉnh Đồng Tháp",4287080810360303
230,Lê Vi,Nữ,1962-11-26,Tỉnh An Giang,091162574997,0354543287,hoangjane@gmail.com,"Số 280, Đường Nguyễn Chí Thanh, Phường Thạch Thang, Tỉnh An Giang",36530255700092
231,Phạm Yến,Nữ,2003-07-16,Tỉnh Tuyên Quang,008303961228,0885885250,ple@gmail.com,"Số 136, Đường Nguyễn Chí Thanh, Phường Dịch Vọng, Tỉnh Tuyên Quang",378435646732828
232,Lê Trung,Nam,1982-04-20,Thành phố Cần Thơ,092082847865,0988651515,cdang@gmail.com,"Số 116, Đường Nguyễn Huệ, Phường Thạch Thang, Thành phố Cần Thơ",213156294045623
233,Mai Hương,Nữ,1993-06-20,Thành phố Cần Thơ,092193533972,0353614428,janehoang@gmail.com,"Số 14, Đường Đại Cồ Việt, Phường Bách Khoa, Thành phố Cần Thơ",6519636499166405
234,Mai Lan,Nữ,1976-06-17,Tỉnh Khánh Hòa,056176829058,0929013067,john36@gmail.com,"Số 177, Đường Quang Trung, Phường Bách Khoa, Tỉnh Khánh Hòa",501801684496
235,Lê Hưng,Nam,1993-09-10,Tỉnh Đồng Tháp,082093285846,0972586024,jane27@gmail.com,"Số 58, Đường Nguyễn Huệ, Phường Bến Nghé, Tỉnh Đồng Tháp",577959445435
236,Bùi Vũ,Nam,1991-08-14,Thành phố Hồ Chí Minh,079091975758,0960099000,janenguyen@gmail.com,"Số 161, Đường Nguyễn Chí Thanh, Phường Tân Định, Thành phố Hồ Chí Minh",30339507983753
237,Vũ Vũ,Nam,1961-11-14,Tỉnh Quảng Ngãi,051061935263,0917804708,john17@gmail.com,"Số 196, Đường Lê Lợi, Phường Hàng Bài, Tỉnh Quảng Ngãi",6011249348385474
238,Vũ Hương,Nữ,2004-01-30,Tỉnh Đồng Tháp,082304111768,0383251389,jane46@gmail.com,"Số 217, Đường Nguyễn Huệ, Phường Thạch Thang, Tỉnh Đồng Tháp",4836165701310346181
239,Hoàng Mai,Nữ,2004-06-04,Tỉnh Khánh Hòa,056304459143,0911547678,lejohn@gmail.com,"Số 49, Đường Hoàng Hoa Thám, Phường Hàng Bài, Tỉnh Khánh Hòa",180024574335255
240,Trần Linh,Nữ,1983-03-05,Tỉnh Khánh Hòa,056183737066,0586249315,johnmai@gmail.com,"Số 263, Đường Phạm Văn Đồng, Phường Lăng Cô, Tỉnh Khánh Hòa",378998662051902
241,Đặng Nam,Nam,1980-09-02,Tỉnh Đồng Tháp,082080600329,0880173708,jane93@gmail.com,"Số 9, Đường Giải Phóng, Phường Bến Nghé, Tỉnh Đồng Tháp",180009162219268
242,Lê Hương,Nữ,1996-12-12,Thành phố Hà Nội,001196323557,0322692913,nguyenjane@gmail.com,"Số 118, Đường Nguyễn Chí Thanh, Phường Lăng Cô, Thành phố Hà Nội",4694661842822030368
243,Mai Bảo,Nam,1993-05-01,Tỉnh Điện Biên,011093822494,0329241015,nguyenjane@gmail.com,"Số 245, Đường Cầu Giấy, Phường Hàng Bài, Tỉnh Điện Biên",349374603867200
244,Mai Chi,Nữ,1994-09-22,Tỉnh Thanh Hóa,038194034037,0904262801,john39@gmail.com,"Số 237, Đường Trần Hưng Đạo, Phường An Khánh, Tỉnh Thanh Hóa",4291934067423
245,Vũ Nhiên,Nam,1975-12-30,Tỉnh Tuyên Quang,008075345932,0526331603,jbui@gmail.com,"Số 27, Đường Lê Lợi, Phường Dịch Vọng, Tỉnh Tuyên Quang",5296486612312911
246,Mai Vân,Nữ,1971-08-17,Tỉnh Quảng Ngãi,051171788480,0382767832,aduong@gmail.com,"Số 86, Đường Hai Bà Trưng, Phường An Khánh, Tỉnh Quảng Ngãi",501867865625
247,Vũ Duyên,Nữ,1977-08-25,Thành phố Đà Nẵng,048177239721,0845366927,nguyenjane@gmail.com,"Số 45, Đường Nguyễn Chí Thanh, Phường Dịch Vọng, Thành phố Đà Nẵng",675918432351
248,Bùi Vân,Nữ,1986-11-27,Tỉnh Cà Mau,096186277599,0926302574,janepham@gmail.com,"Số 211, Đường Quang Trung, Phường Bến Nghé, Tỉnh Cà Mau",180055309759781
249,Dương Xuân,Nữ,1977-06-18,Thành phố Hà Nội,001177375949,0764092844,mbui@gmail.com,"Số 26, Đường Nguyễn Trãi, Phường Lăng Cô, Thành phố Hà Nội",4163898489312431
250,Bùi Phúc,Nam,1997-07-20,Tỉnh Nghệ An,040097996738,0891551023,gvu@gmail.com,"Số 162, Đường Phạm Văn Đồng, Phường Dịch Vọng, Tỉnh Nghệ An",36844144496550
251,Nguyễn Chi,Nữ,2008-06-28,Tỉnh Lai Châu,012308573840,0773357932,opham@gmail.com,"Số 233, Đường Lê Duẩn, Phường Bách Khoa, Tỉnh Lai Châu",6011433166092244
252,Dương Thảo,Nữ,1983-02-07,Thành phố Đà Nẵng,048183712885,0823307541,gbui@gmail.com,"Số 2, Đường Hai Bà Trưng, Phường Hàng Bài, Thành phố Đà Nẵng",630472052434
253,Mai Vân,Nữ,1986-08-03,Thành phố Cần Thơ,092186833228,0829028479,mnguyen@gmail.com,"Số 221, Đường Lê Lợi, Phường Dịch Vọng, Thành phố Cần Thơ",30077693032577
254,Đặng Hương,Nữ,2003-10-10,Tỉnh Lâm Đồng,068303293697,0771236665,janevu@gmail.com,"Số 219, Đường Nguyễn Trãi, Phường Tân Định, Tỉnh Lâm Đồng",3573079448778741
255,Hoàng Yến,Nữ,1983-06-11,Tỉnh Cao Bằng,004183654827,0766915688,maijohn@gmail.com,"Số 231, Đường Phạm Văn Đồng, Phường Thạch Thang, Tỉnh Cao Bằng",4299687850408
256,Bùi Yến,Nữ,1983-05-01,Tỉnh Nghệ An,040183916339,0776100541,nguyenjohn@gmail.com,"Số 187, Đường Nguyễn Trãi, Phường Hàng Bài, Tỉnh Nghệ An",6011039389760721
257,Nguyễn Hồng,Nữ,1987-02-13,Thành phố Hải Phòng,031187498888,0847736865,johnmai@gmail.com,"Số 163, Đường Nguyễn Chí Thanh, Phường An Khánh, Thành phố Hải Phòng",4022148915815651
258,Hoàng Quang,Nam,1998-08-16,Tỉnh Hưng Yên,033098716842,0829274315,john63@gmail.com,"Số 124, Đường Giải Phóng, Phường Dịch Vọng, Tỉnh Hưng Yên",4147411550531329920
259,Trần Phúc,Nam,1964-01-29,Tỉnh Quảng Ngãi,051064730612,0324434437,jane10@gmail.com,"Số 143, Đường Cầu Giấy, Phường Hàng Bài, Tỉnh Quảng Ngãi",213104175985129
260,Dương Ngọc,Nữ,1972-09-27,Tỉnh Nghệ An,040172505600,0843593262,gle@gmail.com,"Số 15, Đường Phạm Văn Đồng, Phường Tân Định, Tỉnh Nghệ An",3595867876982866
261,Dương Mai,Nữ,1998-05-09,Tỉnh Phú Thọ,025198148193,0880543371,lejohn@gmail.com,"Số 76, Đường Cầu Giấy, Phường Hàng Bài, Tỉnh Phú Thọ",344821969129224
262,Dương Minh,Nam,1964-06-05,Tỉnh Lai Châu,012064399174,0929923843,vdang@gmail.com,"Số 162, Đường Đại Cồ Việt, Phường Bách Khoa, Tỉnh Lai Châu",3502473639345046
263,Mai Nhiên,Nam,1985-05-23,Thành phố Hồ Chí Minh,079085317045,0778135467,jane87@gmail.com,"Số 142, Đường Phạm Văn Đồng, Phường Dịch Vọng, Thành phố Hồ Chí Minh",676394744798
264,Phạm Mai,Nữ,1974-07-06,Tỉnh Quảng Trị,044174260365,0970659332,vvu@gmail.com,"Số 191, Đường Nguyễn Trãi, Phường Lăng Cô, Tỉnh Quảng Trị",3535311302453187
265,Trần Bảo,Nam,1969-10-31,Thành phố Hải Phòng,031069025463,0886655612,buijohn@gmail.com,"Số 137, Đường Đại Cồ Việt, Phường An Khánh, Thành phố Hải Phòng",4673302096358443
266,Vũ Vi,Nữ,2000-01-24,Tỉnh Quảng Trị,044300084390,0565813884,johnhoang@gmail.com,"Số 59, Đường Trần Hưng Đạo, Phường Bách Khoa, Tỉnh Quảng Trị",3599281328578270
267,Đặng Hồng,Nữ,1966-08-27,Tỉnh Bắc Ninh,024166148352,0926677817,jane76@gmail.com,"Số 179, Đường Nguyễn Chí Thanh, Phường An Khánh, Tỉnh Bắc Ninh",4192631669121305
268,Dương Hương,Nữ,2001-08-14,Thành phố Hồ Chí Minh,079301903060,0771717850,anguyen@gmail.com,"Số 24, Đường Giải Phóng, Phường Bến Nghé, Thành phố Hồ Chí Minh",4727693038006754846
269,Lê Hương,Nữ,1962-11-12,Tỉnh Quảng Trị,044162365161,0893765681,wle@gmail.com,"Số 298, Đường Giải Phóng, Phường Bến Nghé, Tỉnh Quảng Trị",3563017461547041
270,Hoàng Nam,Nam,1974-10-23,Tỉnh Hà Tĩnh,042074994294,0905653292,buijane@gmail.com,"Số 173, Đường Nguyễn Huệ, Phường Bến Nghé, Tỉnh Hà Tĩnh",639066331559
271,Nguyễn Ngọc,Nữ,2007-09-13,Thành phố Hải Phòng,031307302432,0858552172,lpham@gmail.com,"Số 202, Đường Nguyễn Huệ, Phường Tân Định, Thành phố Hải Phòng",6011539590344603
272,Bùi Yến,Nữ,2000-02-10,Tỉnh Thanh Hóa,038300064824,0847456929,janevu@gmail.com,"Số 232, Đường Cầu Giấy, Phường Hàng Bài, Tỉnh Thanh Hóa",502031335636
273,Mai Chi,Nữ,2002-12-10,Thành phố Cần Thơ,092302580408,0913381959,jane16@gmail.com,"Số 108, Đường Hoàng Hoa Thám, Phường Hàng Bài, Thành phố Cần Thơ",3547156666298272
274,Trần Tú,Nam,1978-10-30,Thành phố Cần Thơ,092078582460,0363344104,john62@gmail.com,"Số 49, Đường Nguyễn Huệ, Phường Lăng Cô, Thành phố Cần Thơ",3593528081775840
275,Hoàng Bảo,Nam,1967-04-17,Tỉnh Lào Cai,015067831205,0844738364,jane92@gmail.com,"Số 65, Đường Lê Duẩn, Phường An Khánh, Tỉnh Lào Cai",213130174075851
276,Vũ Yến,Nữ,1980-10-05,Tỉnh Gia Lai,052180951315,0941076237,johnduong@gmail.com,"Số 205, Đường Lê Lợi, Phường Bến Nghé, Tỉnh Gia Lai",4601876368752980584
277,Dương Hưng,Nam,1963-07-07,Tỉnh Lạng Sơn,020063604949,0582193925,janevu@gmail.com,"Số 156, Đường Nguyễn Trãi, Phường Thạch Thang, Tỉnh Lạng Sơn",3570243750070864
278,Đặng Ngọc,Nữ,1984-10-08,Tỉnh Vĩnh Long,086184169842,0944838615,johnmai@gmail.com,"Số 99, Đường Nguyễn Trãi, Phường An Khánh, Tỉnh Vĩnh Long",2289181672365323
279,Vũ Tùng,Nam,1961-05-15,Tỉnh Tuyên Quang,008061014374,0773977357,dmai@gmail.com,"Số 165, Đường Đại Cồ Việt, Phường Bến Nghé, Tỉnh Tuyên Quang",30579741613035
280,Bùi Tú,Nam,2004-05-13,Tỉnh Điện Biên,011204041293,0760612100,john35@gmail.com,"Số 26, Đường Phạm Văn Đồng, Phường Dịch Vọng, Tỉnh Điện Biên",3541059799333634
281,Bùi Hưng,Nam,1969-06-18,Tỉnh Phú Thọ,025069781277,0340604272,rnguyen@gmail.com,"Số 4, Đường Đại Cồ Việt, Phường Lăng Cô, Tỉnh Phú Thọ",341093249467062
282,Mai Chi,Nữ,2008-04-13,Tỉnh Ninh Bình,037308526675,0867531563,johnpham@gmail.com,"Số 103, Đường Nguyễn Huệ, Phường Dịch Vọng, Tỉnh Ninh Bình",30268818533736
283,Vũ Lan,Nữ,1998-05-20,Tỉnh Tây Ninh,080198485074,0887573428,obui@gmail.com,"Số 268, Đường Giải Phóng, Phường An Khánh, Tỉnh Tây Ninh",4569559373089
284,Mai Anh,Nam,1962-07-12,Tỉnh Nghệ An,040062109192,0324806285,wbui@gmail.com,"Số 148, Đường Trần Hưng Đạo, Phường An Khánh, Tỉnh Nghệ An",30142722278516
285,Nguyễn Châu,Nam,2003-02-11,Tỉnh An Giang,091203237295,0792281173,buijohn@gmail.com,"Số 36, Đường Quang Trung, Phường Lăng Cô, Tỉnh An Giang",4276633214147123
286,Dương Anh,Nam,1967-03-26,Tỉnh Cà Mau,096067380962,0854831907,jane33@gmail.com,"Số 196, Đường Trường Chinh, Phường An Khánh, Tỉnh Cà Mau",639016489457
287,Hoàng Thảo,Nữ,1968-10-20,Tỉnh Cao Bằng,004168731423,0582734803,john94@gmail.com,"Số 172, Đường Trần Hưng Đạo, Phường Lăng Cô, Tỉnh Cao Bằng",349285734872887
288,Vũ Bảo,Nam,1961-04-12,Tỉnh Hưng Yên,033061977224,0344248047,john27@gmail.com,"Số 212, Đường Cầu Giấy, Phường Thạch Thang, Tỉnh Hưng Yên",4649036846885567
289,Lê Xuân,Nữ,1992-05-01,Tỉnh Nghệ An,040192676248,0869378168,nguyenjohn@gmail.com,"Số 118, Đường Cầu Giấy, Phường Hàng Bài, Tỉnh Nghệ An",676136296271
290,Đặng Hoàng,Nam,1995-05-05,Thành phố Hải Phòng,031095462630,0777628636,edang@gmail.com,"Số 123, Đường Lê Duẩn, Phường Hàng Bài, Thành phố Hải Phòng",4305001348965766976
291,Trần Vân,Nữ,1960-10-20,Tỉnh Phú Thọ,025160328910,0791717733,maijohn@gmail.com,"Số 161, Đường Lê Duẩn, Phường Thạch Thang, Tỉnh Phú Thọ",6011894614752277
292,Lê Huy,Nam,1995-03-10,Tỉnh Vĩnh Long,086095526738,0842764962,maijane@gmail.com,"Số 294, Đường Trường Chinh, Phường Tân Định, Tỉnh Vĩnh Long",4814359685880
293,Dương Nhiên,Nam,2008-09-19,Tỉnh Đồng Tháp,082208668122,0774569144,john56@gmail.com,"Số 127, Đường Hoàng Hoa Thám, Phường Dịch Vọng, Tỉnh Đồng Tháp",4644168529650
294,Bùi Ánh,Nữ,2007-11-09,Tỉnh Quảng Ngãi,051307563549,0389967834,buijohn@gmail.com,"Số 41, Đường Cầu Giấy, Phường Bến Nghé, Tỉnh Quảng Ngãi",180010241904243
295,Vũ Trung,Nam,1979-08-07,Tỉnh Thái Nguyên,019079162511,0791143545,janehoang@gmail.com,"Số 5, Đường Lê Duẩn, Phường Bến Nghé, Tỉnh Thái Nguyên",373123339736760
296,Dương Quang,Nam,2004-05-02,Tỉnh Cà Mau,096204935292,0982352440,hdang@gmail.com,"Số 76, Đường Hai Bà Trưng, Phường Thạch Thang, Tỉnh Cà Mau",4552216528939107
297,Vũ Hoàng,Nam,1980-03-26,Tỉnh Lào Cai,015080635306,0912030790,yvu@gmail.com,"Số 71, Đường Hai Bà Trưng, Phường Lăng Cô, Tỉnh Lào Cai",502061092735
298,Nguyễn Thảo,Nữ,1970-09-17,Tỉnh Lai Châu,012170354746,0825991173,johnbui@gmail.com,"Số 17, Đường Đại Cồ Việt, Phường An Khánh, Tỉnh Lai Châu",30371207426247
299,Vũ Hương,Nữ,1986-12-14,Tỉnh Quảng Ngãi,051186488242,0907719318,uduong@gmail.com,"Số 183, Đường Đại Cồ Việt, Phường Tân Định, Tỉnh Quảng Ngãi",3559673014664281
300,Lê Dương,Nữ,1985-01-10,Tỉnh Hưng Yên,033185417565,0947747394,duongjohn@gmail.com,"Số 173, Đường Lê Duẩn, Phường Tân Định, Tỉnh Hưng Yên",060436423929
301,Phạm Nam,Nam,1968-12-16,Tỉnh Đồng Nai,075068048123,0357045386,janevu@gmail.com,"Số 104, Đường Lê Lợi, Phường Lăng Cô, Tỉnh Đồng Nai",3591194152675617
302,Dương Tùng,Nam,1963-10-17,Tỉnh Đồng Tháp,082063343763,0927301254,mvu@gmail.com,"Số 150, Đường Trần Hưng Đạo, Phường Bách Khoa, Tỉnh Đồng Tháp",639056720506
303,Lê Trọng,Nam,1988-09-09,Tỉnh Cà Mau,096088316814,0983345807,zle@gmail.com,"Số 17, Đường Lê Duẩn, Phường Lăng Cô, Tỉnh Cà Mau",30174090498418
304,Mai Nhiên,Nam,1976-01-02,Thành phố Hải Phòng,031076633113,0355577752,jane67@gmail.com,"Số 177, Đường Nguyễn Huệ, Phường Dịch Vọng, Thành phố Hải Phòng",4698138181307239
305,Dương Xuân,Nữ,1986-09-12,Tỉnh Sơn La,014186357571,0325274786,johntran@gmail.com,"Số 3, Đường Nguyễn Huệ, Phường Bách Khoa, Tỉnh Sơn La",4483305272324
306,Bùi Vi,Nữ,1967-08-18,Tỉnh Hà Tĩnh,042167878524,0372902705,jane60@gmail.com,"Số 164, Đường Nguyễn Chí Thanh, Phường Hàng Bài, Tỉnh Hà Tĩnh",4259821827810304981
307,Mai Huy,Nam,1976-06-30,Tỉnh Điện Biên,011076936281,0983182710,johnduong@gmail.com,"Số 49, Đường Hoàng Hoa Thám, Phường Hàng Bài, Tỉnh Điện Biên",3551114008166080
308,Phạm Linh,Nữ,1980-12-23,Tỉnh Tây Ninh,080180018102,0865909883,jane32@gmail.com,"Số 288, Đường Giải Phóng, Phường Tân Định, Tỉnh Tây Ninh",4828164083743
309,Hoàng Hồng,Nữ,1965-06-10,Tỉnh Ninh Bình,037165835130,0935619054,janenguyen@gmail.com,"Số 160, Đường Cầu Giấy, Phường Thạch Thang, Tỉnh Ninh Bình",4257993473798153
310,Mai Vân,Nữ,2005-03-04,Tỉnh Điện Biên,011305122387,0382593288,johnbui@gmail.com,"Số 127, Đường Lê Duẩn, Phường Lăng Cô, Tỉnh Điện Biên",6011015750232474
311,Phạm Linh,Nữ,1979-09-17,Tỉnh Hưng Yên,033179638666,0845703070,john09@gmail.com,"Số 276, Đường Nguyễn Huệ, Phường Bến Nghé, Tỉnh Hưng Yên",377829760430261
312,Lê Anh,Nam,2007-11-19,Tỉnh Thái Nguyên,019207606315,0845477706,jane05@gmail.com,"Số 45, Đường Nguyễn Trãi, Phường An Khánh, Tỉnh Thái Nguyên",4438319103090294
313,Mai Trung,Nam,1987-11-03,Tỉnh Ninh Bình,037087630263,0903155728,janepham@gmail.com,"Số 12, Đường Lê Duẩn, Phường Hàng Bài, Tỉnh Ninh Bình",340329602903074
314,Hoàng Dương,Nữ,1998-03-14,Tỉnh Lai Châu,012198536855,0899731335,dnguyen@gmail.com,"Số 64, Đường Quang Trung, Phường Lăng Cô, Tỉnh Lai Châu",2262742377120262
315,Dương Ánh,Nữ,1972-02-25,Tỉnh Ninh Bình,037172006261,0361726778,jane03@gmail.com,"Số 36, Đường Trần Hưng Đạo, Phường Lăng Cô, Tỉnh Ninh Bình",4601792179302
316,Bùi Hương,Nữ,1980-09-02,Tỉnh Đắc Lắc,066180292209,0348497021,nguyenjane@gmail.com,"Số 109, Đường Nguyễn Trãi, Phường Dịch Vọng, Tỉnh Đắc Lắc",2274242244204247
317,Mai Dương,Nữ,2008-06-04,Tỉnh Quảng Ninh,022308933341,0885109460,dangjohn@gmail.com,"Số 166, Đường Lê Duẩn, Phường Bến Nghé, Tỉnh Quảng Ninh",578401388348
318,Dương Quang,Nam,1982-12-05,Tỉnh Tuyên Quang,008082907916,0888776314,lejohn@gmail.com,"Số 11, Đường Quang Trung, Phường Bến Nghé, Tỉnh Tuyên Quang",180047514378341
319,Vũ Ánh,Nữ,2005-06-25,Tỉnh Sơn La,014305367594,0884355725,ble@gmail.com,"Số 44, Đường Trường Chinh, Phường Tân Định, Tỉnh Sơn La",4212483634954048
320,Hoàng Linh,Nữ,1971-09-26,Tỉnh Lâm Đồng,068171336177,0325892966,ydang@gmail.com,"Số 33, Đường Hai Bà Trưng, Phường Bến Nghé, Tỉnh Lâm Đồng",373444444533466
321,Mai Hồng,Nữ,1977-03-05,Tỉnh Quảng Ngãi,051177742990,0867479919,dangjohn@gmail.com,"Số 266, Đường Nguyễn Huệ, Phường Bến Nghé, Tỉnh Quảng Ngãi",373471476069333
322,Dương Bảo,Nam,2005-12-18,Tỉnh Khánh Hòa,056205570192,0587862483,jane10@gmail.com,"Số 114, Đường Đại Cồ Việt, Phường Hàng Bài, Tỉnh Khánh Hòa",36055730584127
323,Dương Châu,Nam,1988-01-30,Tỉnh Lào Cai,015088503671,0858322452,janevu@gmail.com,"Số 162, Đường Nguyễn Huệ, Phường Lăng Cô, Tỉnh Lào Cai",4039742541828
324,Bùi Duyên,Nữ,1971-11-13,Tỉnh Quảng Ninh,022171987593,0771189915,vujohn@gmail.com,"Số 111, Đường Trường Chinh, Phường Tân Định, Tỉnh Quảng Ninh",3521653369892294
325,Dương Bảo,Nam,2000-12-27,Tỉnh Cà Mau,096200017792,0340480632,jane79@gmail.com,"Số 250, Đường Hai Bà Trưng, Phường Thạch Thang, Tỉnh Cà Mau",6011273669934066
326,Hoàng Thảo,Nữ,1982-10-01,Thành phố Hồ Chí Minh,079182396328,0926627370,vujohn@gmail.com,"Số 88, Đường Nguyễn Trãi, Phường Lăng Cô, Thành phố Hồ Chí Minh",6011508437809607
327,Bùi Tùng,Nam,2003-09-17,Thành phố Huế,046203314259,0832467249,johnnguyen@gmail.com,"Số 120, Đường Nguyễn Chí Thanh, Phường Tân Định, Thành phố Huế",4885066619574875488
328,Lê Duyên,Nữ,1972-12-27,Tỉnh Hà Tĩnh,042172810914,0896578865,john32@gmail.com,"Số 256, Đường Giải Phóng, Phường An Khánh, Tỉnh Hà Tĩnh",3542962458715026
329,Nguyễn Hoàng,Nam,1993-12-24,Tỉnh Đồng Tháp,082093897240,0375544299,janenguyen@gmail.com,"Số 297, Đường Đại Cồ Việt, Phường Lăng Cô, Tỉnh Đồng Tháp",4945631851975462503
330,Trần Nam,Nam,1962-01-10,Tỉnh Tuyên Quang,008062518319,0562126508,tranjane@gmail.com,"Số 206, Đường Lê Lợi, Phường An Khánh, Tỉnh Tuyên Quang",4532307280856939
331,Đặng Hưng,Nam,1965-06-10,Tỉnh Bắc Ninh,024065832940,0964039417,wmai@gmail.com,"Số 137, Đường Trường Chinh, Phường Lăng Cô, Tỉnh Bắc Ninh",3535867690267984
332,Nguyễn Lan,Nữ,1987-12-13,Tỉnh Đắc Lắc,066187487346,0962209896,johnpham@gmail.com,"Số 289, Đường Hai Bà Trưng, Phường Bách Khoa, Tỉnh Đắc Lắc",4951077569558801
333,Vũ Vân,Nữ,1973-07-16,Tỉnh Hà Tĩnh,042173787054,0791531363,tranjohn@gmail.com,"Số 45, Đường Quang Trung, Phường Lăng Cô, Tỉnh Hà Tĩnh",5250281741361598
334,Mai Bảo,Nam,1973-10-28,Tỉnh Lạng Sơn,020073926881,0369899591,johntran@gmail.com,"Số 155, Đường Giải Phóng, Phường An Khánh, Tỉnh Lạng Sơn",4271080046066
335,Mai Anh,Nam,1981-07-16,Tỉnh Lai Châu,012081198440,0769333471,john14@gmail.com,"Số 142, Đường Quang Trung, Phường Bách Khoa, Tỉnh Lai Châu",30595909989587
336,Trần Dũng,Nam,1973-05-01,Tỉnh Lâm Đồng,068073425750,0703042200,janele@gmail.com,"Số 82, Đường Đại Cồ Việt, Phường Tân Định, Tỉnh Lâm Đồng",4608026570343445
337,Mai Chi,Nữ,1984-03-06,Tỉnh Khánh Hòa,056184249891,0784883616,janehoang@gmail.com,"Số 274, Đường Quang Trung, Phường An Khánh, Tỉnh Khánh Hòa",6011270365985053
338,Hoàng Thảo,Nữ,2002-11-04,Tỉnh Lào Cai,015302608031,0934806995,znguyen@gmail.com,"Số 79, Đường Nguyễn Trãi, Phường Bến Nghé, Tỉnh Lào Cai",4149522971869356
339,Hoàng Minh,Nam,1997-11-03,Thành phố Đà Nẵng,048097927560,0366948875,johnle@gmail.com,"Số 127, Đường Lê Duẩn, Phường Bách Khoa, Thành phố Đà Nẵng",589205642640
340,Bùi Quang,Nam,1993-04-25,Tỉnh Quảng Trị,044093507276,0522713742,janevu@gmail.com,"Số 169, Đường Phạm Văn Đồng, Phường Hàng Bài, Tỉnh Quảng Trị",5570140752018120
341,Đặng Thảo,Nữ,2001-11-03,Tỉnh Hưng Yên,033301108821,0767936558,buijohn@gmail.com,"Số 23, Đường Hoàng Hoa Thám, Phường An Khánh, Tỉnh Hưng Yên",4255168913319199
342,Mai Vân,Nữ,2001-05-08,Thành phố Huế,046301336909,0840455367,amai@gmail.com,"Số 241, Đường Hoàng Hoa Thám, Phường Bến Nghé, Thành phố Huế",6566211269489361
343,Đặng Vũ,Nam,1996-08-26,Tỉnh Bắc Ninh,024096122111,0821625519,dpham@gmail.com,"Số 27, Đường Đại Cồ Việt, Phường Dịch Vọng, Tỉnh Bắc Ninh",4632138609710
344,Phạm Bảo,Nam,1983-10-05,Tỉnh Thái Nguyên,019083328526,0526974228,jane33@gmail.com,"Số 226, Đường Đại Cồ Việt, Phường An Khánh, Tỉnh Thái Nguyên",4480205356663910
345,Phạm Yến,Nữ,2003-01-26,Tỉnh Sơn La,014303665642,0325260721,john86@gmail.com,"Số 174, Đường Phạm Văn Đồng, Phường Thạch Thang, Tỉnh Sơn La",213104662032179
346,Mai Vân,Nữ,1992-02-09,Tỉnh Lạng Sơn,020192318976,0367168876,nguyenjane@gmail.com,"Số 262, Đường Lê Duẩn, Phường An Khánh, Tỉnh Lạng Sơn",2284264601285674
347,Phạm Linh,Nữ,1995-11-24,Tỉnh Lào Cai,015195462718,0788808231,jane41@gmail.com,"Số 288, Đường Giải Phóng, Phường Bách Khoa, Tỉnh Lào Cai",4743399333511442
348,Lê Chi,Nữ,1970-04-10,Tỉnh Nghệ An,040170941714,0964456821,john73@gmail.com,"Số 127, Đường Nguyễn Trãi, Phường Bách Khoa, Tỉnh Nghệ An",4199506171954760
349,Mai Quang,Nam,1980-12-18,Tỉnh Khánh Hòa,056080311147,0561686852,john10@gmail.com,"Số 208, Đường Nguyễn Chí Thanh, Phường Dịch Vọng, Tỉnh Khánh Hòa",4695944148106017
350,Lê Vân,Nữ,1963-07-08,Tỉnh Khánh Hòa,056163469394,0560629602,john04@gmail.com,"Số 113, Đường Lê Duẩn, Phường Thạch Thang, Tỉnh Khánh Hòa",30250539447677
351,Lê Quang,Nam,1971-09-13,Tỉnh Sơn La,014071939055,0919359613,john41@gmail.com,"Số 208, Đường Trần Hưng Đạo, Phường Thạch Thang, Tỉnh Sơn La",180041257754982
352,Nguyễn Lan,Nữ,1997-05-05,Tỉnh Hà Tĩnh,042197165991,0798964591,vujane@gmail.com,"Số 64, Đường Hai Bà Trưng, Phường Bến Nghé, Tỉnh Hà Tĩnh",639084624787
353,Vũ Quang,Nam,1990-11-29,Tỉnh Hưng Yên,033090896710,0397111465,jane43@gmail.com,"Số 283, Đường Lê Lợi, Phường Dịch Vọng, Tỉnh Hưng Yên",3503720056068454
354,Mai Hoàng,Nam,1997-09-11,Thành phố Đà Nẵng,048097232158,0939663485,buijohn@gmail.com,"Số 264, Đường Giải Phóng, Phường An Khánh, Thành phố Đà Nẵng",371625931305911
355,Đặng Vi,Nữ,1975-09-14,Thành phố Hồ Chí Minh,079175677995,0585888999,vvu@gmail.com,"Số 148, Đường Lê Duẩn, Phường Thạch Thang, Thành phố Hồ Chí Minh",4598865166104459815
356,Vũ Phúc,Nam,1976-07-01,Tỉnh Điện Biên,011076441692,0925423858,tranjane@gmail.com,"Số 88, Đường Đại Cồ Việt, Phường Tân Định, Tỉnh Điện Biên",3556474253045032
357,Đặng Linh,Nữ,1967-09-10,Thành phố Đà Nẵng,048167765600,0345259644,tranjohn@gmail.com,"Số 169, Đường Trần Hưng Đạo, Phường An Khánh, Thành phố Đà Nẵng",348201395052959
358,Trần Phúc,Nam,1986-12-30,Tỉnh Hà Tĩnh,042086691661,0843012020,nguyenjane@gmail.com,"Số 1, Đường Nguyễn Chí Thanh, Phường Bách Khoa, Tỉnh Hà Tĩnh",30280173094220
359,Dương Thảo,Nữ,2008-01-01,Tỉnh Lạng Sơn,020308243746,0830227124,johnnguyen@gmail.com,"Số 39, Đường Phạm Văn Đồng, Phường Hàng Bài, Tỉnh Lạng Sơn",2236916521239557
360,Vũ Mai,Nữ,1965-09-29,Tỉnh Ninh Bình,037165172563,0846728730,john54@gmail.com,"Số 105, Đường Phạm Văn Đồng, Phường Dịch Vọng, Tỉnh Ninh Bình",676107081488
361,Bùi Vi,Nữ,1969-09-03,Tỉnh Đồng Tháp,082169610641,0867193697,janetran@gmail.com,"Số 215, Đường Đại Cồ Việt, Phường Lăng Cô, Tỉnh Đồng Tháp",4545826948863007490
362,Trần Ánh,Nữ,1969-05-17,Tỉnh Hà Tĩnh,042169812261,0524760774,vvu@gmail.com,"Số 125, Đường Nguyễn Huệ, Phường Bến Nghé, Tỉnh Hà Tĩnh",4143417397563
363,Dương Thành,Nam,2002-11-11,Tỉnh Vĩnh Long,086202494359,0842446308,janeduong@gmail.com,"Số 274, Đường Cầu Giấy, Phường Thạch Thang, Tỉnh Vĩnh Long",3535295375014713
364,Lê Vân,Nữ,1964-12-31,Thành phố Hà Nội,001164891518,0841679258,janedang@gmail.com,"Số 158, Đường Giải Phóng, Phường Bến Nghé, Thành phố Hà Nội",3511652079361063
365,Nguyễn Quang,Nam,1984-01-01,Tỉnh Hưng Yên,033084013335,0341920571,ddang@gmail.com,"Số 114, Đường Lê Lợi, Phường Lăng Cô, Tỉnh Hưng Yên",30501814472727
366,Vũ Tú,Nam,2004-03-14,Tỉnh Sơn La,014204961118,0527613021,ole@gmail.com,"Số 109, Đường Nguyễn Trãi, Phường Hàng Bài, Tỉnh Sơn La",378494023590317
367,Nguyễn Bảo,Nam,1964-04-07,Tỉnh Tuyên Quang,008064041708,0363543463,jane95@gmail.com,"Số 3, Đường Hai Bà Trưng, Phường Thạch Thang, Tỉnh Tuyên Quang",3556350769029472
368,Đặng Ánh,Nữ,1963-01-30,Tỉnh Gia Lai,052163225806,0916846327,cvu@gmail.com,"Số 257, Đường Trường Chinh, Phường Bách Khoa, Tỉnh Gia Lai",583635739456
369,Dương Hồng,Nữ,1990-02-14,Thành phố Cần Thơ,092190166519,0988254153,jane81@gmail.com,"Số 108, Đường Trần Hưng Đạo, Phường Bách Khoa, Thành phố Cần Thơ",4308564606682694
370,Trần Duyên,Nữ,1970-01-25,Tỉnh Lâm Đồng,068170538626,0778994887,nguyenjohn@gmail.com,"Số 276, Đường Lê Lợi, Phường Dịch Vọng, Tỉnh Lâm Đồng",4629072694034309
371,Lê Khoa,Nam,1979-06-04,Thành phố Cần Thơ,092079792562,0815833199,vujohn@gmail.com,"Số 202, Đường Hai Bà Trưng, Phường Thạch Thang, Thành phố Cần Thơ",213132790866580
372,Lê Huy,Nam,1968-04-17,Tỉnh Lai Châu,012068256979,0379004984,lejohn@gmail.com,"Số 113, Đường Trần Hưng Đạo, Phường An Khánh, Tỉnh Lai Châu",6011185188995271
373,Dương Linh,Nữ,1982-10-25,Tỉnh Điện Biên,011182142797,0922911060,pnguyen@gmail.com,"Số 159, Đường Phạm Văn Đồng, Phường Bách Khoa, Tỉnh Điện Biên",4299944444513569
374,Phạm Ánh,Nữ,2005-03-22,Tỉnh Lạng Sơn,020305289367,0926092617,jane67@gmail.com,"Số 57, Đường Nguyễn Huệ, Phường An Khánh, Tỉnh Lạng Sơn",4883751420691
375,Bùi Hồng,Nữ,1982-02-28,Tỉnh Sơn La,014182959927,0911457618,john65@gmail.com,"Số 271, Đường Nguyễn Huệ, Phường Lăng Cô, Tỉnh Sơn La",4865745172017978
376,Mai Mai,Nữ,1969-06-25,Tỉnh Thái Nguyên,019169176551,0856403120,qduong@gmail.com,"Số 288, Đường Hai Bà Trưng, Phường Hàng Bài, Tỉnh Thái Nguyên",5364121053700194
377,Lê Trung,Nam,1978-01-31,Tỉnh Lào Cai,015078919684,0841549178,vujohn@gmail.com,"Số 191, Đường Nguyễn Huệ, Phường Bách Khoa, Tỉnh Lào Cai",4092128081288231046
378,Nguyễn Lan,Nữ,2007-11-29,Thành phố Đà Nẵng,048307610503,0397520189,jane24@gmail.com,"Số 168, Đường Quang Trung, Phường An Khánh, Thành phố Đà Nẵng",4743214112322217676
379,Phạm Huy,Nam,1993-02-26,Tỉnh Gia Lai,052093349277,0945009268,phamjane@gmail.com,"Số 139, Đường Trường Chinh, Phường Bến Nghé, Tỉnh Gia Lai",180048935409020
380,Hoàng Duyên,Nữ,1998-11-09,Tỉnh Đồng Tháp,082198344565,0529567735,johnmai@gmail.com,"Số 172, Đường Lê Lợi, Phường Hàng Bài, Tỉnh Đồng Tháp",36032430230731
381,Trần Mai,Nữ,2004-08-04,Tỉnh Thanh Hóa,038304362601,0919210194,nguyenjohn@gmail.com,"Số 202, Đường Đại Cồ Việt, Phường Bến Nghé, Tỉnh Thanh Hóa",4398021362248799
382,Phạm Nhiên,Nam,2002-12-31,Tỉnh Hà Tĩnh,042202849419,0771993890,ntran@gmail.com,"Số 274, Đường Hoàng Hoa Thám, Phường Bách Khoa, Tỉnh Hà Tĩnh",3587559832176101
383,Phạm Huy,Nam,1962-03-07,Thành phố Đà Nẵng,048062037407,0831174118,fduong@gmail.com,"Số 210, Đường Nguyễn Chí Thanh, Phường An Khánh, Thành phố Đà Nẵng",4265989281865
384,Phạm Dương,Nữ,1965-01-30,Tỉnh Cà Mau,096165090843,0863103336,sbui@gmail.com,"Số 296, Đường Cầu Giấy, Phường Lăng Cô, Tỉnh Cà Mau",4665421087362695904
385,Lê Minh,Nam,1964-06-05,Tỉnh Hà Tĩnh,042064869131,0843560793,omai@gmail.com,"Số 45, Đường Lê Duẩn, Phường Hàng Bài, Tỉnh Hà Tĩnh",6589526731898185
386,Phạm Vũ,Nam,1994-02-17,Tỉnh Lai Châu,012094144551,0763624937,johnhoang@gmail.com,"Số 233, Đường Lê Lợi, Phường Bách Khoa, Tỉnh Lai Châu",213106428357709
387,Mai Linh,Nữ,1971-06-21,Tỉnh Lai Châu,012171984042,0791851087,edang@gmail.com,"Số 90, Đường Trường Chinh, Phường Bách Khoa, Tỉnh Lai Châu",2227029234347609
388,Bùi Dương,Nữ,1982-09-21,Tỉnh Quảng Trị,044182543377,0820583097,janeduong@gmail.com,"Số 160, Đường Trần Hưng Đạo, Phường Thạch Thang, Tỉnh Quảng Trị",371785944116570
389,Hoàng Dương,Nữ,1993-12-22,Thành phố Hải Phòng,031193130860,0815805457,vujane@gmail.com,"Số 99, Đường Phạm Văn Đồng, Phường Thạch Thang, Thành phố Hải Phòng",4768326278373397
390,Lê Ánh,Nữ,1995-10-08,Tỉnh Thanh Hóa,038195590662,0979156529,johnle@gmail.com,"Số 78, Đường Cầu Giấy, Phường Thạch Thang, Tỉnh Thanh Hóa",4850140123286
391,Bùi Vi,Nữ,1973-12-25,Tỉnh Đồng Tháp,082173394010,0818434459,john97@gmail.com,"Số 95, Đường Lê Lợi, Phường Bến Nghé, Tỉnh Đồng Tháp",3573886024679642
392,Vũ Châu,Nam,1989-12-25,Thành phố Hải Phòng,031089641903,0781389639,lejane@gmail.com,"Số 9, Đường Lê Lợi, Phường Tân Định, Thành phố Hải Phòng",4355480826043
393,Đặng Anh,Nam,2004-06-11,Thành phố Huế,046204269502,0841021303,johnmai@gmail.com,"Số 188, Đường Hoàng Hoa Thám, Phường Bến Nghé, Thành phố Huế",4796701266233215
394,Bùi Huy,Nam,1985-11-27,Tỉnh Quảng Trị,044085563261,0338737089,jane72@gmail.com,"Số 292, Đường Trường Chinh, Phường Dịch Vọng, Tỉnh Quảng Trị",4609896047257868
395,Dương Khoa,Nam,1974-04-06,Tỉnh An Giang,091074595040,0776000928,john62@gmail.com,"Số 145, Đường Quang Trung, Phường An Khánh, Tỉnh An Giang",347335138532975
396,Phạm Bảo,Nam,1968-11-30,Tỉnh An Giang,091068910028,0331495573,john77@gmail.com,"Số 267, Đường Nguyễn Huệ, Phường Dịch Vọng, Tỉnh An Giang",060426726794
397,Mai Khoa,Nam,2001-01-26,Thành phố Hà Nội,001201152367,0373237940,jmai@gmail.com,"Số 82, Đường Trần Hưng Đạo, Phường Thạch Thang, Thành phố Hà Nội",30047624102963
398,Lê Anh,Nam,2005-08-28,Tỉnh Quảng Ngãi,051205877056,0395204077,fdang@gmail.com,"Số 167, Đường Nguyễn Trãi, Phường Thạch Thang, Tỉnh Quảng Ngãi",2720353615066337
399,Bùi Khoa,Nam,2003-02-27,Thành phố Hồ Chí Minh,079203769749,0823816885,janele@gmail.com,"Số 25, Đường Trường Chinh, Phường Thạch Thang, Thành phố Hồ Chí Minh",4520397807324176
400,Bùi Huy,Nam,1987-10-17,Tỉnh Thái Nguyên,019087650195,0861650682,janetran@gmail.com,"Số 290, Đường Nguyễn Trãi, Phường Dịch Vọng, Tỉnh Thái Nguyên",676212475351
401,Trần Thảo,Nữ,1984-02-09,Tỉnh Vĩnh Long,086184260506,0890241270,jane49@gmail.com,"Số 198, Đường Đại Cồ Việt, Phường Lăng Cô, Tỉnh Vĩnh Long",3552982136846081
402,Lê Thành,Nam,1981-05-01,Thành phố Hải Phòng,031081065052,0355972477,jane67@gmail.com,"Số 221, Đường Trường Chinh, Phường Lăng Cô, Thành phố Hải Phòng",6011568803974138
403,Hoàng Mai,Nữ,1964-03-08,Tỉnh Tây Ninh,080164011768,0788207868,lvu@gmail.com,"Số 129, Đường Giải Phóng, Phường Dịch Vọng, Tỉnh Tây Ninh",213125596600039
404,Dương Dũng,Nam,1965-05-11,Tỉnh Lai Châu,012065197651,0892389556,jane07@gmail.com,"Số 152, Đường Quang Trung, Phường An Khánh, Tỉnh Lai Châu",4131814840136628843
405,Dương Hương,Nữ,1990-09-29,Tỉnh Đắc Lắc,066190073410,0762478517,jane95@gmail.com,"Số 158, Đường Nguyễn Trãi, Phường Thạch Thang, Tỉnh Đắc Lắc",2413683079134896
406,Dương Nam,Nam,2004-04-24,Tỉnh Bắc Ninh,024204241115,0925515176,johnduong@gmail.com,"Số 284, Đường Quang Trung, Phường Dịch Vọng, Tỉnh Bắc Ninh",2246120013557901
407,Lê Linh,Nữ,1970-10-09,Tỉnh Đồng Tháp,082170457165,0972305455,jane38@gmail.com,"Số 56, Đường Đại Cồ Việt, Phường Thạch Thang, Tỉnh Đồng Tháp",4765645773148
408,Đặng Thảo,Nữ,1989-05-09,Tỉnh Hưng Yên,033189949508,0929333295,janehoang@gmail.com,"Số 227, Đường Trần Hưng Đạo, Phường Thạch Thang, Tỉnh Hưng Yên",213168109481646
409,Dương Vân,Nữ,2006-08-18,Tỉnh Quảng Trị,044306320246,0841318513,johnle@gmail.com,"Số 75, Đường Lê Lợi, Phường Tân Định, Tỉnh Quảng Trị",3511879778887375
410,Hoàng Dương,Nữ,1995-03-12,Tỉnh Ninh Bình,037195981498,0322640983,john03@gmail.com,"Số 177, Đường Hoàng Hoa Thám, Phường Dịch Vọng, Tỉnh Ninh Bình",3570579916968164
411,Bùi Yến,Nữ,1987-05-26,Tỉnh Điện Biên,011187371028,0767750704,janele@gmail.com,"Số 45, Đường Nguyễn Huệ, Phường Dịch Vọng, Tỉnh Điện Biên",3521348113317926
412,Mai Xuân,Nữ,2005-05-12,Tỉnh Khánh Hòa,056305170691,0783473502,johnmai@gmail.com,"Số 217, Đường Quang Trung, Phường An Khánh, Tỉnh Khánh Hòa",4825637375895866534
413,Dương Lan,Nữ,2000-04-28,Tỉnh Bắc Ninh,024300100416,0985024666,tranjane@gmail.com,"Số 135, Đường Đại Cồ Việt, Phường Bách Khoa, Tỉnh Bắc Ninh",4447625418486681
414,Trần Hồng,Nữ,1979-08-14,Tỉnh Bắc Ninh,024179296803,0763595179,uhoang@gmail.com,"Số 16, Đường Giải Phóng, Phường Bách Khoa, Tỉnh Bắc Ninh",30425653385594
415,Lê Mai,Nữ,1986-05-12,Tỉnh Đắc Lắc,066186747606,0967055528,jane26@gmail.com,"Số 9, Đường Hai Bà Trưng, Phường Bến Nghé, Tỉnh Đắc Lắc",30519586603543
416,Hoàng Vi,Nữ,1974-12-20,Tỉnh Hưng Yên,033174424833,0964490210,phamjohn@gmail.com,"Số 236, Đường Trường Chinh, Phường Bách Khoa, Tỉnh Hưng Yên",30522873699315
417,Bùi Châu,Nam,2004-06-09,Tỉnh Khánh Hòa,056204008214,0762811291,jane51@gmail.com,"Số 76, Đường Giải Phóng, Phường An Khánh, Tỉnh Khánh Hòa",2710365033238233
418,Nguyễn Mai,Nữ,1979-05-17,Tỉnh Cao Bằng,004179363778,0812941070,xduong@gmail.com,"Số 50, Đường Nguyễn Chí Thanh, Phường Tân Định, Tỉnh Cao Bằng",6011479113910558
419,Nguyễn Xuân,Nữ,1984-02-28,Tỉnh Cà Mau,096184870306,0917719343,dangjane@gmail.com,"Số 191, Đường Giải Phóng, Phường Hàng Bài, Tỉnh Cà Mau",30437506584695
420,Dương Nhiên,Nam,1996-03-06,Tỉnh Cà Mau,096096260519,0564472345,uhoang@gmail.com,"Số 126, Đường Quang Trung, Phường Bách Khoa, Tỉnh Cà Mau",180022579264538
421,Đặng Lan,Nữ,1979-02-10,Tỉnh Thanh Hóa,038179913656,0522994356,udang@gmail.com,"Số 52, Đường Nguyễn Huệ, Phường Thạch Thang, Tỉnh Thanh Hóa",4479290831003646
422,Đặng Thành,Nam,1973-05-04,Thành phố Hồ Chí Minh,079073185592,0973253622,jane90@gmail.com,"Số 125, Đường Giải Phóng, Phường Lăng Cô, Thành phố Hồ Chí Minh",6011456478092909
423,Lê Hưng,Nam,1997-01-30,Tỉnh Cà Mau,096097314702,0349932162,hvu@gmail.com,"Số 79, Đường Giải Phóng, Phường Dịch Vọng, Tỉnh Cà Mau",2707951571599378
424,Dương Ngọc,Nữ,1974-11-15,Tỉnh Lai Châu,012174655137,0937868691,john03@gmail.com,"Số 77, Đường Lê Lợi, Phường Bách Khoa, Tỉnh Lai Châu",3556138071522189
425,Dương Xuân,Nữ,1968-06-15,Thành phố Hồ Chí Minh,079168161251,0764717004,gtran@gmail.com,"Số 258, Đường Hoàng Hoa Thám, Phường Hàng Bài, Thành phố Hồ Chí Minh",4869748492431628
426,Phạm Trung,Nam,2006-06-22,Tỉnh Thanh Hóa,038206409503,0775366451,jane59@gmail.com,"Số 112, Đường Quang Trung, Phường Dịch Vọng, Tỉnh Thanh Hóa",639091776356
427,Nguyễn Ngọc,Nữ,1979-10-11,Tỉnh Tây Ninh,080179991070,0332540904,jane78@gmail.com,"Số 294, Đường Nguyễn Trãi, Phường An Khánh, Tỉnh Tây Ninh",38636637404416
428,Lê Hưng,Nam,1971-08-09,Tỉnh Lâm Đồng,068071805680,0768311870,johnvu@gmail.com,"Số 122, Đường Nguyễn Chí Thanh, Phường An Khánh, Tỉnh Lâm Đồng",180043186016806
429,Hoàng Hồng,Nữ,1989-02-13,Tỉnh Phú Thọ,025189929240,0328944855,john28@gmail.com,"Số 144, Đường Lê Duẩn, Phường Bến Nghé, Tỉnh Phú Thọ",4183948299703083
430,Hoàng Yến,Nữ,1979-10-02,Thành phố Hà Nội,001179224290,0322432150,janehoang@gmail.com,"Số 278, Đường Hai Bà Trưng, Phường Tân Định, Thành phố Hà Nội",3595303782250362
431,Trần Châu,Nam,1987-07-01,Thành phố Hồ Chí Minh,079087369241,0844968253,john39@gmail.com,"Số 254, Đường Lê Duẩn, Phường An Khánh, Thành phố Hồ Chí Minh",6011576187293488
432,Trần Trọng,Nam,1996-05-13,Tỉnh Bắc Ninh,024096473044,0568601546,phamjane@gmail.com,"Số 134, Đường Nguyễn Chí Thanh, Phường Dịch Vọng, Tỉnh Bắc Ninh",3514863454229844
433,Nguyễn Tùng,Nam,1980-05-09,Tỉnh Hà Tĩnh,042080261433,0927316001,lejane@gmail.com,"Số 176, Đường Lê Lợi, Phường Bách Khoa, Tỉnh Hà Tĩnh",4337994951742329
434,Lê Hồng,Nữ,1963-08-28,Tỉnh Cao Bằng,004163791731,0569434198,utran@gmail.com,"Số 111, Đường Cầu Giấy, Phường Lăng Cô, Tỉnh Cao Bằng",3536268032389488
435,Hoàng Hưng,Nam,2001-05-03,Tỉnh Đồng Nai,075201303963,0361509512,janele@gmail.com,"Số 266, Đường Giải Phóng, Phường An Khánh, Tỉnh Đồng Nai",6011568439721713
436,Nguyễn Nam,Nam,1987-08-07,Tỉnh Lào Cai,015087249394,0982510266,jane30@gmail.com,"Số 142, Đường Trường Chinh, Phường Dịch Vọng, Tỉnh Lào Cai",4928317898870
437,Dương Nhiên,Nam,1962-05-06,Thành phố Đà Nẵng,048062148402,0891984879,bmai@gmail.com,"Số 291, Đường Đại Cồ Việt, Phường Bách Khoa, Thành phố Đà Nẵng",4777121820073853
438,Lê Thành,Nam,1983-11-27,Tỉnh Cà Mau,096083570208,0785193356,john67@gmail.com,"Số 47, Đường Nguyễn Chí Thanh, Phường Dịch Vọng, Tỉnh Cà Mau",4659298184762
439,Vũ Thảo,Nữ,2005-03-24,Tỉnh Ninh Bình,037305173609,0922636054,johnnguyen@gmail.com,"Số 231, Đường Lê Lợi, Phường Thạch Thang, Tỉnh Ninh Bình",4159864537946360
440,Mai Trung,Nam,1988-02-01,Thành phố Huế,046088560542,0899549208,janetran@gmail.com,"Số 140, Đường Giải Phóng, Phường Thạch Thang, Thành phố Huế",3596698710312039
441,Vũ Duyên,Nữ,1968-07-30,Tỉnh Hưng Yên,033168630303,0564748071,jane79@gmail.com,"Số 163, Đường Trần Hưng Đạo, Phường Bến Nghé, Tỉnh Hưng Yên",4717277786816462
442,Dương Vân,Nữ,1965-02-20,Tỉnh Tuyên Quang,008165387692,0966878446,janeduong@gmail.com,"Số 65, Đường Nguyễn Chí Thanh, Phường Thạch Thang, Tỉnh Tuyên Quang",4579079189907
443,Bùi Dương,Nữ,1974-08-12,Tỉnh Đắc Lắc,066174992188,0346542679,lpham@gmail.com,"Số 74, Đường Phạm Văn Đồng, Phường Tân Định, Tỉnh Đắc Lắc",4837147038223681
444,Bùi Trọng,Nam,1968-02-19,Tỉnh Đồng Nai,075068039355,0825884092,johnvu@gmail.com,"Số 298, Đường Phạm Văn Đồng, Phường Bến Nghé, Tỉnh Đồng Nai",4250900291434751
445,Hoàng Lan,Nữ,1980-12-27,Tỉnh Tây Ninh,080180397134,0949637249,johnduong@gmail.com,"Số 270, Đường Phạm Văn Đồng, Phường An Khánh, Tỉnh Tây Ninh",676105728882
446,Dương Dũng,Nam,1978-05-09,Tỉnh Nghệ An,040078416506,0342131131,janemai@gmail.com,"Số 220, Đường Lê Duẩn, Phường Tân Định, Tỉnh Nghệ An",2293827377239718
447,Đặng Xuân,Nữ,2004-07-29,Tỉnh Cao Bằng,004304679584,0385074614,tnguyen@gmail.com,"Số 73, Đường Nguyễn Chí Thanh, Phường Lăng Cô, Tỉnh Cao Bằng",2288193442862290
448,Dương Chi,Nữ,1966-04-01,Tỉnh Đồng Tháp,082166094605,0979785369,john63@gmail.com,"Số 20, Đường Lê Lợi, Phường Hàng Bài, Tỉnh Đồng Tháp",676329865254
449,Hoàng Ánh,Nữ,1961-09-24,Tỉnh Điện Biên,011161708622,0839776100,buijane@gmail.com,"Số 250, Đường Nguyễn Huệ, Phường Dịch Vọng, Tỉnh Điện Biên",575545666282
450,Phạm Hưng,Nam,1966-06-24,Tỉnh Hà Tĩnh,042066069572,0929938347,janetran@gmail.com,"Số 174, Đường Hai Bà Trưng, Phường Tân Định, Tỉnh Hà Tĩnh",180066865538519
451,Nguyễn Vũ,Nam,1996-11-28,Tỉnh Khánh Hòa,056096215840,0337567417,jane26@gmail.com,"Số 102, Đường Nguyễn Huệ, Phường Lăng Cô, Tỉnh Khánh Hòa",180019201998137
452,Bùi Vân,Nữ,1974-04-30,Tỉnh Quảng Ninh,022174319029,0830250226,fdang@gmail.com,"Số 270, Đường Nguyễn Huệ, Phường Dịch Vọng, Tỉnh Quảng Ninh",4613764757296
453,Mai Ngọc,Nữ,1983-06-10,Thành phố Cần Thơ,092183764321,0930187609,dangjane@gmail.com,"Số 119, Đường Quang Trung, Phường Thạch Thang, Thành phố Cần Thơ",4660672493296983142
454,Vũ Bảo,Nam,2001-09-03,Tỉnh Lâm Đồng,068201328073,0523104992,johndang@gmail.com,"Số 222, Đường Hai Bà Trưng, Phường Tân Định, Tỉnh Lâm Đồng",578505338256
455,Lê Quang,Nam,1999-02-13,Thành phố Cần Thơ,092099878444,0702057264,janehoang@gmail.com,"Số 285, Đường Cầu Giấy, Phường Thạch Thang, Thành phố Cần Thơ",6555884736525026
456,Bùi Thảo,Nữ,2002-04-12,Tỉnh Khánh Hòa,056302461631,0328064049,nguyenjohn@gmail.com,"Số 288, Đường Giải Phóng, Phường Tân Định, Tỉnh Khánh Hòa",4409098615489989
457,Đặng Dương,Nữ,1962-08-09,Tỉnh Phú Thọ,025162708588,0909538988,qle@gmail.com,"Số 139, Đường Nguyễn Huệ, Phường Lăng Cô, Tỉnh Phú Thọ",588282176670
458,Vũ Vũ,Nam,1969-02-16,Tỉnh Quảng Trị,044069233559,0849964148,tranjane@gmail.com,"Số 194, Đường Trường Chinh, Phường Dịch Vọng, Tỉnh Quảng Trị",4141388252998779
459,Bùi Hoàng,Nam,2000-07-03,Tỉnh Ninh Bình,037200775807,0841050801,bduong@gmail.com,"Số 116, Đường Trường Chinh, Phường Lăng Cô, Tỉnh Ninh Bình",30029858328068
460,Lê Linh,Nữ,1978-05-08,Tỉnh Quảng Trị,044178560275,0910921699,phamjohn@gmail.com,"Số 276, Đường Cầu Giấy, Phường Bách Khoa, Tỉnh Quảng Trị",2280883096103920
461,Lê Dương,Nữ,1961-01-16,Tỉnh Tuyên Quang,008161482682,0709947317,wdang@gmail.com,"Số 59, Đường Hoàng Hoa Thám, Phường Bến Nghé, Tỉnh Tuyên Quang",3566201221186699
462,Phạm Lan,Nữ,2006-09-18,Thành phố Hà Nội,001306840894,0377966532,john32@gmail.com,"Số 139, Đường Cầu Giấy, Phường Bến Nghé, Thành phố Hà Nội",213119991763534
463,Dương Chi,Nữ,2002-10-09,Thành phố Hải Phòng,031302771357,0794978114,duongjane@gmail.com,"Số 196, Đường Quang Trung, Phường Lăng Cô, Thành phố Hải Phòng",213169297550259
464,Trần Nam,Nam,2000-01-05,Tỉnh Cà Mau,096200663359,0850232770,phamjane@gmail.com,"Số 194, Đường Hoàng Hoa Thám, Phường Bến Nghé, Tỉnh Cà Mau",180087249786335
465,Đặng Tùng,Nam,1972-12-08,Tỉnh Hà Tĩnh,042072428856,0981904388,buijane@gmail.com,"Số 56, Đường Hai Bà Trưng, Phường Tân Định, Tỉnh Hà Tĩnh",4429936558335656198
466,Bùi Ánh,Nữ,1982-01-31,Tỉnh Ninh Bình,037182243169,0860627819,tranjane@gmail.com,"Số 143, Đường Nguyễn Trãi, Phường Bến Nghé, Tỉnh Ninh Bình",30570437401207
467,Lê Minh,Nam,1999-04-12,Tỉnh Lào Cai,015099499445,0352741505,tdang@gmail.com,"Số 90, Đường Nguyễn Chí Thanh, Phường An Khánh, Tỉnh Lào Cai",6011820284426199
468,Dương Nam,Nam,1974-02-18,Thành phố Đà Nẵng,048074891674,0351226307,fpham@gmail.com,"Số 298, Đường Trần Hưng Đạo, Phường Tân Định, Thành phố Đà Nẵng",4422119481124931
469,Lê Phúc,Nam,1967-01-30,Tỉnh Cao Bằng,004067393199,0962287176,maijane@gmail.com,"Số 29, Đường Hai Bà Trưng, Phường Thạch Thang, Tỉnh Cao Bằng",4742212789513577044
470,Đặng Ánh,Nữ,1996-02-12,Tỉnh Lai Châu,012196923583,0708884374,maijohn@gmail.com,"Số 147, Đường Trường Chinh, Phường Bách Khoa, Tỉnh Lai Châu",3514673495677061
471,Đặng Nam,Nam,2006-06-20,Tỉnh Sơn La,014206410726,0329414987,rle@gmail.com,"Số 176, Đường Hai Bà Trưng, Phường Tân Định, Tỉnh Sơn La",5265810932389183
472,Trần Yến,Nữ,2004-07-31,Tỉnh Lạng Sơn,020304125756,0862543202,duongjohn@gmail.com,"Số 14, Đường Đại Cồ Việt, Phường Dịch Vọng, Tỉnh Lạng Sơn",569546998679
473,Phạm Duyên,Nữ,1991-07-02,Tỉnh Tây Ninh,080191884553,0361900462,maijohn@gmail.com,"Số 266, Đường Lê Duẩn, Phường Lăng Cô, Tỉnh Tây Ninh",30265542248722
474,Phạm Mai,Nữ,1996-07-22,Tỉnh Nghệ An,040196846429,0919662979,duongjane@gmail.com,"Số 238, Đường Cầu Giấy, Phường Bách Khoa, Tỉnh Nghệ An",4590557435516577
475,Hoàng Vân,Nữ,2004-04-23,Tỉnh Tuyên Quang,008304131272,0771512490,janetran@gmail.com,"Số 30, Đường Hoàng Hoa Thám, Phường Thạch Thang, Tỉnh Tuyên Quang",4321333593417354
476,Mai Quang,Nam,1973-04-23,Tỉnh Nghệ An,040073510866,0920158140,john58@gmail.com,"Số 51, Đường Trần Hưng Đạo, Phường An Khánh, Tỉnh Nghệ An",344526488885640
477,Hoàng Trọng,Nam,2007-10-02,Tỉnh Quảng Trị,044207515459,0908861595,john19@gmail.com,"Số 209, Đường Đại Cồ Việt, Phường Tân Định, Tỉnh Quảng Trị",3579746303469764
478,Vũ Yến,Nữ,1984-04-05,Tỉnh Thanh Hóa,038184825038,0984974199,rhoang@gmail.com,"Số 154, Đường Lê Lợi, Phường Dịch Vọng, Tỉnh Thanh Hóa",4199003595495422
479,Nguyễn Duyên,Nữ,1995-03-30,Tỉnh Cao Bằng,004195260732,0368820813,maijane@gmail.com,"Số 24, Đường Cầu Giấy, Phường Lăng Cô, Tỉnh Cao Bằng",3507289363125247
480,Mai Quang,Nam,1981-07-12,Thành phố Huế,046081893783,0813204229,maijohn@gmail.com,"Số 120, Đường Nguyễn Huệ, Phường Hàng Bài, Thành phố Huế",2284291755215678
481,Đặng Duyên,Nữ,1964-09-22,Tỉnh Nghệ An,040164894818,0581151216,tranjane@gmail.com,"Số 216, Đường Quang Trung, Phường Lăng Cô, Tỉnh Nghệ An",4597365505404
482,Nguyễn Bảo,Nam,1978-11-14,Tỉnh Quảng Trị,044078068591,0529785468,ddang@gmail.com,"Số 232, Đường Giải Phóng, Phường Lăng Cô, Tỉnh Quảng Trị",4506539954029755618
483,Nguyễn Dương,Nữ,1976-07-10,Thành phố Hà Nội,001176346906,0766796560,tranjane@gmail.com,"Số 10, Đường Quang Trung, Phường Tân Định, Thành phố Hà Nội",4302924722917
484,Đặng Hương,Nữ,1976-01-06,Tỉnh Sơn La,014176760207,0343032231,ivu@gmail.com,"Số 89, Đường Lê Lợi, Phường Dịch Vọng, Tỉnh Sơn La",2716407063133027
485,Bùi Thành,Nam,1984-08-12,Tỉnh Bắc Ninh,024084850255,0396756640,tranjane@gmail.com,"Số 257, Đường Nguyễn Trãi, Phường Lăng Cô, Tỉnh Bắc Ninh",4270153569584479
486,Hoàng Khoa,Nam,1975-09-27,Tỉnh Hưng Yên,033075518135,0379405045,cle@gmail.com,"Số 262, Đường Trường Chinh, Phường Thạch Thang, Tỉnh Hưng Yên",3580474586380858
487,Dương Quang,Nam,1985-10-27,Tỉnh Thanh Hóa,038085076272,0841742232,epham@gmail.com,"Số 106, Đường Đại Cồ Việt, Phường Dịch Vọng, Tỉnh Thanh Hóa",2323230980061385
488,Lê Vân,Nữ,1969-06-05,Thành phố Đà Nẵng,048169119094,0386509158,duongjane@gmail.com,"Số 113, Đường Cầu Giấy, Phường Dịch Vọng, Thành phố Đà Nẵng",4873259136257902
489,Hoàng Khoa,Nam,1985-01-25,Tỉnh Hà Tĩnh,042085198354,0521516447,fpham@gmail.com,"Số 231, Đường Quang Trung, Phường Bách Khoa, Tỉnh Hà Tĩnh",3585493633768050
490,Nguyễn Ngọc,Nữ,1964-01-24,Tỉnh Thanh Hóa,038164882191,0703248078,nguyenjane@gmail.com,"Số 221, Đường Phạm Văn Đồng, Phường Hàng Bài, Tỉnh Thanh Hóa",573703910030
491,Đặng Hương,Nữ,1975-02-08,Tỉnh Cao Bằng,004175283353,0346464941,hoangjohn@gmail.com,"Số 116, Đường Giải Phóng, Phường Hàng Bài, Tỉnh Cao Bằng",2712410614498356
492,Lê Thành,Nam,2007-12-31,Thành phố Hồ Chí Minh,079207178170,0888084373,john82@gmail.com,"Số 165, Đường Trường Chinh, Phường Bến Nghé, Thành phố Hồ Chí Minh",213136233956304
493,Phạm Nhiên,Nam,1964-05-25,Tỉnh Điện Biên,011064138749,0943904270,buijohn@gmail.com,"Số 78, Đường Cầu Giấy, Phường An Khánh, Tỉnh Điện Biên",376985384806228
494,Lê Châu,Nam,1979-01-22,Tỉnh Quảng Ninh,022079995829,0967272068,maijane@gmail.com,"Số 295, Đường Trần Hưng Đạo, Phường Bách Khoa, Tỉnh Quảng Ninh",213196825656415
495,Vũ Minh,Nam,1983-04-11,Tỉnh Quảng Trị,044083156354,0862885220,johndang@gmail.com,"Số 274, Đường Quang Trung, Phường Thạch Thang, Tỉnh Quảng Trị",3565380747154885
496,Hoàng Hoàng,Nam,1978-02-02,Tỉnh An Giang,091078571609,0981866332,tranjane@gmail.com,"Số 240, Đường Hoàng Hoa Thám, Phường Thạch Thang, Tỉnh An Giang",4564451515504350
497,Lê Tùng,Nam,1966-04-16,Tỉnh Điện Biên,011066827179,0910386033,jdang@gmail.com,"Số 212, Đường Cầu Giấy, Phường Tân Định, Tỉnh Điện Biên",4452960246253
498,Nguyễn Ngọc,Nữ,1979-12-31,Thành phố Đà Nẵng,048179030169,0583804888,upham@gmail.com,"Số 162, Đường Nguyễn Chí Thanh, Phường Bách Khoa, Thành phố Đà Nẵng",4825487102804
499,Nguyễn Khoa,Nam,1976-01-19,Tỉnh Gia Lai,052076442471,0701623228,john90@gmail.com,"Số 171, Đường Hai Bà Trưng, Phường Tân Định, Tỉnh Gia Lai",4569499616831789
500,Mai Tùng,Nam,1986-08-13,Tỉnh Nghệ An,040086801637,0332579944,johnnguyen@gmail.com,"Số 143, Đường Đại Cồ Việt, Phường Bách Khoa, Tỉnh Nghệ An",348872074059216
501,Vũ Hưng,Nam,1979-12-14,Tỉnh Thái Nguyên,019079800701,0791964892,johndang@gmail.com,"Số 183, Đường Giải Phóng, Phường Thạch Thang, Tỉnh Thái Nguyên",3588894434467510
502,Hoàng Nhiên,Nam,1995-06-04,Thành phố Hải Phòng,031095604830,0787820364,lejohn@gmail.com,"Số 279, Đường Nguyễn Chí Thanh, Phường An Khánh, Thành phố Hải Phòng",38944730488082
503,Mai Vi,Nữ,2007-03-26,Tỉnh Đắc Lắc,066307698128,0322087469,sduong@gmail.com,"Số 196, Đường Hoàng Hoa Thám, Phường Dịch Vọng, Tỉnh Đắc Lắc",4938194748625134
504,Bùi Trọng,Nam,2000-09-12,Tỉnh Hà Tĩnh,042200650133,0337992671,buijane@gmail.com,"Số 147, Đường Hoàng Hoa Thám, Phường Lăng Cô, Tỉnh Hà Tĩnh",5229861318238028
505,Vũ Tùng,Nam,1967-09-01,Tỉnh Phú Thọ,025067064523,0321048565,idang@gmail.com,"Số 101, Đường Đại Cồ Việt, Phường Hàng Bài, Tỉnh Phú Thọ",3574224990360113
506,Hoàng Minh,Nam,2000-02-03,Thành phố Hồ Chí Minh,079200191368,0388288133,janeduong@gmail.com,"Số 114, Đường Giải Phóng, Phường Bến Nghé, Thành phố Hồ Chí Minh",3571944685562136
507,Hoàng Tú,Nam,1986-11-28,Tỉnh Quảng Ngãi,051086090190,0580723124,john58@gmail.com,"Số 80, Đường Lê Duẩn, Phường Bách Khoa, Tỉnh Quảng Ngãi",213176794375361
508,Dương Nhiên,Nam,1969-07-06,Tỉnh Điện Biên,011069759333,0587657115,janetran@gmail.com,"Số 33, Đường Hai Bà Trưng, Phường An Khánh, Tỉnh Điện Biên",3588383939074013
509,Dương Vũ,Nam,2006-05-26,Tỉnh Quảng Ninh,022206335864,0388697163,tranjohn@gmail.com,"Số 208, Đường Phạm Văn Đồng, Phường Thạch Thang, Tỉnh Quảng Ninh",3510636032574947
510,Phạm Lan,Nữ,1989-10-31,Tỉnh Quảng Trị,044189585901,0831424993,obui@gmail.com,"Số 173, Đường Giải Phóng, Phường Tân Định, Tỉnh Quảng Trị",30041762555967
511,Nguyễn Mai,Nữ,1969-02-09,Tỉnh Tây Ninh,080169929383,0567956849,johnbui@gmail.com,"Số 128, Đường Quang Trung, Phường Hàng Bài, Tỉnh Tây Ninh",3569470976443442
512,Vũ Lan,Nữ,1979-07-16,Tỉnh Điện Biên,011179022054,0840620844,ihoang@gmail.com,"Số 124, Đường Giải Phóng, Phường Dịch Vọng, Tỉnh Điện Biên",060438374112
513,Mai Tùng,Nam,1993-02-05,Tỉnh Hưng Yên,033093897996,0380973857,xvu@gmail.com,"Số 1, Đường Trần Hưng Đạo, Phường Lăng Cô, Tỉnh Hưng Yên",6559410516042234
514,Bùi Ánh,Nữ,1984-02-01,Tỉnh Vĩnh Long,086184625442,0846356898,john49@gmail.com,"Số 54, Đường Trần Hưng Đạo, Phường Thạch Thang, Tỉnh Vĩnh Long",6011195834420756
515,Nguyễn Thành,Nam,1973-04-12,Tỉnh An Giang,091073822605,0529112154,maijane@gmail.com,"Số 143, Đường Trần Hưng Đạo, Phường Dịch Vọng, Tỉnh An Giang",6513970027605535
516,Mai Hoàng,Nam,2007-06-13,Tỉnh Ninh Bình,037207093097,0918778547,janeduong@gmail.com,"Số 86, Đường Giải Phóng, Phường Bến Nghé, Tỉnh Ninh Bình",4686167579483
517,Hoàng Dũng,Nam,2006-06-06,Tỉnh Lào Cai,015206227939,0813108953,dangjohn@gmail.com,"Số 252, Đường Giải Phóng, Phường Bến Nghé, Tỉnh Lào Cai",4242842885820301588
518,Lê Phúc,Nam,1990-09-19,Thành phố Hải Phòng,031090707430,0521012106,john51@gmail.com,"Số 185, Đường Đại Cồ Việt, Phường Hàng Bài, Thành phố Hải Phòng",4065436456437
519,Bùi Mai,Nữ,1982-04-08,Tỉnh Vĩnh Long,086182957660,0567681688,lhoang@gmail.com,"Số 124, Đường Hai Bà Trưng, Phường Lăng Cô, Tỉnh Vĩnh Long",30128540996173
520,Nguyễn Vân,Nữ,1982-01-08,Thành phố Hà Nội,001182343989,0381380931,jane72@gmail.com,"Số 20, Đường Trường Chinh, Phường Bến Nghé, Thành phố Hà Nội",3515440131067290
521,Đặng Mai,Nữ,1998-10-04,Tỉnh An Giang,091198245161,0529806435,janetran@gmail.com,"Số 237, Đường Đại Cồ Việt, Phường Tân Định, Tỉnh An Giang",2221018951834127
522,Phạm Chi,Nữ,1973-05-28,Tỉnh Tây Ninh,080173739516,0826795072,johnhoang@gmail.com,"Số 264, Đường Trần Hưng Đạo, Phường Bến Nghé, Tỉnh Tây Ninh",2549852589174075
523,Nguyễn Yến,Nữ,1986-12-10,Tỉnh Lai Châu,012186990178,0920997830,qvu@gmail.com,"Số 13, Đường Trường Chinh, Phường Dịch Vọng, Tỉnh Lai Châu",639055633528
524,Nguyễn Vi,Nữ,1966-11-27,Thành phố Cần Thơ,092166751876,0703388147,tranjohn@gmail.com,"Số 243, Đường Giải Phóng, Phường Hàng Bài, Thành phố Cần Thơ",3501886983217761
525,Lê Duyên,Nữ,1973-12-21,Tỉnh An Giang,091173312104,0850207839,jane64@gmail.com,"Số 47, Đường Cầu Giấy, Phường An Khánh, Tỉnh An Giang",639004601303
526,Dương Hương,Nữ,1966-09-26,Tỉnh Bắc Ninh,024166885982,0320345229,fvu@gmail.com,"Số 39, Đường Hai Bà Trưng, Phường Lăng Cô, Tỉnh Bắc Ninh",6503549813559791
527,Nguyễn Lan,Nữ,1997-10-03,Tỉnh Quảng Trị,044197714504,0836707747,john58@gmail.com,"Số 252, Đường Phạm Văn Đồng, Phường Bến Nghé, Tỉnh Quảng Trị",180066960504291
528,Nguyễn Hưng,Nam,1999-01-11,Thành phố Hà Nội,001099223696,0942201595,johnduong@gmail.com,"Số 279, Đường Nguyễn Chí Thanh, Phường Lăng Cô, Thành phố Hà Nội",344956138970601
529,Mai Trung,Nam,1988-05-11,Tỉnh Thái Nguyên,019088532616,0350146699,janemai@gmail.com,"Số 79, Đường Lê Lợi, Phường Bách Khoa, Tỉnh Thái Nguyên",3548247609381496
530,Trần Xuân,Nữ,1983-06-17,Tỉnh Điện Biên,011183268326,0766556551,dangjohn@gmail.com,"Số 187, Đường Hai Bà Trưng, Phường Lăng Cô, Tỉnh Điện Biên",213163782169527
531,Dương Ngọc,Nữ,1961-01-19,Tỉnh Ninh Bình,037161936145,0897260099,john44@gmail.com,"Số 136, Đường Hai Bà Trưng, Phường Lăng Cô, Tỉnh Ninh Bình",370257613770393
532,Hoàng Huy,Nam,1990-07-08,Tỉnh An Giang,091090091008,0568785899,wdang@gmail.com,"Số 47, Đường Trường Chinh, Phường An Khánh, Tỉnh An Giang",371365705837704
533,Bùi Lan,Nữ,1980-04-23,Thành phố Cần Thơ,092180796419,0326230165,maijane@gmail.com,"Số 88, Đường Cầu Giấy, Phường Hàng Bài, Thành phố Cần Thơ",3590326900944298
534,Bùi Quang,Nam,2005-12-23,Tỉnh Lai Châu,012205550658,0947028046,janeduong@gmail.com,"Số 137, Đường Lê Lợi, Phường Lăng Cô, Tỉnh Lai Châu",589081919302
535,Lê Minh,Nam,1965-10-13,Tỉnh Lai Châu,012065331699,0884701214,phamjohn@gmail.com,"Số 198, Đường Lê Duẩn, Phường Bến Nghé, Tỉnh Lai Châu",4712590542563324188
536,Mai Trọng,Nam,1972-10-13,Tỉnh Lạng Sơn,020072253599,0797039600,maijohn@gmail.com,"Số 220, Đường Nguyễn Huệ, Phường Thạch Thang, Tỉnh Lạng Sơn",213165459478073
537,Lê Thảo,Nữ,1991-06-06,Tỉnh Tuyên Quang,008191290631,0582910175,jane93@gmail.com,"Số 136, Đường Lê Lợi, Phường Tân Định, Tỉnh Tuyên Quang",4241390405748670200
538,Lê Quang,Nam,1968-10-29,Tỉnh Tuyên Quang,008068262238,0765806901,vujane@gmail.com,"Số 186, Đường Lê Lợi, Phường Thạch Thang, Tỉnh Tuyên Quang",639084871933
539,Đặng Anh,Nam,1994-07-19,Tỉnh Đồng Nai,075094956778,0589016637,jane71@gmail.com,"Số 50, Đường Hoàng Hoa Thám, Phường Tân Định, Tỉnh Đồng Nai",180077160792511
540,Mai Quang,Nam,1974-01-02,Tỉnh Sơn La,014074586959,0825900376,dbui@gmail.com,"Số 202, Đường Nguyễn Trãi, Phường An Khánh, Tỉnh Sơn La",2278678722133356
541,Phạm Dương,Nữ,1966-06-10,Tỉnh Đồng Tháp,082166595050,0898136937,ole@gmail.com,"Số 66, Đường Hoàng Hoa Thám, Phường Bách Khoa, Tỉnh Đồng Tháp",374788376231195
542,Bùi Lan,Nữ,1995-09-15,Tỉnh Đắc Lắc,066195786528,0989022570,ahoang@gmail.com,"Số 170, Đường Hai Bà Trưng, Phường Hàng Bài, Tỉnh Đắc Lắc",3586424858334277
543,Bùi Lan,Nữ,1961-12-15,Tỉnh Thái Nguyên,019161343900,0585101845,janehoang@gmail.com,"Số 140, Đường Phạm Văn Đồng, Phường Bến Nghé, Tỉnh Thái Nguyên",377789290980617
544,Mai Linh,Nữ,1990-11-06,Tỉnh Quảng Trị,044190332874,0322540198,dpham@gmail.com,"Số 162, Đường Giải Phóng, Phường Bến Nghé, Tỉnh Quảng Trị",377687633391676
545,Đặng Bảo,Nam,1977-01-11,Tỉnh Sơn La,014077049373,0893794287,tranjohn@gmail.com,"Số 89, Đường Trần Hưng Đạo, Phường Tân Định, Tỉnh Sơn La",4937290630226
546,Lê Thảo,Nữ,1981-12-15,Tỉnh Gia Lai,052181920370,0978219663,john74@gmail.com,"Số 66, Đường Quang Trung, Phường Tân Định, Tỉnh Gia Lai",4567621406558890
547,Hoàng Hương,Nữ,1999-08-21,Tỉnh Quảng Ninh,022199835104,0364399577,janeduong@gmail.com,"Số 239, Đường Nguyễn Chí Thanh, Phường Bến Nghé, Tỉnh Quảng Ninh",4747956648457
548,Lê Vi,Nữ,1998-01-29,Tỉnh Lâm Đồng,068198483144,0321644628,john90@gmail.com,"Số 125, Đường Lê Lợi, Phường Hàng Bài, Tỉnh Lâm Đồng",4984998553374270
549,Vũ Thảo,Nữ,1966-02-18,Thành phố Đà Nẵng,048166393378,0857017411,janevu@gmail.com,"Số 64, Đường Hai Bà Trưng, Phường Bách Khoa, Thành phố Đà Nẵng",344795647606169
550,Đặng Hương,Nữ,1974-06-12,Tỉnh Đồng Nai,075174044454,0975699592,evu@gmail.com,"Số 120, Đường Nguyễn Trãi, Phường Thạch Thang, Tỉnh Đồng Nai",213174568766774
551,Hoàng Mai,Nữ,1989-07-20,Tỉnh Tuyên Quang,008189388029,0342230649,tduong@gmail.com,"Số 274, Đường Cầu Giấy, Phường Lăng Cô, Tỉnh Tuyên Quang",4817987780850437
552,Đặng Vi,Nữ,1996-06-10,Thành phố Hải Phòng,031196015416,0704455509,phamjane@gmail.com,"Số 10, Đường Nguyễn Trãi, Phường An Khánh, Thành phố Hải Phòng",30504951766273
553,Hoàng Mai,Nữ,2003-04-24,Thành phố Huế,046303079905,0524958952,jane37@gmail.com,"Số 13, Đường Trần Hưng Đạo, Phường Dịch Vọng, Thành phố Huế",4885492292732565682
554,Mai Bảo,Nam,1965-01-26,Tỉnh Quảng Ninh,022065997763,0812834366,johnpham@gmail.com,"Số 220, Đường Hai Bà Trưng, Phường An Khánh, Tỉnh Quảng Ninh",4319924719785635
555,Phạm Châu,Nam,1989-11-07,Thành phố Cần Thơ,092089286904,0886680306,janeduong@gmail.com,"Số 250, Đường Hai Bà Trưng, Phường Bến Nghé, Thành phố Cần Thơ",2705802184229824
556,Hoàng Duyên,Nữ,2001-10-08,Tỉnh Cà Mau,096301480805,0783837990,nguyenjane@gmail.com,"Số 108, Đường Hai Bà Trưng, Phường Bến Nghé, Tỉnh Cà Mau",630419838341
557,Phạm Quang,Nam,1973-10-09,Tỉnh Thanh Hóa,038073357504,0586842105,nguyenjane@gmail.com,"Số 300, Đường Trần Hưng Đạo, Phường Bách Khoa, Tỉnh Thanh Hóa",4648006348538
558,Trần Trung,Nam,1972-01-15,Tỉnh Lạng Sơn,020072255389,0937532590,dangjohn@gmail.com,"Số 123, Đường Cầu Giấy, Phường An Khánh, Tỉnh Lạng Sơn",6529178496560429
559,Phạm Hồng,Nữ,2000-01-19,Tỉnh Ninh Bình,037300999286,0943332478,johndang@gmail.com,"Số 115, Đường Hoàng Hoa Thám, Phường Dịch Vọng, Tỉnh Ninh Bình",3536073254663556
560,Vũ Châu,Nam,2008-05-07,Tỉnh Vĩnh Long,086208395436,0580465088,xnguyen@gmail.com,"Số 210, Đường Lê Lợi, Phường Tân Định, Tỉnh Vĩnh Long",373308477356246
561,Vũ Minh,Nam,1988-01-05,Tỉnh Quảng Ninh,022088913682,0323705422,janetran@gmail.com,"Số 208, Đường Trần Hưng Đạo, Phường Dịch Vọng, Tỉnh Quảng Ninh",213133716678133
562,Lê Hoàng,Nam,1972-09-12,Tỉnh Ninh Bình,037072470233,0373084935,john13@gmail.com,"Số 27, Đường Trường Chinh, Phường Tân Định, Tỉnh Ninh Bình",180073092034320
563,Lê Chi,Nữ,1961-03-31,Tỉnh Tây Ninh,080161362525,0384933145,janedang@gmail.com,"Số 142, Đường Trường Chinh, Phường Hàng Bài, Tỉnh Tây Ninh",6011599021937318
564,Dương Dũng,Nam,1978-10-16,Tỉnh Hưng Yên,033078027312,0397026408,janehoang@gmail.com,"Số 134, Đường Nguyễn Trãi, Phường Tân Định, Tỉnh Hưng Yên",6011923798550320
565,Vũ Thảo,Nữ,1983-07-08,Tỉnh Thanh Hóa,038183231798,0523873153,jane08@gmail.com,"Số 300, Đường Giải Phóng, Phường Dịch Vọng, Tỉnh Thanh Hóa",375149937835793
566,Nguyễn Quang,Nam,1968-06-14,Tỉnh Bắc Ninh,024068114347,0858218689,jane59@gmail.com,"Số 254, Đường Cầu Giấy, Phường Bách Khoa, Tỉnh Bắc Ninh",4576064965365146408
567,Mai Huy,Nam,1977-05-22,Tỉnh Quảng Trị,044077306339,0356459524,jane33@gmail.com,"Số 23, Đường Hai Bà Trưng, Phường Hàng Bài, Tỉnh Quảng Trị",4617123257933967
568,Vũ Ánh,Nữ,1964-12-24,Tỉnh Lai Châu,012164193037,0813644378,janevu@gmail.com,"Số 185, Đường Trần Hưng Đạo, Phường Hàng Bài, Tỉnh Lai Châu",4848197291055
569,Mai Khoa,Nam,1976-06-16,Tỉnh Phú Thọ,025076622872,0885496999,tbui@gmail.com,"Số 123, Đường Trần Hưng Đạo, Phường Dịch Vọng, Tỉnh Phú Thọ",4914515573626772455
570,Đặng Mai,Nữ,1971-10-12,Tỉnh Quảng Ngãi,051171716823,0323298845,jane76@gmail.com,"Số 102, Đường Lê Duẩn, Phường Lăng Cô, Tỉnh Quảng Ngãi",38656592446616
571,Phạm Hoàng,Nam,2007-04-05,Tỉnh Sơn La,014207089184,0584014054,lpham@gmail.com,"Số 115, Đường Lê Lợi, Phường Lăng Cô, Tỉnh Sơn La",4530423800244
572,Đặng Anh,Nam,1974-08-09,Tỉnh Gia Lai,052074852661,0927828225,nguyenjohn@gmail.com,"Số 266, Đường Nguyễn Huệ, Phường Hàng Bài, Tỉnh Gia Lai",4099759603544382205
573,Lê Linh,Nữ,1982-03-15,Tỉnh Ninh Bình,037182600347,0916311086,jane05@gmail.com,"Số 284, Đường Quang Trung, Phường Hàng Bài, Tỉnh Ninh Bình",4354210861604568
574,Đặng Hưng,Nam,1983-02-24,Tỉnh Gia Lai,052083103638,0395133580,ble@gmail.com,"Số 90, Đường Nguyễn Huệ, Phường Thạch Thang, Tỉnh Gia Lai",4299882183095382
575,Trần Hoàng,Nam,1995-09-24,Tỉnh Hưng Yên,033095586616,0928339374,buijane@gmail.com,"Số 201, Đường Trường Chinh, Phường Tân Định, Tỉnh Hưng Yên",4591807975297578
576,Hoàng Châu,Nam,1989-04-27,Thành phố Hồ Chí Minh,079089705865,0935512422,phamjane@gmail.com,"Số 105, Đường Trường Chinh, Phường An Khánh, Thành phố Hồ Chí Minh",6011874568191961
577,Nguyễn Ánh,Nữ,1964-05-10,Tỉnh Phú Thọ,025164570181,0392571704,dhoang@gmail.com,"Số 9, Đường Hai Bà Trưng, Phường Bách Khoa, Tỉnh Phú Thọ",4905305200926864
578,Bùi Dương,Nữ,1973-07-01,Tỉnh Đồng Tháp,082173326178,0827253210,jduong@gmail.com,"Số 9, Đường Hoàng Hoa Thám, Phường Bến Nghé, Tỉnh Đồng Tháp",3577757741208245
579,Bùi Chi,Nữ,1964-01-04,Tỉnh Quảng Ninh,022164668940,0828527550,wle@gmail.com,"Số 51, Đường Nguyễn Huệ, Phường Bến Nghé, Tỉnh Quảng Ninh",4761053489210
580,Phạm Dương,Nữ,1969-07-04,Thành phố Hải Phòng,031169766664,0867003681,janeduong@gmail.com,"Số 16, Đường Nguyễn Chí Thanh, Phường Lăng Cô, Thành phố Hải Phòng",30361255713190
581,Nguyễn Duyên,Nữ,2007-12-20,Tỉnh Lạng Sơn,020307653944,0560420697,rmai@gmail.com,"Số 209, Đường Lê Duẩn, Phường Hàng Bài, Tỉnh Lạng Sơn",4586250303480106847
582,Phạm Nam,Nam,1967-09-19,Thành phố Cần Thơ,092067225215,0356194471,john43@gmail.com,"Số 216, Đường Phạm Văn Đồng, Phường An Khánh, Thành phố Cần Thơ",4748114819662758
583,Phạm Trung,Nam,1981-03-27,Thành phố Đà Nẵng,048081671203,0794982645,bmai@gmail.com,"Số 132, Đường Lê Duẩn, Phường Tân Định, Thành phố Đà Nẵng",3523127202338185
584,Mai Bảo,Nam,1987-11-25,Tỉnh Vĩnh Long,086087677679,0389828206,yle@gmail.com,"Số 99, Đường Cầu Giấy, Phường Dịch Vọng, Tỉnh Vĩnh Long",4369989691701123
585,Phạm Hồng,Nữ,2007-11-23,Tỉnh Lai Châu,012307382161,0584710087,john44@gmail.com,"Số 237, Đường Giải Phóng, Phường An Khánh, Tỉnh Lai Châu",213132618927952
586,Vũ Tú,Nam,1992-06-28,Tỉnh Đồng Nai,075092561169,0348478083,janeduong@gmail.com,"Số 110, Đường Trần Hưng Đạo, Phường Bến Nghé, Tỉnh Đồng Nai",676167631685
587,Lê Vân,Nữ,1971-05-06,Tỉnh Hà Tĩnh,042171126990,0824308036,snguyen@gmail.com,"Số 236, Đường Đại Cồ Việt, Phường Bách Khoa, Tỉnh Hà Tĩnh",676153925836
588,Vũ Vi,Nữ,1969-06-28,Tỉnh Cà Mau,096169721314,0969678518,hoangjane@gmail.com,"Số 93, Đường Cầu Giấy, Phường Bách Khoa, Tỉnh Cà Mau",346235742722940
589,Dương Anh,Nam,1981-05-08,Tỉnh Đồng Nai,075081111647,0382650008,johnpham@gmail.com,"Số 241, Đường Trường Chinh, Phường Bách Khoa, Tỉnh Đồng Nai",4928893620606839
590,Đặng Dũng,Nam,2008-04-14,Tỉnh Thái Nguyên,019208149486,0778406800,jane14@gmail.com,"Số 184, Đường Quang Trung, Phường Tân Định, Tỉnh Thái Nguyên",6505174743781007
591,Bùi Phúc,Nam,1999-11-19,Tỉnh Sơn La,014099240405,0397288707,johnpham@gmail.com,"Số 274, Đường Giải Phóng, Phường Bách Khoa, Tỉnh Sơn La",4261630430513275
592,Dương Bảo,Nam,1979-06-23,Tỉnh Lạng Sơn,020079837908,0378220523,john13@gmail.com,"Số 59, Đường Giải Phóng, Phường Bến Nghé, Tỉnh Lạng Sơn",4471111485071770
593,Phạm Vũ,Nam,1970-12-14,Tỉnh Lâm Đồng,068070328335,0788447213,jane07@gmail.com,"Số 244, Đường Cầu Giấy, Phường Lăng Cô, Tỉnh Lâm Đồng",4271865683293231643
594,Vũ Vân,Nữ,1991-03-25,Tỉnh Khánh Hòa,056191711033,0760676055,johnle@gmail.com,"Số 90, Đường Cầu Giấy, Phường Lăng Cô, Tỉnh Khánh Hòa",30557051466087
595,Phạm Vi,Nữ,2006-08-15,Tỉnh Lạng Sơn,020306237099,0847776708,johndang@gmail.com,"Số 4, Đường Lê Duẩn, Phường Dịch Vọng, Tỉnh Lạng Sơn",4522814163613
596,Dương Lan,Nữ,2000-05-25,Tỉnh Gia Lai,052300459034,0819979925,jane21@gmail.com,"Số 118, Đường Hai Bà Trưng, Phường Dịch Vọng, Tỉnh Gia Lai",3568424646974451
597,Hoàng Bảo,Nam,1964-04-22,Tỉnh Đắc Lắc,066064966809,0321102461,janebui@gmail.com,"Số 58, Đường Lê Duẩn, Phường Bến Nghé, Tỉnh Đắc Lắc",4233542869789869
598,Hoàng Lan,Nữ,2004-07-27,Tỉnh Điện Biên,011304498967,0761232732,buijohn@gmail.com,"Số 46, Đường Lê Duẩn, Phường Bến Nghé, Tỉnh Điện Biên",375711758036932
599,Vũ Ánh,Nữ,1977-09-14,Tỉnh Cao Bằng,004177120638,0916271185,jane41@gmail.com,"Số 138, Đường Trường Chinh, Phường Bến Nghé, Tỉnh Cao Bằng",378374798470350
600,Hoàng Anh,Nam,2005-08-11,Thành phố Huế,046205978248,0797287965,tranjane@gmail.com,"Số 188, Đường Đại Cồ Việt, Phường Bách Khoa, Thành phố Huế",180087938487344
601,Mai Quang,Nam,1974-03-16,Thành phố Hà Nội,001074176243,0848418622,jane62@gmail.com,"Số 132, Đường Trường Chinh, Phường Tân Định, Thành phố Hà Nội",4415632452396527
602,Bùi Anh,Nam,1965-11-12,Thành phố Hồ Chí Minh,079065351309,0843479835,qle@gmail.com,"Số 127, Đường Quang Trung, Phường Bến Nghé, Thành phố Hồ Chí Minh",4513992965289554885
603,Mai Thảo,Nữ,1983-01-22,Tỉnh Hà Tĩnh,042183665068,0976329533,ftran@gmail.com,"Số 133, Đường Quang Trung, Phường Dịch Vọng, Tỉnh Hà Tĩnh",3508234871690455
604,Hoàng Ánh,Nữ,1974-03-10,Tỉnh Cao Bằng,004174305758,0394988954,johntran@gmail.com,"Số 1, Đường Đại Cồ Việt, Phường Dịch Vọng, Tỉnh Cao Bằng",3551267128048842
605,Phạm Huy,Nam,1999-11-12,Thành phố Hồ Chí Minh,079099320603,0792821972,zbui@gmail.com,"Số 166, Đường Đại Cồ Việt, Phường Hàng Bài, Thành phố Hồ Chí Minh",4916223706766
606,Hoàng Minh,Nam,1965-01-25,Tỉnh Quảng Ngãi,051065530624,0780017773,janedang@gmail.com,"Số 113, Đường Hoàng Hoa Thám, Phường Thạch Thang, Tỉnh Quảng Ngãi",4037254876517766
607,Vũ Dương,Nữ,1993-09-05,Tỉnh Quảng Ngãi,051193911307,0948948762,john15@gmail.com,"Số 208, Đường Giải Phóng, Phường Hàng Bài, Tỉnh Quảng Ngãi",4303341298838297
608,Dương Châu,Nam,2002-06-16,Thành phố Đà Nẵng,048202350396,0839389730,jane91@gmail.com,"Số 166, Đường Nguyễn Huệ, Phường Bến Nghé, Thành phố Đà Nẵng",4684721300188634
609,Mai Dũng,Nam,1980-05-01,Tỉnh Cà Mau,096080042241,0525604798,jane74@gmail.com,"Số 165, Đường Lê Lợi, Phường An Khánh, Tỉnh Cà Mau",4753407296359
610,Nguyễn Chi,Nữ,2000-01-06,Tỉnh Hà Tĩnh,042300034734,0702469815,yvu@gmail.com,"Số 293, Đường Đại Cồ Việt, Phường Tân Định, Tỉnh Hà Tĩnh",2538631145667878
611,Lê Minh,Nam,2000-06-11,Tỉnh Quảng Ninh,022200888313,0367260050,john85@gmail.com,"Số 111, Đường Trường Chinh, Phường Thạch Thang, Tỉnh Quảng Ninh",060466483637
612,Phạm Bảo,Nam,1966-03-03,Tỉnh Cà Mau,096066755756,0842732708,qmai@gmail.com,"Số 172, Đường Quang Trung, Phường An Khánh, Tỉnh Cà Mau",376342401204492
613,Hoàng Chi,Nữ,1971-05-25,Tỉnh Ninh Bình,037171016692,0852682457,uduong@gmail.com,"Số 40, Đường Lê Lợi, Phường An Khánh, Tỉnh Ninh Bình",4513923762390115
614,Phạm Hưng,Nam,1994-02-08,Tỉnh Hưng Yên,033094120352,0776602263,janebui@gmail.com,"Số 32, Đường Phạm Văn Đồng, Phường Hàng Bài, Tỉnh Hưng Yên",3563454205906128
615,Bùi Ngọc,Nữ,1995-06-26,Thành phố Hải Phòng,031195465803,0386329950,yle@gmail.com,"Số 182, Đường Cầu Giấy, Phường Bách Khoa, Thành phố Hải Phòng",341053657496771
616,Phạm Hoàng,Nam,1989-06-09,Tỉnh Lạng Sơn,020089965639,0796475097,lejohn@gmail.com,"Số 122, Đường Trần Hưng Đạo, Phường Dịch Vọng, Tỉnh Lạng Sơn",4805684333874895374
617,Nguyễn Thảo,Nữ,1965-12-17,Tỉnh Lạng Sơn,020165037625,0979538726,tranjane@gmail.com,"Số 119, Đường Trường Chinh, Phường Tân Định, Tỉnh Lạng Sơn",3554327157599185
618,Dương Yến,Nữ,1965-10-24,Thành phố Hà Nội,001165927888,0960546143,jane04@gmail.com,"Số 212, Đường Lê Duẩn, Phường Tân Định, Thành phố Hà Nội",3532470523590368
619,Dương Ánh,Nữ,1992-12-27,Thành phố Đà Nẵng,048192048217,0329967353,hoangjohn@gmail.com,"Số 126, Đường Nguyễn Huệ, Phường Hàng Bài, Thành phố Đà Nẵng",213176303450416
620,Bùi Nhiên,Nam,1981-11-28,Tỉnh Ninh Bình,037081971728,0566198425,kbui@gmail.com,"Số 289, Đường Trường Chinh, Phường Dịch Vọng, Tỉnh Ninh Bình",5501943193421595
621,Lê Quang,Nam,1973-07-18,Tỉnh Thanh Hóa,038073708525,0569738285,vujohn@gmail.com,"Số 58, Đường Nguyễn Chí Thanh, Phường An Khánh, Tỉnh Thanh Hóa",341419150181436
622,Lê Vân,Nữ,1988-10-28,Thành phố Đà Nẵng,048188839382,0762160200,ubui@gmail.com,"Số 115, Đường Giải Phóng, Phường An Khánh, Thành phố Đà Nẵng",3541474385900201
623,Mai Ngọc,Nữ,2002-05-06,Tỉnh Tây Ninh,080302155073,0377516128,hvu@gmail.com,"Số 90, Đường Nguyễn Huệ, Phường Thạch Thang, Tỉnh Tây Ninh",4963688954770
624,Hoàng Ánh,Nữ,1966-05-16,Tỉnh Quảng Ninh,022166751558,0581838233,jane19@gmail.com,"Số 179, Đường Đại Cồ Việt, Phường Dịch Vọng, Tỉnh Quảng Ninh",3515221442577130
625,Mai Chi,Nữ,1984-10-14,Tỉnh Gia Lai,052184143699,0974261312,johnmai@gmail.com,"Số 91, Đường Lê Duẩn, Phường Tân Định, Tỉnh Gia Lai",36587562985170
626,Bùi Xuân,Nữ,2004-10-02,Tỉnh Lạng Sơn,020304772486,0520015352,hoangjohn@gmail.com,"Số 270, Đường Hoàng Hoa Thám, Phường An Khánh, Tỉnh Lạng Sơn",3553980737442580
627,Nguyễn Hương,Nữ,1995-09-01,Tỉnh Đồng Tháp,082195501286,0811237719,johnnguyen@gmail.com,"Số 154, Đường Lê Lợi, Phường Tân Định, Tỉnh Đồng Tháp",2249844990289710
628,Dương Trung,Nam,1961-05-05,Tỉnh Tây Ninh,080061947400,0366635848,jane60@gmail.com,"Số 262, Đường Quang Trung, Phường Thạch Thang, Tỉnh Tây Ninh",4513999320951651911
629,Đặng Anh,Nam,1997-06-08,Tỉnh Khánh Hòa,056097436113,0526850562,lejane@gmail.com,"Số 248, Đường Nguyễn Huệ, Phường Lăng Cô, Tỉnh Khánh Hòa",4208763818785730
630,Dương Anh,Nam,1986-05-19,Thành phố Đà Nẵng,048086282792,0856842644,nguyenjohn@gmail.com,"Số 292, Đường Lê Lợi, Phường Lăng Cô, Thành phố Đà Nẵng",2560489641367530
631,Vũ Yến,Nữ,1967-03-25,Tỉnh Gia Lai,052167124464,0799328960,johnnguyen@gmail.com,"Số 65, Đường Nguyễn Trãi, Phường An Khánh, Tỉnh Gia Lai",344982032193819
632,Phạm Lan,Nữ,1971-02-17,Tỉnh Lào Cai,015171541503,0840116877,janehoang@gmail.com,"Số 103, Đường Nguyễn Huệ, Phường Hàng Bài, Tỉnh Lào Cai",6519252278016439
633,Dương Hồng,Nữ,1986-08-13,Tỉnh Vĩnh Long,086186800078,0585805466,johntran@gmail.com,"Số 294, Đường Nguyễn Huệ, Phường An Khánh, Tỉnh Vĩnh Long",6011790640557757
634,Lê Quang,Nam,2002-04-19,Tỉnh Cà Mau,096202138730,0976570893,kvu@gmail.com,"Số 80, Đường Quang Trung, Phường Thạch Thang, Tỉnh Cà Mau",4283586779035953
635,Vũ Hoàng,Nam,1999-08-06,Thành phố Đà Nẵng,048099305687,0383291933,sbui@gmail.com,"Số 157, Đường Nguyễn Huệ, Phường Dịch Vọng, Thành phố Đà Nẵng",4421912837091155
636,Phạm Minh,Nam,1991-06-10,Tỉnh Quảng Ngãi,051091063051,0360082268,evu@gmail.com,"Số 288, Đường Nguyễn Trãi, Phường Dịch Vọng, Tỉnh Quảng Ngãi",2430162472490022
637,Hoàng Phúc,Nam,1973-10-10,Thành phố Đà Nẵng,048073352440,0363153397,janemai@gmail.com,"Số 246, Đường Lê Lợi, Phường Bến Nghé, Thành phố Đà Nẵng",4023715515993655
638,Lê Tú,Nam,1961-02-26,Thành phố Cần Thơ,092061168385,0982834501,ftran@gmail.com,"Số 206, Đường Đại Cồ Việt, Phường Hàng Bài, Thành phố Cần Thơ",180073780324926
639,Hoàng Lan,Nữ,1982-04-01,Thành phố Cần Thơ,092182315041,0357020529,maijane@gmail.com,"Số 37, Đường Lê Duẩn, Phường Bến Nghé, Thành phố Cần Thơ",30278083508412
640,Dương Mai,Nữ,1995-03-21,Thành phố Huế,046195250258,0841884164,xmai@gmail.com,"Số 257, Đường Giải Phóng, Phường Tân Định, Thành phố Huế",341839331099654
641,Hoàng Ánh,Nữ,1976-11-23,Thành phố Huế,046176950628,0859149420,buijane@gmail.com,"Số 163, Đường Phạm Văn Đồng, Phường Tân Định, Thành phố Huế",180020183421882
642,Dương Hoàng,Nam,1977-04-21,Tỉnh Điện Biên,011077417078,0847659403,john12@gmail.com,"Số 31, Đường Quang Trung, Phường Tân Định, Tỉnh Điện Biên",36621329970850
643,Dương Vi,Nữ,1986-09-13,Tỉnh Cà Mau,096186519732,0529423194,janenguyen@gmail.com,"Số 10, Đường Hoàng Hoa Thám, Phường Hàng Bài, Tỉnh Cà Mau",2701647775226174
644,Hoàng Khoa,Nam,1966-07-17,Tỉnh Quảng Trị,044066936272,0848350654,jane75@gmail.com,"Số 262, Đường Lê Duẩn, Phường Tân Định, Tỉnh Quảng Trị",4526989040407174
645,Trần Lan,Nữ,1988-09-21,Tỉnh Vĩnh Long,086188122914,0986990990,vujohn@gmail.com,"Số 131, Đường Trần Hưng Đạo, Phường Thạch Thang, Tỉnh Vĩnh Long",347208930989703
646,Bùi Trung,Nam,1998-09-12,Tỉnh Hà Tĩnh,042098848373,0840090253,jane30@gmail.com,"Số 165, Đường Nguyễn Chí Thanh, Phường Bách Khoa, Tỉnh Hà Tĩnh",4636400046820375
647,Trần Thành,Nam,2008-09-12,Tỉnh Vĩnh Long,086208765197,0846528701,jane35@gmail.com,"Số 200, Đường Nguyễn Huệ, Phường Thạch Thang, Tỉnh Vĩnh Long",3568265548353769
648,Vũ Nam,Nam,1990-05-06,Tỉnh Cao Bằng,004090748014,0780453217,john23@gmail.com,"Số 157, Đường Đại Cồ Việt, Phường Bách Khoa, Tỉnh Cao Bằng",4361315312843639437
649,Lê Trọng,Nam,2002-08-31,Thành phố Hồ Chí Minh,079202795858,0823553001,kbui@gmail.com,"Số 37, Đường Trần Hưng Đạo, Phường Thạch Thang, Thành phố Hồ Chí Minh",4780031740254
650,Bùi Quang,Nam,1961-03-28,Tỉnh Nghệ An,040061578795,0985877099,janevu@gmail.com,"Số 251, Đường Hai Bà Trưng, Phường Thạch Thang, Tỉnh Nghệ An",30074829242345
651,Vũ Mai,Nữ,1998-01-28,Tỉnh Khánh Hòa,056198122078,0581989946,ybui@gmail.com,"Số 235, Đường Phạm Văn Đồng, Phường Hàng Bài, Tỉnh Khánh Hòa",4002449329566839
652,Mai Vân,Nữ,1967-01-24,Tỉnh Lâm Đồng,068167749036,0768207006,pmai@gmail.com,"Số 114, Đường Giải Phóng, Phường Bách Khoa, Tỉnh Lâm Đồng",213151697625840
653,Bùi Xuân,Nữ,1993-10-07,Thành phố Hà Nội,001193557338,0392584613,enguyen@gmail.com,"Số 149, Đường Cầu Giấy, Phường Bách Khoa, Thành phố Hà Nội",3534428576233839
654,Dương Tùng,Nam,1975-11-26,Tỉnh Thái Nguyên,019075052911,0850251017,janevu@gmail.com,"Số 262, Đường Trường Chinh, Phường Hàng Bài, Tỉnh Thái Nguyên",4393401623858260
655,Vũ Linh,Nữ,1962-03-09,Tỉnh Quảng Ninh,022162242277,0815822224,vujohn@gmail.com,"Số 133, Đường Nguyễn Trãi, Phường Tân Định, Tỉnh Quảng Ninh",180007030713942
656,Nguyễn Huy,Nam,2004-10-05,Tỉnh Hưng Yên,033204445220,0905750304,apham@gmail.com,"Số 233, Đường Hai Bà Trưng, Phường Lăng Cô, Tỉnh Hưng Yên",6554418423743906
657,Vũ Huy,Nam,1962-10-12,Tỉnh Tây Ninh,080062816158,0888428737,vujane@gmail.com,"Số 287, Đường Cầu Giấy, Phường Bách Khoa, Tỉnh Tây Ninh",2271002985988132
658,Lê Dương,Nữ,2000-02-16,Tỉnh Khánh Hòa,056300200660,0788459406,jane94@gmail.com,"Số 83, Đường Quang Trung, Phường Bách Khoa, Tỉnh Khánh Hòa",4459969100077682806
659,Mai Khoa,Nam,2002-06-04,Tỉnh Đồng Nai,075202431924,0563180681,maijane@gmail.com,"Số 52, Đường Hai Bà Trưng, Phường Thạch Thang, Tỉnh Đồng Nai",3501814094610963
660,Lê Vũ,Nam,1993-03-29,Tỉnh Tuyên Quang,008093476627,0566578499,duongjane@gmail.com,"Số 202, Đường Trần Hưng Đạo, Phường Lăng Cô, Tỉnh Tuyên Quang",4377445103862682690
661,Phạm Trung,Nam,1964-07-27,Tỉnh Quảng Ninh,022064492995,0372479037,johndang@gmail.com,"Số 67, Đường Quang Trung, Phường Hàng Bài, Tỉnh Quảng Ninh",30192144282323
662,Phạm Lan,Nữ,1998-09-29,Tỉnh Sơn La,014198912307,0922972540,duongjohn@gmail.com,"Số 64, Đường Nguyễn Chí Thanh, Phường Lăng Cô, Tỉnh Sơn La",30305115674365
663,Lê Trọng,Nam,2002-12-24,Tỉnh Nghệ An,040202707759,0943032368,jane97@gmail.com,"Số 28, Đường Hai Bà Trưng, Phường Hàng Bài, Tỉnh Nghệ An",676189279729
664,Đặng Duyên,Nữ,1989-02-06,Tỉnh Bắc Ninh,024189881588,0853441593,janevu@gmail.com,"Số 252, Đường Phạm Văn Đồng, Phường Dịch Vọng, Tỉnh Bắc Ninh",4861142259947893
665,Nguyễn Xuân,Nữ,1979-10-11,Tỉnh Tây Ninh,080179798390,0321456328,phamjohn@gmail.com,"Số 117, Đường Cầu Giấy, Phường Bách Khoa, Tỉnh Tây Ninh",3569071537533737
666,Mai Châu,Nam,1997-10-25,Tỉnh Lai Châu,012097509782,0342973013,janevu@gmail.com,"Số 133, Đường Giải Phóng, Phường Bách Khoa, Tỉnh Lai Châu",3580638201096806
667,Lê Quang,Nam,1986-06-17,Tỉnh An Giang,091086362733,0709036381,ele@gmail.com,"Số 2, Đường Giải Phóng, Phường Dịch Vọng, Tỉnh An Giang",3500473921254486
668,Lê Ngọc,Nữ,1988-11-13,Tỉnh Cao Bằng,004188269306,0521279062,johnnguyen@gmail.com,"Số 13, Đường Nguyễn Huệ, Phường Dịch Vọng, Tỉnh Cao Bằng",2399446336960257
669,Bùi Trọng,Nam,1987-03-09,Tỉnh Thanh Hóa,038087316493,0396988210,zmai@gmail.com,"Số 152, Đường Trần Hưng Đạo, Phường An Khánh, Tỉnh Thanh Hóa",060421924840
670,Dương Lan,Nữ,1984-01-06,Tỉnh Điện Biên,011184294897,0939718673,johnduong@gmail.com,"Số 274, Đường Lê Lợi, Phường Bách Khoa, Tỉnh Điện Biên",4700730844933327305
671,Nguyễn Hồng,Nữ,1966-04-15,Tỉnh Gia Lai,052166920205,0927932047,john07@gmail.com,"Số 142, Đường Đại Cồ Việt, Phường Thạch Thang, Tỉnh Gia Lai",4605470977537622401
672,Dương Ngọc,Nữ,1993-04-21,Tỉnh Thái Nguyên,019193695623,0349806887,janeduong@gmail.com,"Số 73, Đường Lê Duẩn, Phường An Khánh, Tỉnh Thái Nguyên",503805341172
673,Nguyễn Minh,Nam,1993-04-09,Tỉnh Đồng Tháp,082093963061,0884491685,qvu@gmail.com,"Số 17, Đường Hoàng Hoa Thám, Phường Bến Nghé, Tỉnh Đồng Tháp",213103075738828
674,Phạm Xuân,Nữ,1996-08-11,Tỉnh Quảng Ngãi,051196154754,0362286618,tranjane@gmail.com,"Số 263, Đường Nguyễn Huệ, Phường Hàng Bài, Tỉnh Quảng Ngãi",6011603232937917
675,Nguyễn Khoa,Nam,1984-06-01,Tỉnh Vĩnh Long,086084541492,0964865970,jane63@gmail.com,"Số 212, Đường Nguyễn Trãi, Phường Bến Nghé, Tỉnh Vĩnh Long",4328895740075
676,Vũ Thành,Nam,1962-01-03,Tỉnh Khánh Hòa,056062224216,0825495464,duongjohn@gmail.com,"Số 272, Đường Trường Chinh, Phường Dịch Vọng, Tỉnh Khánh Hòa",213121328631897
677,Trần Thảo,Nữ,1985-12-29,Tỉnh Tây Ninh,080185802467,0337210438,john24@gmail.com,"Số 174, Đường Hai Bà Trưng, Phường Lăng Cô, Tỉnh Tây Ninh",4828625357348552
678,Dương Minh,Nam,2000-11-15,Tỉnh Bắc Ninh,024200379427,0976795982,jane03@gmail.com,"Số 218, Đường Nguyễn Huệ, Phường An Khánh, Tỉnh Bắc Ninh",38501334954156
679,Nguyễn Thảo,Nữ,1972-10-27,Tỉnh Vĩnh Long,086172335081,0840713707,tbui@gmail.com,"Số 161, Đường Nguyễn Trãi, Phường Dịch Vọng, Tỉnh Vĩnh Long",639057708617
680,Mai Trung,Nam,2004-03-27,Tỉnh Điện Biên,011204078933,0934219640,phamjane@gmail.com,"Số 166, Đường Trường Chinh, Phường An Khánh, Tỉnh Điện Biên",4157407992619452
681,Lê Quang,Nam,1962-03-30,Tỉnh Nghệ An,040062587229,0927975786,lhoang@gmail.com,"Số 79, Đường Cầu Giấy, Phường Tân Định, Tỉnh Nghệ An",213112122051333
682,Vũ Xuân,Nữ,1986-10-06,Tỉnh Phú Thọ,025186420412,0363214295,phamjane@gmail.com,"Số 137, Đường Nguyễn Chí Thanh, Phường Lăng Cô, Tỉnh Phú Thọ",5328498381694389
683,Trần Hồng,Nữ,1975-08-23,Tỉnh Đắc Lắc,066175874074,0390031134,vujohn@gmail.com,"Số 271, Đường Nguyễn Huệ, Phường Tân Định, Tỉnh Đắc Lắc",3580193335381039
684,Nguyễn Yến,Nữ,1991-12-30,Tỉnh Cà Mau,096191606498,0880754592,johntran@gmail.com,"Số 165, Đường Hoàng Hoa Thám, Phường Dịch Vọng, Tỉnh Cà Mau",4154756559477115
685,Trần Mai,Nữ,1982-12-09,Tỉnh Tuyên Quang,008182394772,0326988054,wnguyen@gmail.com,"Số 189, Đường Phạm Văn Đồng, Phường Hàng Bài, Tỉnh Tuyên Quang",4039216009867127842
686,Đặng Vân,Nữ,1967-12-22,Tỉnh Lai Châu,012167863758,0565490365,jtran@gmail.com,"Số 166, Đường Hoàng Hoa Thám, Phường Bến Nghé, Tỉnh Lai Châu",2239006393230863
687,Dương Nam,Nam,1974-08-09,Tỉnh Quảng Trị,044074969158,0364763840,john58@gmail.com,"Số 12, Đường Nguyễn Chí Thanh, Phường Thạch Thang, Tỉnh Quảng Trị",372018387333398
688,Trần Chi,Nữ,1970-07-21,Tỉnh Hà Tĩnh,042170354483,0585556344,maijane@gmail.com,"Số 204, Đường Giải Phóng, Phường Lăng Cô, Tỉnh Hà Tĩnh",3552533591253410
689,Lê Dũng,Nam,1998-07-12,Tỉnh Phú Thọ,025098787499,0882598853,jane98@gmail.com,"Số 152, Đường Nguyễn Trãi, Phường Thạch Thang, Tỉnh Phú Thọ",4219405812134
690,Nguyễn Khoa,Nam,1992-11-25,Tỉnh Cao Bằng,004092376405,0523172031,tranjohn@gmail.com,"Số 190, Đường Lê Duẩn, Phường Bến Nghé, Tỉnh Cao Bằng",3515862496660585
691,Dương Tùng,Nam,2002-05-31,Tỉnh Quảng Ngãi,051202256919,0347435486,janenguyen@gmail.com,"Số 142, Đường Nguyễn Trãi, Phường Thạch Thang, Tỉnh Quảng Ngãi",340915464390002
692,Vũ Ngọc,Nữ,1971-08-04,Tỉnh Lào Cai,015171255204,0588568379,tranjane@gmail.com,"Số 215, Đường Quang Trung, Phường Tân Định, Tỉnh Lào Cai",6564516252434808
693,Nguyễn Hoàng,Nam,1965-05-06,Tỉnh Đắc Lắc,066065338181,0328722364,johnle@gmail.com,"Số 64, Đường Đại Cồ Việt, Phường Bách Khoa, Tỉnh Đắc Lắc",4322681369702
694,Bùi Anh,Nam,1979-10-03,Tỉnh Gia Lai,052079484435,0816740288,janeduong@gmail.com,"Số 143, Đường Phạm Văn Đồng, Phường Thạch Thang, Tỉnh Gia Lai",4912808205807931
695,Lê Châu,Nam,1991-07-30,Thành phố Hà Nội,001091872048,0839070549,tranjane@gmail.com,"Số 124, Đường Đại Cồ Việt, Phường Dịch Vọng, Thành phố Hà Nội",4167618938372505
696,Vũ Dũng,Nam,1994-05-28,Tỉnh Thanh Hóa,038094891153,0703471433,jane09@gmail.com,"Số 104, Đường Cầu Giấy, Phường Dịch Vọng, Tỉnh Thanh Hóa",3527460239791928
697,Phạm Huy,Nam,1983-01-04,Thành phố Cần Thơ,092083394584,0947094606,phamjane@gmail.com,"Số 129, Đường Cầu Giấy, Phường An Khánh, Thành phố Cần Thơ",349719846404999
698,Vũ Dũng,Nam,1976-07-14,Tỉnh Quảng Ninh,022076204068,0377367284,janemai@gmail.com,"Số 102, Đường Hai Bà Trưng, Phường Tân Định, Tỉnh Quảng Ninh",4512816266849035
699,Đặng Nhiên,Nam,1972-05-08,Tỉnh Cà Mau,096072711959,0366424265,john24@gmail.com,"Số 299, Đường Đại Cồ Việt, Phường Tân Định, Tỉnh Cà Mau",2238757997754135
700,Bùi Mai,Nữ,1994-09-30,Tỉnh Bắc Ninh,024194028701,0385843117,john69@gmail.com,"Số 215, Đường Nguyễn Huệ, Phường Tân Định, Tỉnh Bắc Ninh",6569704348291110
701,Vũ Khoa,Nam,1996-10-03,Tỉnh Vĩnh Long,086096205255,0396768676,tranjohn@gmail.com,"Số 86, Đường Phạm Văn Đồng, Phường Hàng Bài, Tỉnh Vĩnh Long",2250698677772919
702,Đặng Chi,Nữ,2000-02-11,Tỉnh Thái Nguyên,019300929441,0981264297,jane59@gmail.com,"Số 95, Đường Phạm Văn Đồng, Phường Dịch Vọng, Tỉnh Thái Nguyên",3561021118100842
703,Hoàng Hồng,Nữ,1981-10-02,Tỉnh An Giang,091181317374,0567564777,jane72@gmail.com,"Số 37, Đường Lê Lợi, Phường An Khánh, Tỉnh An Giang",4669277418136435680
704,Nguyễn Chi,Nữ,2007-06-25,Thành phố Hà Nội,001307672249,0787910458,bvu@gmail.com,"Số 92, Đường Nguyễn Trãi, Phường Bến Nghé, Thành phố Hà Nội",4455554280313394
705,Dương Trọng,Nam,1997-06-19,Tỉnh Phú Thọ,025097491993,0838773657,dangjohn@gmail.com,"Số 262, Đường Đại Cồ Việt, Phường Hàng Bài, Tỉnh Phú Thọ",6011666370148357
706,Bùi Thảo,Nữ,1967-05-20,Tỉnh Tây Ninh,080167448220,0866614347,fdang@gmail.com,"Số 207, Đường Cầu Giấy, Phường Hàng Bài, Tỉnh Tây Ninh",3534465369831734
707,Mai Nam,Nam,1992-01-09,Tỉnh Thanh Hóa,038092039463,0852733994,john19@gmail.com,"Số 293, Đường Trường Chinh, Phường Bách Khoa, Tỉnh Thanh Hóa",4912709507620
708,Phạm Dũng,Nam,1990-12-20,Tỉnh Vĩnh Long,086090661752,0562997154,nguyenjohn@gmail.com,"Số 183, Đường Nguyễn Chí Thanh, Phường Thạch Thang, Tỉnh Vĩnh Long",3552792756985584
709,Hoàng Hồng,Nữ,1994-02-10,Tỉnh Hưng Yên,033194947298,0825199313,lpham@gmail.com,"Số 97, Đường Lê Lợi, Phường Thạch Thang, Tỉnh Hưng Yên",060435813260
710,Hoàng Minh,Nam,1975-01-11,Tỉnh Khánh Hòa,056075378691,0760879221,buijohn@gmail.com,"Số 114, Đường Cầu Giấy, Phường Dịch Vọng, Tỉnh Khánh Hòa",3572478213251283
711,Vũ Ngọc,Nữ,1982-04-09,Tỉnh Tây Ninh,080182707189,0775685592,jane80@gmail.com,"Số 250, Đường Giải Phóng, Phường Thạch Thang, Tỉnh Tây Ninh",4745222719689882820
712,Lê Huy,Nam,1978-12-31,Tỉnh Gia Lai,052078512917,0946090163,lejohn@gmail.com,"Số 68, Đường Đại Cồ Việt, Phường An Khánh, Tỉnh Gia Lai",4041591402018387
713,Mai Vũ,Nam,1980-12-06,Tỉnh Sơn La,014080090726,0886118782,jane13@gmail.com,"Số 73, Đường Nguyễn Huệ, Phường Bến Nghé, Tỉnh Sơn La",4283448247716
714,Trần Duyên,Nữ,1998-01-07,Tỉnh Quảng Ninh,022198105027,0389849158,dangjohn@gmail.com,"Số 238, Đường Phạm Văn Đồng, Phường Dịch Vọng, Tỉnh Quảng Ninh",30142740968437
715,Mai Hương,Nữ,2008-03-18,Thành phố Hồ Chí Minh,079308205645,0811663554,jane85@gmail.com,"Số 150, Đường Trần Hưng Đạo, Phường Thạch Thang, Thành phố Hồ Chí Minh",501862468086
716,Lê Chi,Nữ,1989-12-09,Tỉnh An Giang,091189406590,0857039275,buijohn@gmail.com,"Số 224, Đường Phạm Văn Đồng, Phường Hàng Bài, Tỉnh An Giang",6526921278070221
717,Dương Dương,Nữ,1977-01-31,Tỉnh Ninh Bình,037177373779,0841567235,johnbui@gmail.com,"Số 223, Đường Phạm Văn Đồng, Phường Hàng Bài, Tỉnh Ninh Bình",3523762287983008
718,Phạm Dũng,Nam,1996-10-31,Thành phố Đà Nẵng,048096347121,0832765033,john56@gmail.com,"Số 121, Đường Phạm Văn Đồng, Phường Tân Định, Thành phố Đà Nẵng",3566648513904090
719,Bùi Lan,Nữ,1961-12-06,Tỉnh Bắc Ninh,024161230459,0348974701,abui@gmail.com,"Số 23, Đường Lê Duẩn, Phường An Khánh, Tỉnh Bắc Ninh",3564598329682863
720,Vũ Bảo,Nam,2004-08-05,Tỉnh Thái Nguyên,019204821929,0983704204,janehoang@gmail.com,"Số 212, Đường Quang Trung, Phường Bến Nghé, Tỉnh Thái Nguyên",340777259920447
721,Bùi Hương,Nữ,1974-03-28,Tỉnh An Giang,091174915134,0895917987,john05@gmail.com,"Số 110, Đường Quang Trung, Phường Bách Khoa, Tỉnh An Giang",341798068681318
722,Hoàng Thành,Nam,1961-06-13,Tỉnh Khánh Hòa,056061208376,0336066979,johnvu@gmail.com,"Số 166, Đường Hai Bà Trưng, Phường Bến Nghé, Tỉnh Khánh Hòa",5533222140436689
723,Đặng Tú,Nam,1995-04-04,Tỉnh Đồng Nai,075095141648,0936970683,john34@gmail.com,"Số 89, Đường Nguyễn Huệ, Phường Bách Khoa, Tỉnh Đồng Nai",213164989805137
724,Vũ Lan,Nữ,1993-06-17,Tỉnh Bắc Ninh,024193383819,0912801594,cnguyen@gmail.com,"Số 287, Đường Đại Cồ Việt, Phường An Khánh, Tỉnh Bắc Ninh",6541958504360506
725,Vũ Phúc,Nam,1961-03-23,Tỉnh Hà Tĩnh,042061213305,0969380242,thoang@gmail.com,"Số 105, Đường Hai Bà Trưng, Phường Bách Khoa, Tỉnh Hà Tĩnh",3505106058806414
726,Trần Thành,Nam,1966-04-01,Tỉnh Vĩnh Long,086066007471,0349512031,gbui@gmail.com,"Số 250, Đường Hai Bà Trưng, Phường Dịch Vọng, Tỉnh Vĩnh Long",4881763610788
727,Nguyễn Huy,Nam,1965-03-02,Tỉnh Quảng Ninh,022065117619,0786343511,johnle@gmail.com,"Số 44, Đường Quang Trung, Phường Thạch Thang, Tỉnh Quảng Ninh",676220571514
728,Lê Thành,Nam,1981-02-03,Tỉnh Gia Lai,052081384735,0358664626,john17@gmail.com,"Số 221, Đường Lê Duẩn, Phường Tân Định, Tỉnh Gia Lai",6011653057241945
729,Trần Xuân,Nữ,1980-01-11,Tỉnh Quảng Ninh,022180296414,0937310439,janepham@gmail.com,"Số 102, Đường Nguyễn Huệ, Phường An Khánh, Tỉnh Quảng Ninh",345509812461600
730,Vũ Ngọc,Nữ,1976-01-24,Tỉnh Cà Mau,096176091957,0336571102,jane01@gmail.com,"Số 203, Đường Hai Bà Trưng, Phường Lăng Cô, Tỉnh Cà Mau",4209055703568
731,Lê Lan,Nữ,1972-06-28,Tỉnh Lạng Sơn,020172813294,0361383911,janeduong@gmail.com,"Số 290, Đường Nguyễn Huệ, Phường Tân Định, Tỉnh Lạng Sơn",30409713503271
732,Bùi Ngọc,Nữ,2002-04-25,Thành phố Cần Thơ,092302466678,0947981571,john65@gmail.com,"Số 276, Đường Nguyễn Trãi, Phường Bách Khoa, Thành phố Cần Thơ",4122855660016162161
733,Vũ Dương,Nữ,1979-09-15,Tỉnh Khánh Hòa,056179883680,0370483404,janeduong@gmail.com,"Số 241, Đường Nguyễn Huệ, Phường Dịch Vọng, Tỉnh Khánh Hòa",503819108278
734,Vũ Vũ,Nam,1978-01-08,Tỉnh Đồng Tháp,082078070255,0332128125,vujane@gmail.com,"Số 194, Đường Trường Chinh, Phường Bách Khoa, Tỉnh Đồng Tháp",180095818939078
735,Phạm Dương,Nữ,1998-04-26,Tỉnh Quảng Trị,044198246009,0865440041,pdang@gmail.com,"Số 219, Đường Lê Duẩn, Phường Dịch Vọng, Tỉnh Quảng Trị",4966526441607528
736,Mai Chi,Nữ,1988-01-16,Tỉnh Hưng Yên,033188470998,0764666448,dangjohn@gmail.com,"Số 222, Đường Hoàng Hoa Thám, Phường Thạch Thang, Tỉnh Hưng Yên",3514724799684434
737,Vũ Vi,Nữ,1977-09-17,Tỉnh Đồng Tháp,082177373955,0356021035,lejane@gmail.com,"Số 116, Đường Đại Cồ Việt, Phường Bách Khoa, Tỉnh Đồng Tháp",379130535769192
738,Hoàng Hoàng,Nam,1989-12-09,Tỉnh Khánh Hòa,056089856646,0888753382,johndang@gmail.com,"Số 15, Đường Cầu Giấy, Phường Bến Nghé, Tỉnh Khánh Hòa",2264764423089513
739,Vũ Ngọc,Nữ,1996-01-23,Tỉnh Tây Ninh,080196607785,0524631740,dvu@gmail.com,"Số 102, Đường Trường Chinh, Phường Dịch Vọng, Tỉnh Tây Ninh",4222380806377370
740,Hoàng Vi,Nữ,1991-01-10,Tỉnh Quảng Trị,044191227129,0828920301,janetran@gmail.com,"Số 285, Đường Trường Chinh, Phường Bến Nghé, Tỉnh Quảng Trị",180023969847239
741,Phạm Tú,Nam,1997-05-24,Tỉnh Bắc Ninh,024097890119,0918888659,janebui@gmail.com,"Số 182, Đường Cầu Giấy, Phường Bách Khoa, Tỉnh Bắc Ninh",30237899326658
742,Dương Ngọc,Nữ,1982-12-23,Tỉnh Đồng Nai,075182098054,0347088293,tranjohn@gmail.com,"Số 19, Đường Nguyễn Chí Thanh, Phường Bến Nghé, Tỉnh Đồng Nai",4851581466496107
743,Vũ Quang,Nam,1987-12-15,Tỉnh Tây Ninh,080087563474,0584561963,jane51@gmail.com,"Số 295, Đường Phạm Văn Đồng, Phường Dịch Vọng, Tỉnh Tây Ninh",4590363365023506
744,Hoàng Minh,Nam,1974-08-27,Tỉnh Bắc Ninh,024074843348,0846418656,duongjohn@gmail.com,"Số 288, Đường Phạm Văn Đồng, Phường Bách Khoa, Tỉnh Bắc Ninh",3542630563319410
745,Dương Ngọc,Nữ,1966-10-04,Tỉnh Gia Lai,052166888974,0762600604,janele@gmail.com,"Số 213, Đường Nguyễn Huệ, Phường Tân Định, Tỉnh Gia Lai",4351565832855558546
746,Trần Hưng,Nam,2004-08-11,Tỉnh Khánh Hòa,056204058249,0791870629,nguyenjane@gmail.com,"Số 46, Đường Trần Hưng Đạo, Phường An Khánh, Tỉnh Khánh Hòa",349085860596858
747,Bùi Linh,Nữ,1992-08-27,Tỉnh Phú Thọ,025192621246,0389799618,wduong@gmail.com,"Số 137, Đường Cầu Giấy, Phường Tân Định, Tỉnh Phú Thọ",502072962975
748,Bùi Chi,Nữ,1994-11-11,Tỉnh Gia Lai,052194766886,0562975318,john75@gmail.com,"Số 241, Đường Lê Lợi, Phường Bách Khoa, Tỉnh Gia Lai",4594961650129934136
749,Lê Lan,Nữ,2002-10-05,Thành phố Hà Nội,001302483315,0790887430,john07@gmail.com,"Số 251, Đường Giải Phóng, Phường Dịch Vọng, Thành phố Hà Nội",584295657319
750,Mai Hương,Nữ,2002-08-08,Tỉnh Bắc Ninh,024302817467,0897980846,jane07@gmail.com,"Số 123, Đường Trần Hưng Đạo, Phường Hàng Bài, Tỉnh Bắc Ninh",376586744564372
751,Trần Hồng,Nữ,1970-10-30,Tỉnh Phú Thọ,025170195522,0924728056,johnvu@gmail.com,"Số 46, Đường Phạm Văn Đồng, Phường Bến Nghé, Tỉnh Phú Thọ",4500915229103
752,Hoàng Phúc,Nam,1980-11-04,Tỉnh Bắc Ninh,024080148735,0817067635,john52@gmail.com,"Số 198, Đường Nguyễn Chí Thanh, Phường An Khánh, Tỉnh Bắc Ninh",4803374285305
753,Bùi Dương,Nữ,1993-02-06,Tỉnh Tuyên Quang,008193625096,0396830529,johnle@gmail.com,"Số 68, Đường Nguyễn Huệ, Phường An Khánh, Tỉnh Tuyên Quang",2715739788858582
754,Phạm Thảo,Nữ,1991-02-26,Tỉnh Quảng Trị,044191528112,0861826618,jane78@gmail.com,"Số 65, Đường Nguyễn Trãi, Phường Thạch Thang, Tỉnh Quảng Trị",3550085015359499
755,Phạm Bảo,Nam,1990-11-08,Thành phố Hồ Chí Minh,079090300788,0912780568,janetran@gmail.com,"Số 216, Đường Hoàng Hoa Thám, Phường Tân Định, Thành phố Hồ Chí Minh",30409369532467
756,Hoàng Duyên,Nữ,1986-11-25,Tỉnh Lai Châu,012186159503,0829951482,vujane@gmail.com,"Số 212, Đường Phạm Văn Đồng, Phường Bách Khoa, Tỉnh Lai Châu",4685157046421339563
757,Nguyễn Linh,Nữ,1966-07-30,Tỉnh Vĩnh Long,086166425208,0961345949,maijane@gmail.com,"Số 121, Đường Nguyễn Trãi, Phường Dịch Vọng, Tỉnh Vĩnh Long",4036840944468411
758,Vũ Vi,Nữ,1994-03-18,Tỉnh Điện Biên,011194347218,0778309097,johnle@gmail.com,"Số 263, Đường Quang Trung, Phường Hàng Bài, Tỉnh Điện Biên",4823806885464
759,Phạm Hưng,Nam,1976-07-11,Tỉnh Quảng Trị,044076291326,0788058722,buijohn@gmail.com,"Số 50, Đường Hoàng Hoa Thám, Phường Bách Khoa, Tỉnh Quảng Trị",213104761561326
760,Bùi Lan,Nữ,1967-03-27,Tỉnh Lào Cai,015167686542,0772978133,john19@gmail.com,"Số 253, Đường Trần Hưng Đạo, Phường An Khánh, Tỉnh Lào Cai",36979949667417
761,Đặng Nam,Nam,1967-01-23,Tỉnh Ninh Bình,037067016128,0882710313,johnvu@gmail.com,"Số 218, Đường Nguyễn Chí Thanh, Phường An Khánh, Tỉnh Ninh Bình",4995124365197661
762,Dương Thảo,Nữ,1965-10-11,Thành phố Cần Thơ,092165762512,0380451499,jane63@gmail.com,"Số 111, Đường Nguyễn Huệ, Phường An Khánh, Thành phố Cần Thơ",6545216944088757
763,Hoàng Dũng,Nam,1977-12-09,Tỉnh Tây Ninh,080077370012,0974096439,janenguyen@gmail.com,"Số 105, Đường Cầu Giấy, Phường Dịch Vọng, Tỉnh Tây Ninh",4104703703865903103
764,Hoàng Thảo,Nữ,1997-04-30,Tỉnh Đắc Lắc,066197265367,0923702986,vujane@gmail.com,"Số 108, Đường Quang Trung, Phường An Khánh, Tỉnh Đắc Lắc",3576341708282955
765,Bùi Chi,Nữ,1980-08-07,Tỉnh Hưng Yên,033180915958,0350724842,john39@gmail.com,"Số 139, Đường Đại Cồ Việt, Phường Lăng Cô, Tỉnh Hưng Yên",4289556752392246
766,Nguyễn Linh,Nữ,2002-08-31,Thành phố Hà Nội,001302289335,0924590659,knguyen@gmail.com,"Số 259, Đường Lê Lợi, Phường Tân Định, Thành phố Hà Nội",560498144719
767,Bùi Hồng,Nữ,1984-02-16,Thành phố Đà Nẵng,048184506236,0923286616,ddang@gmail.com,"Số 29, Đường Quang Trung, Phường Thạch Thang, Thành phố Đà Nẵng",3560912783697008
768,Phạm Vũ,Nam,1977-09-18,Tỉnh Sơn La,014077547942,0391483174,jane08@gmail.com,"Số 34, Đường Đại Cồ Việt, Phường Thạch Thang, Tỉnh Sơn La",4824004172937
769,Trần Thành,Nam,1980-02-09,Thành phố Đà Nẵng,048080798429,0376876148,johnpham@gmail.com,"Số 193, Đường Giải Phóng, Phường Tân Định, Thành phố Đà Nẵng",3577317999073393
770,Hoàng Xuân,Nữ,1962-04-02,Tỉnh Thanh Hóa,038162812911,0836395233,john09@gmail.com,"Số 168, Đường Cầu Giấy, Phường Bách Khoa, Tỉnh Thanh Hóa",4091009212516788368
771,Phạm Quang,Nam,1998-04-30,Tỉnh Tuyên Quang,008098712634,0788564938,john86@gmail.com,"Số 215, Đường Giải Phóng, Phường Hàng Bài, Tỉnh Tuyên Quang",30247303978036
772,Hoàng Chi,Nữ,1965-12-04,Tỉnh Khánh Hòa,056165885096,0376998606,evu@gmail.com,"Số 227, Đường Đại Cồ Việt, Phường Thạch Thang, Tỉnh Khánh Hòa",639040314929
773,Dương Thành,Nam,1971-08-07,Tỉnh An Giang,091071316801,0392208095,johnbui@gmail.com,"Số 258, Đường Lê Duẩn, Phường Bách Khoa, Tỉnh An Giang",570720340316
774,Bùi Vân,Nữ,1963-04-06,Tỉnh Tuyên Quang,008163098443,0927976373,janepham@gmail.com,"Số 293, Đường Lê Duẩn, Phường Bến Nghé, Tỉnh Tuyên Quang",30322051352039
775,Vũ Phúc,Nam,1986-08-08,Tỉnh Lạng Sơn,020086049153,0985686367,johnmai@gmail.com,"Số 54, Đường Trường Chinh, Phường Bến Nghé, Tỉnh Lạng Sơn",30091056059002
776,Phạm Trọng,Nam,1963-01-04,Tỉnh Quảng Ngãi,051063220961,0528476018,johnhoang@gmail.com,"Số 49, Đường Hai Bà Trưng, Phường Thạch Thang, Tỉnh Quảng Ngãi",3543364608620736
777,Bùi Ngọc,Nữ,2004-02-24,Tỉnh Lâm Đồng,068304947727,0964685458,john42@gmail.com,"Số 156, Đường Cầu Giấy, Phường An Khánh, Tỉnh Lâm Đồng",3529059459308864
778,Lê Minh,Nam,1993-03-12,Thành phố Hồ Chí Minh,079093184617,0767779207,janeduong@gmail.com,"Số 33, Đường Phạm Văn Đồng, Phường Lăng Cô, Thành phố Hồ Chí Minh",213108265711295
779,Vũ Hưng,Nam,1983-03-16,Tỉnh Đồng Nai,075083202154,0760457295,john84@gmail.com,"Số 239, Đường Nguyễn Chí Thanh, Phường Hàng Bài, Tỉnh Đồng Nai",4409620768947032695
780,Hoàng Chi,Nữ,1991-01-31,Tỉnh Vĩnh Long,086191405034,0791214006,kmai@gmail.com,"Số 193, Đường Hoàng Hoa Thám, Phường Dịch Vọng, Tỉnh Vĩnh Long",2714658075886158
781,Hoàng Duyên,Nữ,1980-02-27,Tỉnh Nghệ An,040180859740,0965097078,johnmai@gmail.com,"Số 97, Đường Nguyễn Trãi, Phường Lăng Cô, Tỉnh Nghệ An",5453578451079269
782,Trần Thành,Nam,2005-01-21,Thành phố Đà Nẵng,048205904372,0588831328,janedang@gmail.com,"Số 67, Đường Quang Trung, Phường Tân Định, Thành phố Đà Nẵng",342263865492285
783,Dương Quang,Nam,1990-08-05,Tỉnh An Giang,091090506151,0967200853,bnguyen@gmail.com,"Số 14, Đường Nguyễn Trãi, Phường Thạch Thang, Tỉnh An Giang",3503222922414038
784,Lê Ngọc,Nữ,2006-01-30,Tỉnh Vĩnh Long,086306699744,0376335674,john17@gmail.com,"Số 85, Đường Lê Duẩn, Phường Lăng Cô, Tỉnh Vĩnh Long",3518471549853572
785,Vũ Trung,Nam,1997-04-21,Thành phố Hà Nội,001097174637,0396317492,jbui@gmail.com,"Số 54, Đường Nguyễn Trãi, Phường Dịch Vọng, Thành phố Hà Nội",4380245846805949438
786,Dương Huy,Nam,1968-10-31,Tỉnh Gia Lai,052068621181,0852257445,zpham@gmail.com,"Số 89, Đường Giải Phóng, Phường Bách Khoa, Tỉnh Gia Lai",4680129044351654
787,Phạm Hồng,Nữ,1989-09-14,Tỉnh Điện Biên,011189144987,0373085042,lejane@gmail.com,"Số 81, Đường Hai Bà Trưng, Phường Tân Định, Tỉnh Điện Biên",4337961837440378
788,Lê Trọng,Nam,2001-04-11,Tỉnh Nghệ An,040201083300,0855629899,enguyen@gmail.com,"Số 85, Đường Lê Lợi, Phường Hàng Bài, Tỉnh Nghệ An",376365539441181
789,Hoàng Minh,Nam,1985-01-09,Tỉnh Cao Bằng,004085206729,0861697167,vujohn@gmail.com,"Số 183, Đường Nguyễn Chí Thanh, Phường Hàng Bài, Tỉnh Cao Bằng",6011763889707144
790,Dương Vi,Nữ,1992-03-22,Tỉnh Sơn La,014192154068,0788949684,jane21@gmail.com,"Số 15, Đường Quang Trung, Phường Tân Định, Tỉnh Sơn La",6551482024897043
791,Vũ Lan,Nữ,1973-03-14,Tỉnh Điện Biên,011173895865,0369171879,janeduong@gmail.com,"Số 32, Đường Hai Bà Trưng, Phường Hàng Bài, Tỉnh Điện Biên",4162887493235481
792,Dương Trọng,Nam,1999-12-30,Thành phố Hồ Chí Minh,079099495084,0976272716,maijane@gmail.com,"Số 289, Đường Nguyễn Chí Thanh, Phường An Khánh, Thành phố Hồ Chí Minh",4097725306511930
793,Nguyễn Quang,Nam,1980-03-26,Tỉnh Sơn La,014080568980,0786087814,nguyenjohn@gmail.com,"Số 123, Đường Đại Cồ Việt, Phường Thạch Thang, Tỉnh Sơn La",4686847886675323266
794,Lê Thảo,Nữ,1988-09-04,Tỉnh Lâm Đồng,068188990473,0983022708,jtran@gmail.com,"Số 205, Đường Trường Chinh, Phường Bến Nghé, Tỉnh Lâm Đồng",4277808507228595
795,Mai Nam,Nam,1980-09-23,Tỉnh Điện Biên,011080600030,0374110250,bmai@gmail.com,"Số 64, Đường Giải Phóng, Phường Hàng Bài, Tỉnh Điện Biên",4342504974151482
796,Dương Xuân,Nữ,2002-10-14,Tỉnh Hà Tĩnh,042302939986,0524402879,janenguyen@gmail.com,"Số 229, Đường Nguyễn Chí Thanh, Phường Tân Định, Tỉnh Hà Tĩnh",372627586069882
797,Bùi Lan,Nữ,1986-05-28,Tỉnh Tây Ninh,080186555094,0986312003,onguyen@gmail.com,"Số 166, Đường Cầu Giấy, Phường An Khánh, Tỉnh Tây Ninh",3565002300561385
798,Vũ Duyên,Nữ,1993-09-17,Tỉnh Hà Tĩnh,042193235291,0907757232,vujane@gmail.com,"Số 159, Đường Hai Bà Trưng, Phường Hàng Bài, Tỉnh Hà Tĩnh",4585330631732018303
799,Vũ Linh,Nữ,1964-08-14,Tỉnh Bắc Ninh,024164657242,0353793136,phamjane@gmail.com,"Số 81, Đường Nguyễn Huệ, Phường Bách Khoa, Tỉnh Bắc Ninh",374207989854988
800,Nguyễn Duyên,Nữ,1993-10-08,Tỉnh Tuyên Quang,008193633222,0703248109,johnnguyen@gmail.com,"Số 89, Đường Nguyễn Huệ, Phường Bến Nghé, Tỉnh Tuyên Quang",6576000872871562
801,Bùi Vi,Nữ,1965-01-31,Tỉnh Thái Nguyên,019165776717,0525075150,john31@gmail.com,"Số 150, Đường Hai Bà Trưng, Phường Bến Nghé, Tỉnh Thái Nguyên",3592295562452601
802,Vũ Dũng,Nam,1975-07-25,Tỉnh Ninh Bình,037075761287,0840043739,jtran@gmail.com,"Số 147, Đường Cầu Giấy, Phường Bến Nghé, Tỉnh Ninh Bình",375410478712845
803,Bùi Ánh,Nữ,1984-12-10,Tỉnh Hà Tĩnh,042184106286,0842491704,johnle@gmail.com,"Số 202, Đường Hai Bà Trưng, Phường Lăng Cô, Tỉnh Hà Tĩnh",3568095645939065
804,Dương Dương,Nữ,1999-05-21,Tỉnh Phú Thọ,025199838176,0889991179,evu@gmail.com,"Số 65, Đường Cầu Giấy, Phường Tân Định, Tỉnh Phú Thọ",344257058256695
805,Lê Minh,Nam,2003-06-29,Thành phố Huế,046203396893,0799192090,xnguyen@gmail.com,"Số 82, Đường Giải Phóng, Phường Lăng Cô, Thành phố Huế",4405116858007369
806,Phạm Trung,Nam,1985-01-13,Thành phố Hà Nội,001085141049,0849818870,cbui@gmail.com,"Số 116, Đường Đại Cồ Việt, Phường Thạch Thang, Thành phố Hà Nội",6011234349729698
807,Mai Anh,Nam,1994-05-29,Thành phố Cần Thơ,092094001767,0891508666,vujane@gmail.com,"Số 86, Đường Lê Duẩn, Phường Thạch Thang, Thành phố Cần Thơ",38242746081375
808,Nguyễn Duyên,Nữ,1992-05-22,Tỉnh Vĩnh Long,086192341336,0394628755,jane37@gmail.com,"Số 186, Đường Cầu Giấy, Phường Hàng Bài, Tỉnh Vĩnh Long",4016940904150449
809,Mai Lan,Nữ,1965-02-10,Tỉnh Lạng Sơn,020165405098,0918167875,avu@gmail.com,"Số 286, Đường Nguyễn Chí Thanh, Phường Dịch Vọng, Tỉnh Lạng Sơn",639009931655
810,Nguyễn Linh,Nữ,1988-12-18,Tỉnh Lạng Sơn,020188339530,0960690760,lejane@gmail.com,"Số 272, Đường Giải Phóng, Phường Bách Khoa, Tỉnh Lạng Sơn",4473714230643500
811,Hoàng Vũ,Nam,1977-12-25,Tỉnh An Giang,091077620425,0324114643,jane90@gmail.com,"Số 275, Đường Quang Trung, Phường Thạch Thang, Tỉnh An Giang",30243853918175
812,Đặng Dũng,Nam,1969-05-25,Tỉnh Cà Mau,096069607543,0885514881,lejohn@gmail.com,"Số 294, Đường Hai Bà Trưng, Phường Thạch Thang, Tỉnh Cà Mau",6011588872636301
813,Nguyễn Tùng,Nam,2001-01-12,Tỉnh Gia Lai,052201965330,0936483094,jane79@gmail.com,"Số 30, Đường Trường Chinh, Phường An Khánh, Tỉnh Gia Lai",4126679489494845245
814,Dương Tùng,Nam,1988-11-16,Thành phố Hồ Chí Minh,079088923944,0338429918,tbui@gmail.com,"Số 124, Đường Đại Cồ Việt, Phường Dịch Vọng, Thành phố Hồ Chí Minh",4395881735706671
815,Phạm Dũng,Nam,1987-11-21,Tỉnh An Giang,091087581502,0842680809,omai@gmail.com,"Số 196, Đường Lê Lợi, Phường Hàng Bài, Tỉnh An Giang",4349471109283833
816,Dương Minh,Nam,1972-09-12,Tỉnh Khánh Hòa,056072660829,0933127881,eduong@gmail.com,"Số 117, Đường Hoàng Hoa Thám, Phường An Khánh, Tỉnh Khánh Hòa",2250627045466284
817,Vũ Trung,Nam,1974-11-30,Tỉnh Nghệ An,040074382181,0362067672,xpham@gmail.com,"Số 16, Đường Hai Bà Trưng, Phường Dịch Vọng, Tỉnh Nghệ An",4491426911321839
818,Lê Nam,Nam,1966-04-30,Tỉnh Tuyên Quang,008066079149,0846652003,jane15@gmail.com,"Số 247, Đường Giải Phóng, Phường Hàng Bài, Tỉnh Tuyên Quang",36580702470781
819,Trần Xuân,Nữ,1982-09-09,Tỉnh Ninh Bình,037182860418,0588339400,buijohn@gmail.com,"Số 9, Đường Lê Duẩn, Phường An Khánh, Tỉnh Ninh Bình",4062454289132652
820,Vũ Vân,Nữ,1988-11-21,Thành phố Huế,046188886900,0971936124,itran@gmail.com,"Số 206, Đường Giải Phóng, Phường Lăng Cô, Thành phố Huế",4521298320927165153
821,Hoàng Hồng,Nữ,1964-03-21,Tỉnh Ninh Bình,037164759794,0839584593,john13@gmail.com,"Số 258, Đường Nguyễn Huệ, Phường Thạch Thang, Tỉnh Ninh Bình",3516467674061322
822,Vũ Yến,Nữ,1962-10-01,Tỉnh Bắc Ninh,024162387983,0819260506,dduong@gmail.com,"Số 226, Đường Trường Chinh, Phường Dịch Vọng, Tỉnh Bắc Ninh",348764455414914
823,Vũ Mai,Nữ,1999-06-05,Tỉnh Tây Ninh,080199032322,0889974615,janeduong@gmail.com,"Số 121, Đường Đại Cồ Việt, Phường Tân Định, Tỉnh Tây Ninh",3583652385509929
824,Trần Huy,Nam,1981-03-26,Tỉnh An Giang,091081750099,0377841759,john60@gmail.com,"Số 186, Đường Đại Cồ Việt, Phường Lăng Cô, Tỉnh An Giang",3520516014966428
825,Vũ Mai,Nữ,1972-11-18,Tỉnh Vĩnh Long,086172783056,0981067333,johnmai@gmail.com,"Số 234, Đường Nguyễn Chí Thanh, Phường Lăng Cô, Tỉnh Vĩnh Long",4470980482032964
826,Nguyễn Tú,Nam,1969-04-06,Tỉnh Lạng Sơn,020069504527,0847533560,johnmai@gmail.com,"Số 261, Đường Cầu Giấy, Phường Bến Nghé, Tỉnh Lạng Sơn",30250225266563
827,Phạm Yến,Nữ,1982-12-23,Tỉnh Cà Mau,096182486543,0828233358,johnbui@gmail.com,"Số 210, Đường Phạm Văn Đồng, Phường Bến Nghé, Tỉnh Cà Mau",2243482974476452
828,Bùi Thảo,Nữ,1993-01-22,Tỉnh Quảng Ngãi,051193060680,0892715026,janenguyen@gmail.com,"Số 219, Đường Lê Duẩn, Phường Tân Định, Tỉnh Quảng Ngãi",4663151131333826
829,Đặng Bảo,Nam,1971-02-18,Tỉnh Khánh Hòa,056071228437,0946451901,jane23@gmail.com,"Số 238, Đường Trần Hưng Đạo, Phường Bến Nghé, Tỉnh Khánh Hòa",213102920980338
830,Trần Tú,Nam,2007-10-20,Tỉnh Thanh Hóa,038207323281,0931881677,buijane@gmail.com,"Số 92, Đường Nguyễn Trãi, Phường Hàng Bài, Tỉnh Thanh Hóa",340840911149605
831,Đặng Dũng,Nam,1964-04-13,Tỉnh Đồng Tháp,082064666382,0858906977,hoangjane@gmail.com,"Số 158, Đường Lê Duẩn, Phường Lăng Cô, Tỉnh Đồng Tháp",213151834651634
832,Phạm Quang,Nam,1997-03-01,Tỉnh Lạng Sơn,020097942309,0789744924,dangjohn@gmail.com,"Số 16, Đường Cầu Giấy, Phường Thạch Thang, Tỉnh Lạng Sơn",3591938861139020
833,Trần Hoàng,Nam,1979-12-19,Thành phố Cần Thơ,092079344980,0923076958,hoangjohn@gmail.com,"Số 138, Đường Quang Trung, Phường Thạch Thang, Thành phố Cần Thơ",4155255968061973
834,Phạm Yến,Nữ,2007-11-19,Tỉnh Lạng Sơn,020307367880,0981435417,duongjane@gmail.com,"Số 54, Đường Trường Chinh, Phường Lăng Cô, Tỉnh Lạng Sơn",3563743016819680
835,Mai Thảo,Nữ,1966-08-05,Tỉnh Hà Tĩnh,042166472171,0566480279,lejohn@gmail.com,"Số 215, Đường Trường Chinh, Phường Lăng Cô, Tỉnh Hà Tĩnh",371164839767352
836,Dương Châu,Nam,1999-10-27,Tỉnh Hưng Yên,033099770080,0526972248,johnduong@gmail.com,"Số 74, Đường Giải Phóng, Phường Tân Định, Tỉnh Hưng Yên",3575805614303882
837,Nguyễn Mai,Nữ,1982-11-19,Tỉnh Bắc Ninh,024182543451,0962252438,snguyen@gmail.com,"Số 25, Đường Hai Bà Trưng, Phường Bến Nghé, Tỉnh Bắc Ninh",4368543785986701
838,Lê Ngọc,Nữ,1964-08-27,Tỉnh Cà Mau,096164351966,0386043737,onguyen@gmail.com,"Số 127, Đường Giải Phóng, Phường Dịch Vọng, Tỉnh Cà Mau",213139913427216
839,Mai Mai,Nữ,1990-03-24,Tỉnh Đắc Lắc,066190802691,0796554830,johnvu@gmail.com,"Số 8, Đường Trường Chinh, Phường Bách Khoa, Tỉnh Đắc Lắc",4574227620663
840,Mai Ánh,Nữ,1972-08-12,Tỉnh Hưng Yên,033172458162,0363474710,hoangjohn@gmail.com,"Số 220, Đường Nguyễn Trãi, Phường Thạch Thang, Tỉnh Hưng Yên",4778543471148233194
841,Trần Xuân,Nữ,1965-10-29,Tỉnh Lai Châu,012165213895,0339346854,qdang@gmail.com,"Số 17, Đường Cầu Giấy, Phường Bến Nghé, Tỉnh Lai Châu",4408052370492
842,Bùi Trọng,Nam,2004-10-27,Tỉnh Phú Thọ,025204156517,0791101258,tranjohn@gmail.com,"Số 161, Đường Lê Duẩn, Phường Hàng Bài, Tỉnh Phú Thọ",4196731160430
843,Đặng Huy,Nam,1986-12-20,Tỉnh Đồng Nai,075086323947,0906196468,ehoang@gmail.com,"Số 105, Đường Hai Bà Trưng, Phường Thạch Thang, Tỉnh Đồng Nai",4200488735905441485
844,Lê Yến,Nữ,1963-05-02,Tỉnh Lạng Sơn,020163686899,0891754877,pbui@gmail.com,"Số 193, Đường Hoàng Hoa Thám, Phường Bến Nghé, Tỉnh Lạng Sơn",4230147533995845941
845,Vũ Ngọc,Nữ,1982-05-16,Tỉnh Vĩnh Long,086182245762,0925274153,yhoang@gmail.com,"Số 10, Đường Nguyễn Chí Thanh, Phường Bách Khoa, Tỉnh Vĩnh Long",4408890037668519347
846,Lê Tú,Nam,2005-08-23,Tỉnh Lâm Đồng,068205432545,0921987763,jane90@gmail.com,"Số 64, Đường Hoàng Hoa Thám, Phường Hàng Bài, Tỉnh Lâm Đồng",580352785449
847,Hoàng Thành,Nam,1981-05-24,Tỉnh Lạng Sơn,020081604534,0944987742,jane23@gmail.com,"Số 237, Đường Nguyễn Trãi, Phường Dịch Vọng, Tỉnh Lạng Sơn",3517334109663735
848,Mai Trung,Nam,1996-05-03,Tỉnh Bắc Ninh,024096651980,0827714949,yle@gmail.com,"Số 244, Đường Trần Hưng Đạo, Phường An Khánh, Tỉnh Bắc Ninh",4974281069270
849,Nguyễn Bảo,Nam,1970-06-14,Tỉnh Đồng Nai,075070578667,0703182418,hoangjane@gmail.com,"Số 95, Đường Nguyễn Huệ, Phường Thạch Thang, Tỉnh Đồng Nai",5136565940198441
850,Hoàng Vi,Nữ,1965-12-19,Tỉnh Quảng Trị,044165320714,0705379744,dmai@gmail.com,"Số 59, Đường Đại Cồ Việt, Phường Dịch Vọng, Tỉnh Quảng Trị",4777901942706534
851,Trần Nhiên,Nam,1969-03-04,Tỉnh Ninh Bình,037069706287,0396957851,janemai@gmail.com,"Số 248, Đường Nguyễn Huệ, Phường Bách Khoa, Tỉnh Ninh Bình",2333294278810166
852,Vũ Xuân,Nữ,1995-10-19,Tỉnh Cao Bằng,004195914492,0891160067,apham@gmail.com,"Số 268, Đường Nguyễn Chí Thanh, Phường Dịch Vọng, Tỉnh Cao Bằng",3513249224486735
853,Bùi Nam,Nam,1975-04-26,Tỉnh Sơn La,014075011467,0974290728,phamjohn@gmail.com,"Số 199, Đường Nguyễn Trãi, Phường Hàng Bài, Tỉnh Sơn La",373113754917334
854,Phạm Ngọc,Nữ,1992-06-24,Tỉnh Lai Châu,012192515947,0818425098,tranjane@gmail.com,"Số 106, Đường Đại Cồ Việt, Phường Dịch Vọng, Tỉnh Lai Châu",180085336962801
855,Vũ Yến,Nữ,1975-06-23,Tỉnh Đồng Tháp,082175940717,0564097052,buijane@gmail.com,"Số 195, Đường Quang Trung, Phường Tân Định, Tỉnh Đồng Tháp",4683720885141886
856,Hoàng Chi,Nữ,2000-12-10,Tỉnh Đồng Tháp,082300831292,0770984433,johntran@gmail.com,"Số 85, Đường Đại Cồ Việt, Phường Tân Định, Tỉnh Đồng Tháp",676235259584
857,Trần Khoa,Nam,1991-04-27,Tỉnh Đồng Nai,075091318424,0769014879,maijohn@gmail.com,"Số 37, Đường Quang Trung, Phường Hàng Bài, Tỉnh Đồng Nai",4612741183728493
858,Đặng Trọng,Nam,1973-06-04,Tỉnh Hà Tĩnh,042073803324,0973234092,johnvu@gmail.com,"Số 39, Đường Cầu Giấy, Phường Dịch Vọng, Tỉnh Hà Tĩnh",371998842116580
859,Vũ Bảo,Nam,1967-03-11,Tỉnh Khánh Hòa,056067485709,0844942107,umai@gmail.com,"Số 202, Đường Quang Trung, Phường An Khánh, Tỉnh Khánh Hòa",4996792253303245627
860,Dương Hương,Nữ,1985-04-18,Tỉnh Quảng Ninh,022185683367,0824321645,john92@gmail.com,"Số 226, Đường Trần Hưng Đạo, Phường Thạch Thang, Tỉnh Quảng Ninh",4113674831114515
861,Bùi Hồng,Nữ,1980-08-11,Thành phố Hải Phòng,031180906644,0368188766,janepham@gmail.com,"Số 105, Đường Cầu Giấy, Phường Tân Định, Thành phố Hải Phòng",4284278901658833561
862,Hoàng Linh,Nữ,1969-05-13,Tỉnh Hà Tĩnh,042169497049,0899317127,tranjohn@gmail.com,"Số 280, Đường Phạm Văn Đồng, Phường Bách Khoa, Tỉnh Hà Tĩnh",30170443347104
863,Phạm Vũ,Nam,1989-03-30,Thành phố Cần Thơ,092089325302,0380489512,etran@gmail.com,"Số 270, Đường Nguyễn Huệ, Phường Lăng Cô, Thành phố Cần Thơ",4336582223772850
864,Trần Chi,Nữ,1989-04-18,Tỉnh Cao Bằng,004189846066,0563074210,jane02@gmail.com,"Số 153, Đường Phạm Văn Đồng, Phường Bến Nghé, Tỉnh Cao Bằng",2289664534118865
865,Dương Ánh,Nữ,1964-10-14,Tỉnh Đồng Tháp,082164108078,0917790288,jane89@gmail.com,"Số 123, Đường Phạm Văn Đồng, Phường Tân Định, Tỉnh Đồng Tháp",2309757985223535
866,Trần Quang,Nam,1966-09-06,Tỉnh Đồng Nai,075066114452,0980654999,janehoang@gmail.com,"Số 127, Đường Hoàng Hoa Thám, Phường Bến Nghé, Tỉnh Đồng Nai",6568524354761744
867,Mai Duyên,Nữ,1984-08-23,Tỉnh Lâm Đồng,068184392648,0324222247,maijane@gmail.com,"Số 166, Đường Phạm Văn Đồng, Phường Bách Khoa, Tỉnh Lâm Đồng",4851629429198920
868,Đặng Châu,Nam,1974-03-29,Tỉnh Thái Nguyên,019074495657,0353125781,janele@gmail.com,"Số 190, Đường Hai Bà Trưng, Phường Tân Định, Tỉnh Thái Nguyên",4512134496363680
869,Phạm Minh,Nam,2006-11-18,Tỉnh Thanh Hóa,038206416410,0940431297,johnduong@gmail.com,"Số 298, Đường Nguyễn Trãi, Phường An Khánh, Tỉnh Thanh Hóa",180008681898313
870,Vũ Châu,Nam,1977-12-23,Tỉnh Quảng Trị,044077845346,0901409978,enguyen@gmail.com,"Số 230, Đường Nguyễn Chí Thanh, Phường Hàng Bài, Tỉnh Quảng Trị",4856066451129686
871,Hoàng Mai,Nữ,1992-05-16,Tỉnh Khánh Hòa,056192825582,0323977404,john10@gmail.com,"Số 103, Đường Đại Cồ Việt, Phường Hàng Bài, Tỉnh Khánh Hòa",2571520760443780
872,Đặng Quang,Nam,1969-10-05,Tỉnh Gia Lai,052069649027,0833146825,dangjohn@gmail.com,"Số 255, Đường Giải Phóng, Phường Thạch Thang, Tỉnh Gia Lai",30502710674911
873,Vũ Hưng,Nam,1960-10-19,Tỉnh Quảng Ninh,022060246311,0378406399,phamjohn@gmail.com,"Số 118, Đường Lê Lợi, Phường Hàng Bài, Tỉnh Quảng Ninh",2261425216095389
874,Vũ Xuân,Nữ,1970-09-11,Tỉnh Sơn La,014170602721,0866515770,janedang@gmail.com,"Số 287, Đường Nguyễn Chí Thanh, Phường Bách Khoa, Tỉnh Sơn La",2222034306816163
875,Hoàng Vân,Nữ,1997-01-04,Tỉnh Khánh Hòa,056197897516,0354985467,qpham@gmail.com,"Số 124, Đường Cầu Giấy, Phường Tân Định, Tỉnh Khánh Hòa",348614221159485
876,Bùi Xuân,Nữ,1967-06-27,Tỉnh Nghệ An,040167112396,0848647053,janeduong@gmail.com,"Số 102, Đường Lê Duẩn, Phường Hàng Bài, Tỉnh Nghệ An",3509800914845493
877,Nguyễn Thảo,Nữ,1992-01-28,Tỉnh Phú Thọ,025192763513,0905412324,vujohn@gmail.com,"Số 190, Đường Hoàng Hoa Thám, Phường Tân Định, Tỉnh Phú Thọ",4910740218058
878,Bùi Huy,Nam,2007-04-23,Tỉnh Tây Ninh,080207704617,0775450073,johnle@gmail.com,"Số 110, Đường Hai Bà Trưng, Phường Dịch Vọng, Tỉnh Tây Ninh",36032966084858
879,Hoàng Thảo,Nữ,1970-10-28,Tỉnh Phú Thọ,025170332987,0966466368,phamjane@gmail.com,"Số 31, Đường Trần Hưng Đạo, Phường Dịch Vọng, Tỉnh Phú Thọ",3544542923989519
880,Bùi Tú,Nam,1967-01-30,Thành phố Huế,046067943523,0383356716,lejane@gmail.com,"Số 141, Đường Phạm Văn Đồng, Phường Bách Khoa, Thành phố Huế",6011415154976017
881,Mai Duyên,Nữ,1973-07-24,Tỉnh Lâm Đồng,068173439508,0788657953,lejane@gmail.com,"Số 130, Đường Trần Hưng Đạo, Phường Thạch Thang, Tỉnh Lâm Đồng",3523221338758844
882,Nguyễn Linh,Nữ,1999-11-15,Tỉnh Đồng Nai,075199826397,0941153846,lejohn@gmail.com,"Số 130, Đường Hai Bà Trưng, Phường An Khánh, Tỉnh Đồng Nai",4155946749562202
883,Hoàng Châu,Nam,1967-08-23,Tỉnh Tuyên Quang,008067972739,0864134084,janetran@gmail.com,"Số 95, Đường Hai Bà Trưng, Phường An Khánh, Tỉnh Tuyên Quang",4554069697662105686
884,Đặng Hưng,Nam,1962-07-09,Tỉnh Cao Bằng,004062984113,0849241768,stran@gmail.com,"Số 31, Đường Lê Lợi, Phường Thạch Thang, Tỉnh Cao Bằng",213160269002247
885,Mai Xuân,Nữ,1964-09-17,Tỉnh Quảng Ngãi,051164522797,0968889831,janedang@gmail.com,"Số 111, Đường Lê Lợi, Phường Hàng Bài, Tỉnh Quảng Ngãi",3574225619998100
886,Đặng Anh,Nam,1989-05-04,Tỉnh Vĩnh Long,086089756061,0934437315,kmai@gmail.com,"Số 3, Đường Phạm Văn Đồng, Phường Hàng Bài, Tỉnh Vĩnh Long",3599153593641226
887,Trần Bảo,Nam,1969-04-16,Thành phố Hồ Chí Minh,079069817400,0326055390,mbui@gmail.com,"Số 58, Đường Đại Cồ Việt, Phường Lăng Cô, Thành phố Hồ Chí Minh",180008868763694
888,Mai Duyên,Nữ,2005-11-21,Thành phố Cần Thơ,092305166172,0989553392,jane19@gmail.com,"Số 14, Đường Đại Cồ Việt, Phường Hàng Bài, Thành phố Cần Thơ",501874608489
889,Nguyễn Lan,Nữ,1993-06-28,Tỉnh An Giang,091193423033,0981400395,vujohn@gmail.com,"Số 205, Đường Cầu Giấy, Phường Dịch Vọng, Tỉnh An Giang",3555286581979406
890,Trần Trọng,Nam,1990-07-21,Thành phố Huế,046090509196,0371817462,john81@gmail.com,"Số 286, Đường Hai Bà Trưng, Phường Thạch Thang, Thành phố Huế",371735252092384
891,Nguyễn Phúc,Nam,1987-04-21,Tỉnh Hưng Yên,033087653272,0975658033,john29@gmail.com,"Số 248, Đường Nguyễn Huệ, Phường Tân Định, Tỉnh Hưng Yên",4068880936792846365
892,Phạm Hương,Nữ,1994-07-04,Tỉnh Thái Nguyên,019194731723,0338997887,jane70@gmail.com,"Số 249, Đường Lê Duẩn, Phường Tân Định, Tỉnh Thái Nguyên",374316394603078
893,Dương Hồng,Nữ,1991-07-23,Tỉnh Thanh Hóa,038191622154,0932440954,ipham@gmail.com,"Số 219, Đường Nguyễn Chí Thanh, Phường Bách Khoa, Tỉnh Thanh Hóa",676284600571
894,Mai Thành,Nam,1998-05-09,Tỉnh Lai Châu,012098047433,0940901732,omai@gmail.com,"Số 152, Đường Hai Bà Trưng, Phường Tân Định, Tỉnh Lai Châu",36390184670324
895,Bùi Linh,Nữ,1965-11-07,Tỉnh Tuyên Quang,008165154641,0528845178,john71@gmail.com,"Số 186, Đường Lê Duẩn, Phường Hàng Bài, Tỉnh Tuyên Quang",3589899196561615
896,Nguyễn Thành,Nam,1975-12-28,Tỉnh Phú Thọ,025075270267,0929795868,vtran@gmail.com,"Số 225, Đường Giải Phóng, Phường Thạch Thang, Tỉnh Phú Thọ",6011665027754864
897,Nguyễn Vũ,Nam,1970-10-18,Tỉnh Sơn La,014070596920,0917336954,qtran@gmail.com,"Số 191, Đường Lê Duẩn, Phường Hàng Bài, Tỉnh Sơn La",2359606293576614
898,Bùi Nhiên,Nam,1993-04-12,Tỉnh Cao Bằng,004093175998,0833400389,johndang@gmail.com,"Số 11, Đường Giải Phóng, Phường Bách Khoa, Tỉnh Cao Bằng",3553739958907998
899,Mai Linh,Nữ,1993-07-07,Tỉnh Lạng Sơn,020193723717,0382942908,janepham@gmail.com,"Số 273, Đường Lê Lợi, Phường Lăng Cô, Tỉnh Lạng Sơn",2671642905891530
900,Trần Ngọc,Nữ,1992-09-25,Tỉnh Lạng Sơn,020192153021,0890798255,john89@gmail.com,"Số 155, Đường Trần Hưng Đạo, Phường Hàng Bài, Tỉnh Lạng Sơn",6011763315085792
901,Bùi Yến,Nữ,2004-03-30,Thành phố Huế,046304184676,0888992057,janenguyen@gmail.com,"Số 110, Đường Hai Bà Trưng, Phường Bến Nghé, Thành phố Huế",373520065560548
902,Hoàng Duyên,Nữ,2004-10-27,Thành phố Đà Nẵng,048304375640,0707175236,jane96@gmail.com,"Số 30, Đường Nguyễn Trãi, Phường Tân Định, Thành phố Đà Nẵng",30338906741135
903,Lê Quang,Nam,1996-09-21,Tỉnh Đắc Lắc,066096528813,0338746484,obui@gmail.com,"Số 241, Đường Lê Lợi, Phường Tân Định, Tỉnh Đắc Lắc",4018925212057376
904,Trần Vân,Nữ,2005-06-30,Tỉnh Thanh Hóa,038305029831,0853846195,johnhoang@gmail.com,"Số 287, Đường Cầu Giấy, Phường Thạch Thang, Tỉnh Thanh Hóa",4419059277998269
905,Đặng Bảo,Nam,1994-05-24,Thành phố Hồ Chí Minh,079094218124,0833476284,nguyenjane@gmail.com,"Số 30, Đường Cầu Giấy, Phường Lăng Cô, Thành phố Hồ Chí Minh",3534736659634693
906,Lê Vi,Nữ,2002-03-08,Thành phố Cần Thơ,092302973830,0827925176,johnbui@gmail.com,"Số 56, Đường Quang Trung, Phường An Khánh, Thành phố Cần Thơ",3572317095406856
907,Mai Vũ,Nam,1983-05-18,Tỉnh Đắc Lắc,066083250886,0900364101,sdang@gmail.com,"Số 95, Đường Đại Cồ Việt, Phường Bến Nghé, Tỉnh Đắc Lắc",4241470719699058469
908,Vũ Hoàng,Nam,2001-09-01,Tỉnh Nghệ An,040201026553,0917145326,lpham@gmail.com,"Số 151, Đường Hai Bà Trưng, Phường Thạch Thang, Tỉnh Nghệ An",4072243459683042
909,Lê Nam,Nam,2007-06-01,Thành phố Hồ Chí Minh,079207842255,0935835413,inguyen@gmail.com,"Số 126, Đường Quang Trung, Phường Hàng Bài, Thành phố Hồ Chí Minh",30404361786765
910,Vũ Hoàng,Nam,2000-02-01,Thành phố Đà Nẵng,048200024223,0360289605,john56@gmail.com,"Số 111, Đường Hai Bà Trưng, Phường Bách Khoa, Thành phố Đà Nẵng",4709207159485561
911,Đặng Vi,Nữ,1983-08-21,Thành phố Cần Thơ,092183765766,0709196643,janedang@gmail.com,"Số 187, Đường Lê Lợi, Phường An Khánh, Thành phố Cần Thơ",180024584905956
912,Phạm Ngọc,Nữ,2007-07-27,Tỉnh Bắc Ninh,024307673513,0334540960,johnbui@gmail.com,"Số 102, Đường Nguyễn Huệ, Phường Thạch Thang, Tỉnh Bắc Ninh",180019428179370
913,Nguyễn Lan,Nữ,1967-01-12,Tỉnh Bắc Ninh,024167391415,0898801939,ppham@gmail.com,"Số 228, Đường Phạm Văn Đồng, Phường Tân Định, Tỉnh Bắc Ninh",3528595647769229
914,Phạm Lan,Nữ,2007-08-09,Tỉnh Thái Nguyên,019307442021,0982509238,john23@gmail.com,"Số 39, Đường Trường Chinh, Phường Dịch Vọng, Tỉnh Thái Nguyên",30078457648491
915,Phạm Duyên,Nữ,1975-07-28,Tỉnh Quảng Ngãi,051175788989,0821081233,janenguyen@gmail.com,"Số 194, Đường Trường Chinh, Phường Lăng Cô, Tỉnh Quảng Ngãi",30029970017532
916,Bùi Anh,Nam,1989-06-02,Thành phố Đà Nẵng,048089961051,0839187534,johnbui@gmail.com,"Số 286, Đường Giải Phóng, Phường Tân Định, Thành phố Đà Nẵng",4785717753299
917,Dương Nhiên,Nam,1973-04-14,Tỉnh Hà Tĩnh,042073756266,0356502569,ntran@gmail.com,"Số 177, Đường Hai Bà Trưng, Phường Hàng Bài, Tỉnh Hà Tĩnh",4065530228278
918,Vũ Thành,Nam,1981-04-04,Tỉnh Điện Biên,011081328005,0783240110,jane11@gmail.com,"Số 134, Đường Trần Hưng Đạo, Phường Dịch Vọng, Tỉnh Điện Biên",4981354088467
919,Đặng Tú,Nam,2007-02-16,Tỉnh Lào Cai,015207180131,0966454065,janedang@gmail.com,"Số 208, Đường Nguyễn Chí Thanh, Phường An Khánh, Tỉnh Lào Cai",4928902492295
920,Phạm Minh,Nam,2003-07-15,Thành phố Hải Phòng,031203125095,0896675821,tbui@gmail.com,"Số 190, Đường Hoàng Hoa Thám, Phường Thạch Thang, Thành phố Hải Phòng",4064564881623
921,Vũ Anh,Nam,1998-05-08,Tỉnh Cao Bằng,004098925417,0974676465,ahoang@gmail.com,"Số 132, Đường Giải Phóng, Phường Thạch Thang, Tỉnh Cao Bằng",4297134122822688
922,Bùi Phúc,Nam,1975-06-18,Tỉnh Cà Mau,096075885396,0977672907,qpham@gmail.com,"Số 215, Đường Nguyễn Trãi, Phường An Khánh, Tỉnh Cà Mau",30040417735735
923,Trần Hoàng,Nam,1962-04-14,Tỉnh Đồng Tháp,082062555931,0847602623,cduong@gmail.com,"Số 138, Đường Trần Hưng Đạo, Phường Bến Nghé, Tỉnh Đồng Tháp",213108202281386
924,Phạm Bảo,Nam,1996-11-05,Thành phố Huế,046096617501,0848107414,janele@gmail.com,"Số 188, Đường Cầu Giấy, Phường An Khánh, Thành phố Huế",6597772499200244
925,Bùi Minh,Nam,1963-09-13,Tỉnh Bắc Ninh,024063154365,0586310528,maijohn@gmail.com,"Số 12, Đường Lê Duẩn, Phường Dịch Vọng, Tỉnh Bắc Ninh",3527919873169105
926,Đặng Hồng,Nữ,1985-05-28,Tỉnh Thái Nguyên,019185103260,0842084721,nguyenjane@gmail.com,"Số 176, Đường Hai Bà Trưng, Phường Thạch Thang, Tỉnh Thái Nguyên",4761679274251810
927,Trần Nam,Nam,1960-10-01,Tỉnh Thanh Hóa,038060105574,0582526767,jane21@gmail.com,"Số 97, Đường Giải Phóng, Phường Tân Định, Tỉnh Thanh Hóa",372185134646982
928,Trần Trung,Nam,1961-06-14,Tỉnh Cao Bằng,004061083804,0348674353,duongjohn@gmail.com,"Số 166, Đường Nguyễn Huệ, Phường Dịch Vọng, Tỉnh Cao Bằng",4112863155997727
929,Lê Dương,Nữ,1982-12-13,Thành phố Đà Nẵng,048182678919,0361632400,oduong@gmail.com,"Số 154, Đường Phạm Văn Đồng, Phường Lăng Cô, Thành phố Đà Nẵng",3512101275755974
930,Phạm Hồng,Nữ,1996-05-08,Tỉnh Thanh Hóa,038196378213,0789842816,lejohn@gmail.com,"Số 57, Đường Phạm Văn Đồng, Phường Lăng Cô, Tỉnh Thanh Hóa",3522254994704662
931,Lê Hương,Nữ,2006-03-18,Thành phố Hồ Chí Minh,079306268964,0831183301,john77@gmail.com,"Số 205, Đường Hai Bà Trưng, Phường Dịch Vọng, Thành phố Hồ Chí Minh",3515235612923825
932,Trần Huy,Nam,1963-11-02,Thành phố Hồ Chí Minh,079063410796,0841689600,vujohn@gmail.com,"Số 6, Đường Hai Bà Trưng, Phường Hàng Bài, Thành phố Hồ Chí Minh",4045375052439
933,Vũ Châu,Nam,1964-04-30,Tỉnh Quảng Ngãi,051064930897,0569191892,jane31@gmail.com,"Số 70, Đường Quang Trung, Phường Hàng Bài, Tỉnh Quảng Ngãi",3540824814945949
934,Bùi Chi,Nữ,1997-06-21,Tỉnh Điện Biên,011197174706,0377131310,duongjohn@gmail.com,"Số 280, Đường Đại Cồ Việt, Phường An Khánh, Tỉnh Điện Biên",30140448998359
935,Dương Yến,Nữ,1973-08-31,Tỉnh Hưng Yên,033173741384,0783768138,nguyenjohn@gmail.com,"Số 121, Đường Hoàng Hoa Thám, Phường Thạch Thang, Tỉnh Hưng Yên",3537207413963783
936,Lê Anh,Nam,1961-07-19,Thành phố Huế,046061881006,0840037277,john26@gmail.com,"Số 194, Đường Giải Phóng, Phường Lăng Cô, Thành phố Huế",4494144473627
937,Phạm Thành,Nam,1986-01-20,Tỉnh Tuyên Quang,008086338482,0368937126,jane94@gmail.com,"Số 266, Đường Đại Cồ Việt, Phường Dịch Vọng, Tỉnh Tuyên Quang",30425110055293
938,Lê Vi,Nữ,1975-04-23,Tỉnh Tuyên Quang,008175053083,0347979972,ehoang@gmail.com,"Số 138, Đường Hai Bà Trưng, Phường Lăng Cô, Tỉnh Tuyên Quang",30584807097453
939,Nguyễn Thảo,Nữ,1989-04-26,Tỉnh Lạng Sơn,020189322453,0341935584,nguyenjohn@gmail.com,"Số 85, Đường Lê Lợi, Phường Lăng Cô, Tỉnh Lạng Sơn",3502707936306809
940,Đặng Trung,Nam,2002-01-23,Tỉnh Quảng Trị,044202860298,0946486292,johnhoang@gmail.com,"Số 157, Đường Hai Bà Trưng, Phường Dịch Vọng, Tỉnh Quảng Trị",2285716859448972
941,Vũ Phúc,Nam,1987-01-27,Tỉnh Hưng Yên,033087875561,0521654361,johnnguyen@gmail.com,"Số 174, Đường Phạm Văn Đồng, Phường Bách Khoa, Tỉnh Hưng Yên",348069265790747
942,Lê Lan,Nữ,2003-01-06,Tỉnh Hưng Yên,033303690347,0926122976,jane21@gmail.com,"Số 189, Đường Cầu Giấy, Phường Thạch Thang, Tỉnh Hưng Yên",2252274683500682
943,Đặng Duyên,Nữ,2005-12-03,Tỉnh Lạng Sơn,020305489004,0798847345,jane21@gmail.com,"Số 100, Đường Hoàng Hoa Thám, Phường Thạch Thang, Tỉnh Lạng Sơn",341838567179743
944,Hoàng Yến,Nữ,1991-09-03,Tỉnh Lâm Đồng,068191202478,0349937930,dangjohn@gmail.com,"Số 124, Đường Hoàng Hoa Thám, Phường Tân Định, Tỉnh Lâm Đồng",4034758279322
945,Mai Minh,Nam,1976-06-06,Tỉnh Khánh Hòa,056076800361,0947418710,jane29@gmail.com,"Số 19, Đường Lê Lợi, Phường Lăng Cô, Tỉnh Khánh Hòa",4673634279705283
946,Trần Dương,Nữ,1969-02-21,Tỉnh Tuyên Quang,008169500524,0380110228,jane48@gmail.com,"Số 217, Đường Lê Lợi, Phường An Khánh, Tỉnh Tuyên Quang",3530932597767786
947,Hoàng Thành,Nam,2006-05-04,Tỉnh Sơn La,014206391480,0968381511,janenguyen@gmail.com,"Số 95, Đường Lê Duẩn, Phường Tân Định, Tỉnh Sơn La",2234155935255394
948,Vũ Hương,Nữ,1980-06-21,Tỉnh Đồng Tháp,082180984734,0928949314,dangjohn@gmail.com,"Số 241, Đường Trần Hưng Đạo, Phường Tân Định, Tỉnh Đồng Tháp",4169555744457823
949,Dương Nhiên,Nam,1996-02-19,Tỉnh Quảng Ninh,022096145744,0341643400,johnnguyen@gmail.com,"Số 14, Đường Trần Hưng Đạo, Phường Tân Định, Tỉnh Quảng Ninh",501806231996
950,Hoàng Minh,Nam,1975-01-23,Tỉnh Quảng Ngãi,051075157735,0886229994,johnnguyen@gmail.com,"Số 120, Đường Nguyễn Trãi, Phường An Khánh, Tỉnh Quảng Ngãi",4214117611684
951,Phạm Minh,Nam,1992-09-14,Tỉnh Khánh Hòa,056092467681,0881008186,cmai@gmail.com,"Số 181, Đường Trường Chinh, Phường Bách Khoa, Tỉnh Khánh Hòa",060423972987
952,Dương Dương,Nữ,1978-11-28,Tỉnh Lâm Đồng,068178151262,0580929621,nguyenjohn@gmail.com,"Số 85, Đường Quang Trung, Phường Bách Khoa, Tỉnh Lâm Đồng",3521098011221387
953,Nguyễn Ánh,Nữ,2002-08-09,Thành phố Hồ Chí Minh,079302937109,0367928128,jane23@gmail.com,"Số 172, Đường Quang Trung, Phường An Khánh, Thành phố Hồ Chí Minh",213168259358818
954,Bùi Ánh,Nữ,1973-11-03,Tỉnh Khánh Hòa,056173795506,0362891443,spham@gmail.com,"Số 185, Đường Hoàng Hoa Thám, Phường Thạch Thang, Tỉnh Khánh Hòa",6507970032622028
955,Hoàng Ánh,Nữ,1970-02-20,Thành phố Cần Thơ,092170706065,0361802330,vujane@gmail.com,"Số 185, Đường Phạm Văn Đồng, Phường Bách Khoa, Thành phố Cần Thơ",4546941637805167433
956,Đặng Ngọc,Nữ,1983-10-28,Thành phố Huế,046183413423,0847782632,sbui@gmail.com,"Số 267, Đường Cầu Giấy, Phường Bến Nghé, Thành phố Huế",3551291998225124
957,Dương Vân,Nữ,1971-08-20,Tỉnh Phú Thọ,025171897041,0375544496,johnpham@gmail.com,"Số 2, Đường Trường Chinh, Phường Dịch Vọng, Tỉnh Phú Thọ",180050371327245
958,Mai Yến,Nữ,1970-02-21,Tỉnh Quảng Ninh,022170545166,0790259302,johnle@gmail.com,"Số 140, Đường Nguyễn Chí Thanh, Phường Lăng Cô, Tỉnh Quảng Ninh",2433953809844072
959,Phạm Vân,Nữ,2002-10-10,Tỉnh Đồng Nai,075302372542,0830334051,john71@gmail.com,"Số 156, Đường Lê Duẩn, Phường Lăng Cô, Tỉnh Đồng Nai",3506501721054419
960,Vũ Trung,Nam,1995-10-25,Tỉnh Gia Lai,052095294170,0949948722,janemai@gmail.com,"Số 46, Đường Cầu Giấy, Phường Bến Nghé, Tỉnh Gia Lai",4612711785915858777
961,Lê Ánh,Nữ,2005-09-04,Tỉnh Thái Nguyên,019305336737,0922786076,johntran@gmail.com,"Số 50, Đường Cầu Giấy, Phường An Khánh, Tỉnh Thái Nguyên",2271515637962262
962,Lê Ngọc,Nữ,1975-10-28,Tỉnh Quảng Ngãi,051175160302,0589312330,vujohn@gmail.com,"Số 190, Đường Hai Bà Trưng, Phường Lăng Cô, Tỉnh Quảng Ngãi",6501616158907034
963,Phạm Bảo,Nam,1976-01-27,Tỉnh Cà Mau,096076592234,0384554677,tranjohn@gmail.com,"Số 296, Đường Nguyễn Trãi, Phường Dịch Vọng, Tỉnh Cà Mau",4636464982559
964,Dương Huy,Nam,1991-04-26,Tỉnh Nghệ An,040091304291,0342384573,janenguyen@gmail.com,"Số 85, Đường Đại Cồ Việt, Phường Lăng Cô, Tỉnh Nghệ An",4809337235614949
965,Vũ Duyên,Nữ,2002-02-07,Tỉnh Điện Biên,011302962732,0763437014,tranjane@gmail.com,"Số 199, Đường Nguyễn Trãi, Phường An Khánh, Tỉnh Điện Biên",6011110224111030
966,Nguyễn Chi,Nữ,1978-10-05,Tỉnh Vĩnh Long,086178094076,0898670066,vujane@gmail.com,"Số 218, Đường Nguyễn Trãi, Phường Thạch Thang, Tỉnh Vĩnh Long",5205938168349754
967,Bùi Nhiên,Nam,1999-01-19,Tỉnh Lâm Đồng,068099472217,0321798461,vhoang@gmail.com,"Số 257, Đường Trường Chinh, Phường Tân Định, Tỉnh Lâm Đồng",3587343053822101
968,Phạm Nam,Nam,1997-11-12,Tỉnh Lào Cai,015097903145,0919920113,johnmai@gmail.com,"Số 11, Đường Phạm Văn Đồng, Phường Dịch Vọng, Tỉnh Lào Cai",4752163798586051
969,Trần Thảo,Nữ,1989-11-22,Tỉnh Đắc Lắc,066189215373,0828308739,uhoang@gmail.com,"Số 139, Đường Trần Hưng Đạo, Phường Bến Nghé, Tỉnh Đắc Lắc",4543242713640351
970,Phạm Vi,Nữ,2002-03-05,Tỉnh Thái Nguyên,019302660816,0344227963,vujohn@gmail.com,"Số 136, Đường Hoàng Hoa Thám, Phường Dịch Vọng, Tỉnh Thái Nguyên",4499099300584
971,Nguyễn Thành,Nam,1994-07-25,Tỉnh Vĩnh Long,086094090535,0589790995,jane39@gmail.com,"Số 131, Đường Trần Hưng Đạo, Phường Thạch Thang, Tỉnh Vĩnh Long",342428102899853
972,Hoàng Quang,Nam,1999-05-19,Tỉnh Vĩnh Long,086099457158,0963703925,janevu@gmail.com,"Số 93, Đường Nguyễn Chí Thanh, Phường Lăng Cô, Tỉnh Vĩnh Long",3585864447796851
973,Nguyễn Hoàng,Nam,1989-02-18,Tỉnh Hà Tĩnh,042089960910,0832252907,enguyen@gmail.com,"Số 120, Đường Lê Lợi, Phường Lăng Cô, Tỉnh Hà Tĩnh",6564931457829167
974,Nguyễn Vân,Nữ,1990-07-13,Tỉnh Lạng Sơn,020190302807,0345676215,janebui@gmail.com,"Số 227, Đường Trần Hưng Đạo, Phường Tân Định, Tỉnh Lạng Sơn",30043087260190
975,Hoàng Lan,Nữ,1986-10-25,Tỉnh Điện Biên,011186466197,0812732720,johnhoang@gmail.com,"Số 217, Đường Trần Hưng Đạo, Phường Thạch Thang, Tỉnh Điện Biên",5158878658730823
976,Bùi Quang,Nam,2008-07-20,Tỉnh Đồng Tháp,082208651947,0564683124,tranjohn@gmail.com,"Số 157, Đường Phạm Văn Đồng, Phường Dịch Vọng, Tỉnh Đồng Tháp",3596070139707241
977,Lê Trọng,Nam,1977-12-20,Tỉnh Nghệ An,040077112430,0348218850,phamjane@gmail.com,"Số 33, Đường Hoàng Hoa Thám, Phường Lăng Cô, Tỉnh Nghệ An",4433162698125486757
978,Lê Mai,Nữ,1961-01-17,Tỉnh Lào Cai,015161267773,0355549857,hoangjane@gmail.com,"Số 66, Đường Nguyễn Huệ, Phường Thạch Thang, Tỉnh Lào Cai",4719912949066013
979,Lê Vân,Nữ,1991-11-09,Tỉnh Quảng Ngãi,051191602229,0349347777,hoangjohn@gmail.com,"Số 121, Đường Trần Hưng Đạo, Phường Tân Định, Tỉnh Quảng Ngãi",213134568626832
980,Lê Anh,Nam,1993-01-05,Thành phố Hồ Chí Minh,079093118977,0846520275,johntran@gmail.com,"Số 24, Đường Hai Bà Trưng, Phường Tân Định, Thành phố Hồ Chí Minh",3509872998385654
981,Lê Chi,Nữ,1975-07-12,Thành phố Cần Thơ,092175947996,0898813899,duongjohn@gmail.com,"Số 143, Đường Đại Cồ Việt, Phường Thạch Thang, Thành phố Cần Thơ",180097076159381
982,Nguyễn Thành,Nam,1988-03-01,Tỉnh Cà Mau,096088186407,0372722694,dangjohn@gmail.com,"Số 162, Đường Lê Lợi, Phường Bách Khoa, Tỉnh Cà Mau",4992220564870
983,Vũ Trung,Nam,2006-09-01,Thành phố Huế,046206608492,0521183627,janeduong@gmail.com,"Số 71, Đường Quang Trung, Phường Dịch Vọng, Thành phố Huế",213108779091853
984,Phạm Nhiên,Nam,1966-12-23,Tỉnh Lào Cai,015066067949,0708187718,tranjane@gmail.com,"Số 160, Đường Phạm Văn Đồng, Phường Bách Khoa, Tỉnh Lào Cai",3553587058037699
985,Đặng Thành,Nam,2006-02-28,Tỉnh Cao Bằng,004206479265,0333812947,nguyenjohn@gmail.com,"Số 86, Đường Lê Duẩn, Phường Thạch Thang, Tỉnh Cao Bằng",3561552966618949
986,Lê Trọng,Nam,1966-10-18,Tỉnh Bắc Ninh,024066966838,0844061001,janebui@gmail.com,"Số 177, Đường Nguyễn Chí Thanh, Phường Bến Nghé, Tỉnh Bắc Ninh",3575082839985329
987,Đặng Chi,Nữ,2008-02-04,Tỉnh Lâm Đồng,068308428911,0836491911,tdang@gmail.com,"Số 25, Đường Đại Cồ Việt, Phường Lăng Cô, Tỉnh Lâm Đồng",4152418019738
988,Nguyễn Xuân,Nữ,2007-02-18,Tỉnh Lâm Đồng,068307277354,0849757526,tranjane@gmail.com,"Số 249, Đường Lê Lợi, Phường Lăng Cô, Tỉnh Lâm Đồng",583745103551
989,Phạm Trung,Nam,1980-03-18,Tỉnh Điện Biên,011080637104,0772069421,john80@gmail.com,"Số 256, Đường Đại Cồ Việt, Phường Thạch Thang, Tỉnh Điện Biên",6011273896158646
990,Lê Quang,Nam,2008-01-05,Thành phố Đà Nẵng,048208537021,0828654736,janebui@gmail.com,"Số 131, Đường Nguyễn Trãi, Phường Lăng Cô, Thành phố Đà Nẵng",213150875925154
991,Phạm Dũng,Nam,2001-06-30,Tỉnh Phú Thọ,025201987099,0343058937,johnpham@gmail.com,"Số 197, Đường Quang Trung, Phường Tân Định, Tỉnh Phú Thọ",3546997815539426
992,Mai Chi,Nữ,1987-07-11,Tỉnh Phú Thọ,025187878014,0564059567,duongjohn@gmail.com,"Số 209, Đường Đại Cồ Việt, Phường Lăng Cô, Tỉnh Phú Thọ",6591627395974043
993,Bùi Mai,Nữ,1993-08-09,Tỉnh Đồng Nai,075193588968,0346503946,janevu@gmail.com,"Số 166, Đường Nguyễn Chí Thanh, Phường Bách Khoa, Tỉnh Đồng Nai",4976920056915
994,Đặng Hồng,Nữ,1993-01-09,Tỉnh Tây Ninh,080193478739,0769522229,ubui@gmail.com,"Số 260, Đường Nguyễn Chí Thanh, Phường Tân Định, Tỉnh Tây Ninh",4590878530335006
995,Vũ Nhiên,Nam,1981-01-04,Tỉnh Lạng Sơn,020081302466,0963754708,john76@gmail.com,"Số 126, Đường Quang Trung, Phường Thạch Thang, Tỉnh Lạng Sơn",4791347431110279
996,Dương Trung,Nam,1996-05-13,Tỉnh Cao Bằng,004096438634,0857022700,wpham@gmail.com,"Số 193, Đường Đại Cồ Việt, Phường An Khánh, Tỉnh Cao Bằng",4568591069465296
997,Lê Anh,Nam,1974-10-25,Tỉnh Quảng Trị,044074442162,0828411607,janeduong@gmail.com,"Số 46, Đường Cầu Giấy, Phường Lăng Cô, Tỉnh Quảng Trị",4815779706432966
998,Phạm Tú,Nam,2006-11-08,Tỉnh Tuyên Quang,008206873352,0841735532,duongjane@gmail.com,"Số 282, Đường Trần Hưng Đạo, Phường Tân Định, Tỉnh Tuyên Quang",4669900339007556
999,Dương Khoa,Nam,1971-11-08,Thành phố Hải Phòng,031071557481,0330643881,xbui@gmail.com,"Số 220, Đường Nguyễn Chí Thanh, Phường Bến Nghé, Thành phố Hải Phòng",30535715017835
1000,Trần Xuân,Nữ,1998-01-26,Tỉnh Đắc Lắc,066198171568,0811054458,hoangjohn@gmail.com,"Số 112, Đường Giải Phóng, Phường Lăng Cô, Tỉnh Đắc Lắc",4354418956802183
